Time;Type;Volume;Symbol;Price;S/L;T/P;Time;Price;Commission;Swap;Profit;Comment
2026.05.29 17:01:49;Buy;50.00;XAUUSD;4 543.68;4 548.42;4 553.68;2026.05.29 17:02:13;4 548.42;-150.00;;23 700.00;[sl]
2026.05.29 09:00:11;Buy;50.00;XAUUSD;4 521.09;4 521.16;4 531.09;2026.05.29 09:00:15;4 521.16;-150.00;;350.00;[sl]
2026.05.28 10:15:03;Sell Stop;50.00;XAUUSD;4 366.36;4 368.76;4 356.36;2026.05.29 05:45:03;4 505.11;;;;cancelled
2026.05.29 04:15:18;Buy;50.00;XAUUSD;4 516.90;4 519.96;4 526.90;2026.05.29 04:18:49;4 519.96;-150.00;;15 300.00;[sl]
2026.05.28 17:14:50;Buy;50.00;XAUUSD;4 467.17;4 464.77;4 477.17;2026.05.28 17:14:58;4 464.77;-150.00;;-12 000.00;[sl]
2026.05.28 05:12:52;Sell;50.00;XAUUSD;4 401.25;4 400.08;4 391.25;2026.05.28 05:13:13;4 400.08;-150.00;;5 850.00;[sl]
2026.05.27 04:00:00;Buy Stop;50.00;XAUUSD;4 538.55;4 536.15;4 548.55;2026.05.28 04:00:02;4 458.77;;;;cancelled
2026.05.27 09:31:21;Sell;50.00;XAUUSD;4 482.37;4 481.41;4 472.37;2026.05.27 09:31:28;4 481.41;-150.00;;4 800.00;[sl]
2026.05.26 16:45:00;Buy Stop;50.00;XAUUSD;4 540.89;4 538.49;4 550.89;2026.05.27 04:00:00;4 515.11;;;;cancelled
2026.05.26 19:17:03;Sell;50.00;XAUUSD;4 500.40;4 502.80;4 490.40;2026.05.26 19:18:20;4 502.80;-150.00;;-12 000.00;[sl]
2026.05.26 05:15:03;Buy Stop;50.00;XAUUSD;4 580.66;4 578.26;4 590.66;2026.05.26 16:45:00;4 527.77;;;;cancelled
2026.05.26 07:37:00;Sell;50.00;XAUUSD;4 527.50;4 526.87;4 517.50;2026.05.26 07:37:47;4 526.87;-150.00;;3 150.00;[sl]
2026.05.26 03:01:50;Sell;50.00;XAUUSD;4 552.79;4 551.03;4 542.79;2026.05.26 03:02:13;4 551.03;-150.00;;8 800.00;[sl]
2026.05.25 20:13:07;Buy;50.00;XAUUSD;4 577.37;4 574.97;4 587.37;2026.05.25 20:14:00;4 574.97;-150.00;;-12 000.00;[sl]
2026.05.25 12:00:01;Sell Stop;50.00;XAUUSD;4 550.26;4 552.66;4 540.26;2026.05.25 18:15:04;4 570.41;;;;cancelled
2026.05.25 05:30:03;Buy Stop;50.00;XAUUSD;4 580.63;4 578.23;4 590.63;2026.05.25 17:45:03;4 567.36;;;;cancelled
2026.05.22 20:00:05;Sell Stop;50.00;XAUUSD;4 490.36;4 492.76;4 480.36;2026.05.25 12:00:01;4 556.19;;;;cancelled
2026.05.25 01:05:00;Buy;50.00;XAUUSD;4 537.17;4 534.77;4 547.17;2026.05.25 01:05:00;4 547.17;-150.00;;50 000.00;[tp]
2026.05.22 17:00:30;Sell;50.00;XAUUSD;4 507.13;4 509.53;4 497.13;2026.05.22 17:01:06;4 509.53;-150.00;;-12 000.00;[sl]
2026.05.21 23:45:04;Buy Stop;50.00;XAUUSD;4 559.64;4 557.24;4 569.64;2026.05.22 16:00:10;4 529.35;;;;cancelled
2026.05.22 09:00:06;Sell Stop;50.00;XAUUSD;4 488.55;4 490.95;4 478.55;2026.05.22 11:45:04;4 522.82;;;;cancelled
2026.05.22 08:56:29;Sell;50.00;XAUUSD;4 518.37;4 516.66;4 508.37;2026.05.22 08:56:35;4 516.66;-150.00;;8 550.00;[sl]
2026.05.21 19:30:03;Sell Stop;50.00;XAUUSD;4 488.55;4 490.95;4 478.55;2026.05.22 08:30:04;4 527.42;;;;cancelled
2026.05.21 20:20:38;Buy;50.00;XAUUSD;4 543.47;4 544.33;4 553.47;2026.05.21 20:21:22;4 544.33;-150.00;;4 300.00;[sl]
2026.05.21 07:30:02;Buy Stop;50.00;XAUUSD;4 571.12;4 568.72;4 581.12;2026.05.21 15:30:01;4 507.48;;;;cancelled
2026.05.21 13:27:00;Sell;50.00;XAUUSD;4 511.76;4 514.16;4 501.76;2026.05.21 13:27:03;4 514.16;-150.00;;-12 000.00;[sl]
2026.05.20 20:00:01;Sell Stop;50.00;XAUUSD;4 466.88;4 469.28;4 456.88;2026.05.21 13:15:02;4 532.63;;;;cancelled
2026.05.21 03:15:35;Buy;50.00;XAUUSD;4 552.99;4 550.59;4 562.99;2026.05.21 03:15:41;4 550.59;-150.00;;-12 000.00;[sl]
2026.05.20 09:00:01;Sell Stop;50.00;XAUUSD;4 453.44;4 455.84;4 443.44;2026.05.20 20:00:00;4 534.88;;;;cancelled
2026.05.20 17:22:28;Buy;50.00;XAUUSD;4 509.38;4 509.90;4 519.38;2026.05.20 17:22:30;4 509.90;-150.00;;2 600.00;[sl]
2026.05.19 13:45:02;Buy Stop;50.00;XAUUSD;4 559.71;4 557.31;4 569.71;2026.05.20 06:45:02;4 461.15;;;;cancelled
2026.05.20 04:36:09;Sell;50.00;XAUUSD;4 464.69;4 462.01;4 454.69;2026.05.20 04:36:24;4 462.01;-150.00;;13 400.00;[sl]
2026.05.19 06:00:07;Buy Stop;50.00;XAUUSD;4 589.69;4 587.29;4 599.69;2026.05.19 13:45:01;4 529.09;;;;cancelled
2026.05.19 13:43:41;Sell;50.00;XAUUSD;4 530.71;4 529.13;4 520.71;2026.05.19 13:43:53;4 529.13;-150.00;;7 900.00;[sl]
2026.05.18 17:00:05;Sell Stop;50.00;XAUUSD;4 529.76;4 532.16;4 519.76;2026.05.19 11:15:00;4 546.44;;;;cancelled
2026.05.19 02:13:47;Buy;50.00;XAUUSD;4 584.54;4 586.13;4 594.54;2026.05.19 02:13:52;4 586.13;-150.00;;7 950.00;[sl]
2026.05.18 06:45:01;Sell Stop;50.00;XAUUSD;4 480.17;4 482.57;4 470.17;2026.05.18 17:00:05;4 573.85;;;;cancelled
2026.05.18 14:41:25;Buy;50.00;XAUUSD;4 560.30;4 565.86;4 570.30;2026.05.18 14:42:04;4 565.86;-150.00;;27 800.00;[sl]
2026.05.14 13:30:02;Buy Stop;50.00;XAUUSD;4 719.08;4 716.68;4 729.08;2026.05.18 13:30:04;4 539.90;;;;cancelled
2026.05.18 03:33:19;Sell;50.00;XAUUSD;4 511.27;4 510.40;4 501.27;2026.05.18 03:33:25;4 510.40;-150.00;;4 350.00;[sl]
2026.05.15 16:37:26;Sell;50.00;XAUUSD;4 531.59;4 529.46;4 521.59;2026.05.15 16:37:32;4 529.46;-150.00;;10 650.00;[sl]
2026.05.14 22:29:56;Sell;50.00;XAUUSD;4 666.46;4 663.51;4 656.46;2026.05.14 22:30:05;4 663.51;-150.00;;14 750.00;[sl]
2026.05.14 16:42:28;Sell;50.00;XAUUSD;4 668.51;4 668.36;4 658.51;2026.05.14 16:42:29;4 668.36;-150.00;;750.00;[sl]
2026.05.14 10:35:06;Buy;50.00;XAUUSD;4 713.06;4 710.66;4 723.06;2026.05.14 10:35:18;4 710.66;-150.00;;-12 000.00;[sl]
2026.05.14 07:32:37;Buy;50.00;XAUUSD;4 710.17;4 707.77;4 720.17;2026.05.14 07:32:54;4 707.77;-150.00;;-12 000.00;[sl]
2026.05.14 07:00:38;Sell;50.00;XAUUSD;4 669.20;4 671.60;4 659.20;2026.05.14 07:00:48;4 671.60;-150.00;;-12 000.00;[sl]
2026.05.13 12:15:02;Buy Stop;50.00;XAUUSD;4 715.80;4 713.40;4 725.80;2026.05.13 22:15:00;4 689.22;;;;cancelled
2026.05.13 15:22:41;Sell;50.00;XAUUSD;4 685.80;4 688.20;4 675.80;2026.05.13 15:22:58;4 688.20;-150.00;;-12 000.00;[sl]
2026.05.13 12:22:33;Sell;50.00;XAUUSD;4 687.43;4 686.96;4 677.43;2026.05.13 12:24:48;4 686.96;-150.00;;2 350.00;[sl]
2026.05.13 06:00:06;Buy Stop;50.00;XAUUSD;4 727.09;4 724.69;4 737.09;2026.05.13 12:15:01;4 694.27;;;;cancelled
2026.05.12 21:15:03;Sell Stop;50.00;XAUUSD;4 637.94;4 640.34;4 627.94;2026.05.13 08:45:01;4 697.10;;;;cancelled
2026.05.12 22:53:51;Buy;50.00;XAUUSD;4 711.93;4 712.87;4 721.93;2026.05.12 22:54:10;4 712.87;-150.00;;4 700.00;[sl]
2026.05.12 06:15:00;Buy Stop;50.00;XAUUSD;4 773.81;4 771.41;4 783.81;2026.05.12 18:45:02;4 665.95;;;;cancelled
2026.05.12 18:22:47;Sell;50.00;XAUUSD;4 647.87;4 643.23;4 637.87;2026.05.12 18:23:05;4 643.23;-150.00;;23 200.00;[sl]
2026.05.12 13:39:46;Sell;50.00;XAUUSD;4 686.89;4 686.50;4 676.89;2026.05.12 13:39:50;4 686.50;-150.00;;1 950.00;[sl]
2026.05.11 11:45:02;Sell Stop;50.00;XAUUSD;4 647.87;4 650.27;4 637.87;2026.05.12 13:00:02;4 699.14;;;;cancelled
2026.05.12 01:46:25;Buy;50.00;XAUUSD;4 748.90;4 753.87;4 758.90;2026.05.12 01:46:29;4 753.87;-150.00;;24 850.00;[sl]
2026.05.08 20:00:00;Buy Stop;50.00;XAUUSD;4 749.79;4 747.39;4 759.79;2026.05.11 19:45:02;4 709.87;;;;cancelled
2026.05.11 07:30:42;Sell;50.00;XAUUSD;4 669.95;4 669.60;4 659.95;2026.05.11 07:30:44;4 669.60;-150.00;;1 750.00;[sl]
2026.05.11 01:05:00;Sell;50.00;XAUUSD;4 701.83;4 704.23;4 691.83;2026.05.11 01:05:00;4 691.83;-150.00;;50 000.00;[tp]
2026.05.08 13:15:07;Sell Stop;50.00;XAUUSD;4 696.82;4 699.22;4 686.82;2026.05.08 21:45:00;4 724.21;;;;cancelled
2026.05.08 16:30:39;Buy;50.00;XAUUSD;4 734.90;4 734.98;4 744.90;2026.05.08 16:30:51;4 734.98;-150.00;;400.00;[sl]
2026.05.08 04:00:01;Sell Stop;50.00;XAUUSD;4 677.29;4 679.69;4 667.29;2026.05.08 13:15:06;4 719.32;;;;cancelled
2026.05.08 09:30:02;Buy Stop;50.00;XAUUSD;4 765.15;4 762.75;4 775.15;2026.05.08 12:15:02;4 718.81;;;;cancelled
2026.05.08 09:28:56;Buy;50.00;XAUUSD;4 733.07;4 733.76;4 743.07;2026.05.08 09:29:04;4 733.76;-150.00;;3 450.00;[sl]
2026.05.07 21:00:00;Buy Stop;50.00;XAUUSD;4 765.15;4 762.75;4 775.15;2026.05.08 08:00:02;4 710.65;;;;cancelled
2026.05.08 01:15:02;Sell Stop;50.00;XAUUSD;4 660.20;4 662.60;4 650.20;2026.05.08 04:00:01;4 702.59;;;;cancelled
2026.05.07 23:56:28;Sell;50.00;XAUUSD;4 687.54;4 687.43;4 677.54;2026.05.07 23:57:13;4 687.43;-150.00;;550.00;[sl]
2026.05.06 18:15:02;Sell Stop;50.00;XAUUSD;4 660.20;4 662.60;4 650.20;2026.05.07 23:15:02;4 711.57;;;;cancelled
2026.05.07 16:32:56;Buy;50.00;XAUUSD;4 753.85;4 754.15;4 763.85;2026.05.07 16:32:59;4 754.15;-150.00;;1 500.00;[sl]
2026.05.07 09:31:31;Buy;50.00;XAUUSD;4 721.62;4 723.41;4 731.62;2026.05.07 09:31:34;4 723.41;-150.00;;8 950.00;[sl]
2026.05.06 16:45:01;Buy Stop;50.00;XAUUSD;4 723.39;4 720.99;4 733.39;2026.05.07 07:45:01;4 698.23;;;;cancelled
2026.05.06 04:30:02;Sell Stop;50.00;XAUUSD;4 546.10;4 548.50;4 536.10;2026.05.06 18:15:02;4 696.74;;;;cancelled
2026.05.04 22:00:00;Sell Stop;50.00;XAUUSD;4 500.48;4 502.88;4 490.48;2026.05.06 04:30:01;4 624.65;;;;cancelled
2026.05.06 02:12:50;Buy;50.00;XAUUSD;4 586.97;4 588.39;4 596.97;2026.05.06 02:13:20;4 588.39;-150.00;;7 100.00;[sl]
2026.05.05 16:17:19;Buy;50.00;XAUUSD;4 583.59;4 584.04;4 593.59;2026.05.05 16:17:26;4 584.04;-150.00;;2 250.00;[sl]
2026.05.01 20:15:03;Buy Stop;50.00;XAUUSD;4 660.70;4 658.30;4 670.70;2026.05.04 20:30:05;4 524.94;;;;cancelled
2026.05.04 18:21:37;Sell;50.00;XAUUSD;4 525.80;4 524.23;4 515.80;2026.05.04 18:21:38;4 524.23;-150.00;;7 850.00;[sl]
2026.05.04 13:03:52;Sell;50.00;XAUUSD;4 560.06;4 557.65;4 550.06;2026.05.04 13:03:55;4 557.65;-150.00;;12 050.00;[sl]
2026.05.04 09:05:15;Sell;50.00;XAUUSD;4 590.80;4 589.89;4 580.80;2026.05.04 09:05:43;4 589.89;-150.00;;4 550.00;[sl]
2026.05.04 03:15:01;Sell Stop;50.00;XAUUSD;4 560.06;4 562.46;4 550.06;2026.05.04 08:30:07;4 596.42;;;;cancelled
2026.05.04 03:01:38;Sell;50.00;XAUUSD;4 606.76;4 605.70;4 596.76;2026.05.04 03:02:09;4 605.70;-150.00;;5 300.00;[sl]
2026.05.01 15:45:01;Sell Stop;50.00;XAUUSD;4 560.06;4 562.46;4 550.06;2026.05.04 03:00:01;4 612.25;;;;cancelled
2026.05.01 17:00:40;Buy;50.00;XAUUSD;4 636.37;4 633.97;4 646.37;2026.05.01 17:00:56;4 633.97;-150.00;;-12 000.00;[sl]
2026.05.01 07:32:51;Sell;50.00;XAUUSD;4 613.61;4 613.40;4 603.61;2026.05.01 07:33:03;4 613.40;-150.00;;1 050.00;[sl]
2026.04.30 22:45:02;Sell Stop;50.00;XAUUSD;4 605.19;4 607.59;4 595.19;2026.05.01 07:15:03;4 621.55;;;;cancelled
2026.05.01 05:17:17;Buy;50.00;XAUUSD;4 636.13;4 633.73;4 646.13;2026.05.01 05:18:36;4 633.73;-150.00;;-12 000.00;[sl]
2026.04.30 16:30:02;Buy Stop;50.00;XAUUSD;4 647.35;4 644.95;4 657.35;2026.05.01 04:00:03;4 619.38;;;;cancelled
2026.04.30 10:30:07;Sell Stop;50.00;XAUUSD;4 540.66;4 543.06;4 530.66;2026.04.30 22:45:02;4 622.65;;;;cancelled
2026.04.29 19:45:00;Sell Stop;50.00;XAUUSD;4 510.02;4 512.42;4 500.02;2026.04.30 10:30:07;4 591.88;;;;cancelled
2026.04.30 09:52:57;Buy;50.00;XAUUSD;4 582.83;4 586.03;4 592.83;2026.04.30 09:55:50;4 586.03;-150.00;;16 000.00;[sl]
2026.04.29 11:00:02;Buy Stop;50.00;XAUUSD;4 608.19;4 605.79;4 618.19;2026.04.30 07:45:02;4 544.84;;;;cancelled
2026.04.29 06:00:01;Buy Stop;50.00;XAUUSD;4 610.70;4 608.30;4 620.70;2026.04.29 11:00:02;4 570.55;;;;cancelled
2026.04.29 10:24:34;Sell;50.00;XAUUSD;4 575.71;4 575.40;4 565.71;2026.04.29 10:24:46;4 575.40;-150.00;;1 550.00;[sl]
2026.04.28 18:00:05;Sell Stop;50.00;XAUUSD;4 554.68;4 557.08;4 544.68;2026.04.29 07:00:03;4 595.63;;;;cancelled
2026.04.29 03:01:07;Buy;50.00;XAUUSD;4 601.75;4 604.09;4 611.75;2026.04.29 03:01:30;4 604.09;-150.00;;11 700.00;[sl]
2026.04.28 06:00:01;Buy Stop;50.00;XAUUSD;4 701.50;4 699.10;4 711.50;2026.04.28 23:30:01;4 592.95;;;;cancelled
2026.04.28 08:00:35;Sell;50.00;XAUUSD;4 666.25;4 664.60;4 656.25;2026.04.28 08:00:56;4 664.60;-150.00;;8 250.00;[sl]
2026.04.27 10:30:03;Buy Stop;50.00;XAUUSD;4 730.33;4 727.93;4 740.33;2026.04.28 06:00:01;4 669.16;;;;cancelled
2026.04.28 05:00:06;Sell;50.00;XAUUSD;4 667.05;4 669.45;4 657.05;2026.04.28 05:03:08;4 669.45;-150.00;;-12 000.00;[sl]
2026.04.27 18:02:29;Sell;50.00;XAUUSD;4 672.11;4 670.55;4 662.11;2026.04.27 18:02:31;4 670.55;-150.00;;7 800.00;[sl]
2026.04.27 15:41:39;Sell;50.00;XAUUSD;4 699.08;4 698.25;4 689.08;2026.04.27 15:42:38;4 698.25;-150.00;;4 150.00;[sl]
2026.04.27 06:00:02;Sell Stop;50.00;XAUUSD;4 672.11;4 674.51;4 662.11;2026.04.27 15:30:00;4 707.02;;;;cancelled
2026.04.24 20:00:02;Buy Stop;50.00;XAUUSD;4 740.60;4 738.20;4 750.60;2026.04.27 10:30:02;4 715.99;;;;cancelled
2026.04.24 10:30:01;Sell Stop;50.00;XAUUSD;4 657.52;4 659.92;4 647.52;2026.04.27 06:00:02;4 718.76;;;;cancelled
2026.04.24 14:24:31;Buy;50.00;XAUUSD;4 711.53;4 709.13;4 721.53;2026.04.24 14:24:44;4 709.13;-150.00;;-12 000.00;[sl]
2026.04.24 07:22:09;Sell;50.00;XAUUSD;4 664.02;4 662.98;4 654.02;2026.04.24 07:23:10;4 662.98;-150.00;;5 200.00;[sl]
2026.04.23 18:45:00;Buy Stop;50.00;XAUUSD;4 743.57;4 741.17;4 753.57;2026.04.24 07:15:01;4 670.42;;;;cancelled
2026.04.23 20:42:13;Sell;50.00;XAUUSD;4 684.07;4 686.47;4 674.07;2026.04.23 20:42:22;4 686.47;-150.00;;-12 000.00;[sl]
2026.04.23 15:00:45;Buy;50.00;XAUUSD;4 725.19;4 725.61;4 735.19;2026.04.23 15:00:50;4 725.61;-150.00;;2 100.00;[sl]
2026.04.23 06:45:01;Buy Stop;50.00;XAUUSD;4 753.91;4 751.51;4 763.91;2026.04.23 14:00:00;4 697.00;;;;cancelled
2026.04.23 13:09:30;Sell;50.00;XAUUSD;4 692.65;4 692.26;4 682.65;2026.04.23 13:10:09;4 692.26;-150.00;;1 950.00;[sl]
2026.04.23 08:30:46;Sell;50.00;XAUUSD;4 694.04;4 696.44;4 684.04;2026.04.23 08:30:55;4 696.44;-150.00;;-12 000.00;[sl]
2026.04.22 13:00:01;Buy Stop;50.00;XAUUSD;4 772.58;4 770.18;4 782.58;2026.04.23 06:45:00;4 705.62;;;;cancelled
2026.04.23 02:15:04;Sell Stop;50.00;XAUUSD;4 668.33;4 670.73;4 658.33;2026.04.23 06:15:02;4 702.28;;;;cancelled
2026.04.23 02:01:26;Sell;50.00;XAUUSD;4 723.76;4 726.16;4 713.76;2026.04.23 02:01:53;4 726.16;-150.00;;-12 000.00;[sl]
2026.04.22 02:30:04;Sell Stop;50.00;XAUUSD;4 668.33;4 670.73;4 658.33;2026.04.22 22:30:00;4 744.75;;;;cancelled
2026.04.21 17:45:03;Buy Stop;50.00;XAUUSD;4 798.41;4 796.01;4 808.41;2026.04.22 13:00:00;4 755.66;;;;cancelled
2026.04.21 04:15:02;Buy Stop;50.00;XAUUSD;4 833.68;4 831.28;4 843.68;2026.04.21 17:45:02;4 744.03;;;;cancelled
2026.04.21 15:30:33;Sell;50.00;XAUUSD;4 772.42;4 770.52;4 762.42;2026.04.21 15:30:39;4 770.52;-150.00;;9 500.00;[sl]
2026.04.20 05:45:02;Sell Stop;50.00;XAUUSD;4 736.76;4 739.16;4 726.76;2026.04.21 13:00:01;4 782.95;;;;cancelled
2026.04.21 01:15:02;Buy Stop;50.00;XAUUSD;4 890.11;4 887.71;4 900.11;2026.04.21 04:15:01;4 815.28;;;;cancelled
2026.04.21 01:06:48;Buy;50.00;XAUUSD;4 828.04;4 829.42;4 838.04;2026.04.21 01:07:07;4 829.42;-150.00;;6 900.00;[sl]
2026.04.20 15:00:02;Buy Stop;50.00;XAUUSD;4 890.11;4 887.71;4 900.11;2026.04.20 20:30:02;4 809.57;;;;cancelled
2026.04.20 14:53:13;Buy;50.00;XAUUSD;4 806.03;4 807.10;4 816.03;2026.04.20 14:53:51;4 807.10;-150.00;;5 350.00;[sl]
2026.04.17 19:00:02;Buy Stop;50.00;XAUUSD;4 890.11;4 887.71;4 900.11;2026.04.20 13:15:01;4 796.07;;;;cancelled
2026.04.20 01:05:00;Sell;50.00;XAUUSD;4 778.60;4 774.95;4 768.60;2026.04.20 01:05:04;4 774.95;-150.00;;18 250.00;[sl]
2026.04.17 14:47:42;Buy;50.00;XAUUSD;4 806.52;4 809.77;4 816.52;2026.04.17 14:48:10;4 809.77;-150.00;;16 250.00;[sl]
2026.04.17 07:30:02;Sell Stop;50.00;XAUUSD;4 767.50;4 769.90;4 757.50;2026.04.17 13:45:02;4 785.06;;;;cancelled
2026.04.17 07:42:47;Buy;50.00;XAUUSD;4 801.41;4 799.01;4 811.41;2026.04.17 07:45:29;4 799.01;-150.00;;-12 000.00;[sl]
2026.04.16 19:30:01;Buy Stop;50.00;XAUUSD;4 824.07;4 821.67;4 834.07;2026.04.17 06:45:02;4 794.35;;;;cancelled
2026.04.17 04:12:20;Sell;50.00;XAUUSD;4 772.97;4 775.37;4 762.97;2026.04.17 04:12:32;4 775.37;-150.00;;-12 000.00;[sl]
2026.04.16 11:00:02;Buy Stop;50.00;XAUUSD;4 838.69;4 836.29;4 848.69;2026.04.16 19:30:00;4 799.72;;;;cancelled
2026.04.16 16:52:18;Sell;50.00;XAUUSD;4 804.87;4 802.68;4 794.87;2026.04.16 16:52:20;4 802.68;-150.00;;10 950.00;[sl]
2026.04.15 21:30:01;Sell Stop;50.00;XAUUSD;4 786.71;4 789.11;4 776.71;2026.04.16 16:30:01;4 814.84;;;;cancelled
2026.04.16 08:06:18;Buy;50.00;XAUUSD;4 838.06;4 835.66;4 848.06;2026.04.16 08:07:19;4 835.66;-150.00;;-12 000.00;[sl]
2026.04.16 03:00:50;Buy;50.00;XAUUSD;4 830.78;4 828.38;4 840.78;2026.04.16 03:03:12;4 828.38;-150.00;;-12 000.00;[sl]
2026.04.15 15:45:03;Sell Stop;50.00;XAUUSD;4 786.68;4 789.08;4 776.68;2026.04.15 21:30:01;4 795.18;;;;cancelled
2026.04.15 07:15:03;Buy Stop;50.00;XAUUSD;4 871.60;4 869.20;4 881.60;2026.04.15 20:15:02;4 798.49;;;;cancelled
2026.04.14 16:30:06;Sell Stop;50.00;XAUUSD;4 753.85;4 756.25;4 743.85;2026.04.15 15:45:03;4 811.96;;;;cancelled
2026.04.15 04:11:58;Buy;50.00;XAUUSD;4 851.11;4 848.71;4 861.11;2026.04.15 04:13:02;4 848.71;-150.00;;-12 000.00;[sl]
2026.04.14 16:37:42;Buy;50.00;XAUUSD;4 796.88;4 798.35;4 806.88;2026.04.14 16:38:12;4 798.35;-150.00;;7 350.00;[sl]
2026.04.14 13:39:02;Sell;50.00;XAUUSD;4 757.78;4 755.43;4 747.78;2026.04.14 13:39:03;4 755.43;-150.00;;11 750.00;[sl]
2026.04.13 21:00:00;Sell Stop;50.00;XAUUSD;4 700.16;4 702.56;4 690.16;2026.04.14 11:30:01;4 786.22;;;;cancelled
2026.04.14 09:52:59;Buy;50.00;XAUUSD;4 777.52;4 780.62;4 787.52;2026.04.14 09:53:44;4 780.62;-150.00;;15 500.00;[sl]
2026.04.14 01:06:21;Buy;50.00;XAUUSD;4 750.33;4 747.93;4 760.33;2026.04.14 01:08:32;4 747.93;-150.00;;-12 000.00;[sl]
2026.04.13 19:47:20;Buy;50.00;XAUUSD;4 744.85;4 745.07;4 754.85;2026.04.13 19:47:24;4 745.07;-150.00;;1 100.00;[sl]
2026.04.13 18:05:55;Sell;50.00;XAUUSD;4 703.42;4 705.82;4 693.42;2026.04.13 18:06:18;4 705.82;-150.00;;-12 000.00;[sl]
2026.04.13 04:00:03;Sell Stop;50.00;XAUUSD;4 637.88;4 640.28;4 627.88;2026.04.13 18:00:03;4 719.44;;;;cancelled
2026.04.13 16:49:56;Buy;50.00;XAUUSD;4 740.22;4 741.26;4 750.22;2026.04.13 16:50:08;4 741.26;-150.00;;5 200.00;[sl]
2026.04.10 20:30:10;Buy Stop;50.00;XAUUSD;4 795.40;4 793.00;4 805.40;2026.04.13 13:45:03;4 718.03;;;;cancelled
2026.04.13 01:05:00;Sell;50.00;XAUUSD;4 730.25;4 732.65;4 720.25;2026.04.13 01:05:00;4 720.25;-150.00;;50 000.00;[tp]
2026.04.10 23:25:13;Sell;50.00;XAUUSD;4 747.30;4 746.57;4 737.30;2026.04.10 23:25:28;4 746.57;-150.00;;3 650.00;[sl]
2026.04.10 14:45:03;Sell Stop;50.00;XAUUSD;4 730.25;4 732.65;4 720.25;2026.04.10 22:00:05;4 766.26;;;;cancelled
2026.04.09 23:30:02;Buy Stop;50.00;XAUUSD;4 801.57;4 799.17;4 811.57;2026.04.10 20:30:09;4 761.41;;;;cancelled
2026.04.10 12:00:00;Sell Stop;50.00;XAUUSD;4 698.77;4 701.17;4 688.77;2026.04.10 14:45:03;4 766.98;;;;cancelled
2026.04.10 11:47:30;Sell;50.00;XAUUSD;4 737.89;4 735.65;4 727.89;2026.04.10 11:47:35;4 735.65;-150.00;;11 200.00;[sl]
2026.04.09 06:00:08;Sell Stop;50.00;XAUUSD;4 698.77;4 701.17;4 688.77;2026.04.10 08:45:00;4 764.89;;;;cancelled
2026.04.08 06:00:01;Buy Stop;50.00;XAUUSD;4 857.78;4 855.38;4 867.78;2026.04.09 23:30:02;4 770.19;;;;cancelled
2026.04.09 03:15:00;Sell Stop;50.00;XAUUSD;4 607.35;4 609.75;4 597.35;2026.04.09 06:00:03;4 718.18;;;;cancelled
2026.04.09 03:07:33;Sell;50.00;XAUUSD;4 699.57;4 701.97;4 689.57;2026.04.09 03:08:05;4 701.97;-150.00;;-12 000.00;[sl]
2026.04.08 21:00:02;Sell Stop;50.00;XAUUSD;4 607.35;4 609.75;4 597.35;2026.04.09 02:00:05;4 717.34;;;;cancelled
2026.04.08 20:55:58;Sell;50.00;XAUUSD;4 731.99;4 734.39;4 721.99;2026.04.08 20:56:22;4 734.39;-150.00;;-12 000.00;[sl]
2026.04.07 20:00:02;Sell Stop;50.00;XAUUSD;4 607.35;4 609.75;4 597.35;2026.04.08 20:45:01;4 740.50;;;;cancelled
2026.04.07 22:20:14;Buy;50.00;XAUUSD;4 694.82;4 698.86;4 704.82;2026.04.07 22:20:30;4 698.86;-150.00;;20 200.00;[sl]
2026.04.07 17:03:08;Sell;50.00;XAUUSD;4 628.66;4 628.44;4 618.66;2026.04.07 17:03:27;4 628.44;-150.00;;1 100.00;[sl]
2026.04.07 07:45:07;Sell Stop;50.00;XAUUSD;4 616.00;4 618.40;4 606.00;2026.04.07 17:00:06;4 642.90;;;;cancelled
2026.04.06 15:30:03;Buy Stop;50.00;XAUUSD;4 707.00;4 704.60;4 717.00;2026.04.07 15:15:00;4 655.04;;;;cancelled
2026.04.07 04:15:00;Sell Stop;50.00;XAUUSD;4 600.60;4 603.00;4 590.60;2026.04.07 07:45:07;4 661.60;;;;cancelled
2026.04.07 04:00:02;Sell;50.00;XAUUSD;4 645.33;4 647.73;4 635.33;2026.04.07 04:00:04;4 635.33;-150.00;;50 000.00;[tp]
2026.04.06 06:15:01;Sell Stop;50.00;XAUUSD;4 600.60;4 603.00;4 590.60;2026.04.07 02:15:05;4 660.37;;;;cancelled
2026.04.06 12:00:23;Buy;50.00;XAUUSD;4 700.51;4 700.70;4 710.51;2026.04.06 12:00:26;4 700.70;-150.00;;950.00;[sl]
2026.04.02 12:00:02;Sell Stop;50.00;XAUUSD;4 553.52;4 555.92;4 543.52;2026.04.06 06:15:00;4 633.38;;;;cancelled
2026.04.02 05:30:06;Buy Stop;50.00;XAUUSD;4 800.78;4 798.38;4 810.78;2026.04.02 20:30:01;4 651.29;;;;cancelled
2026.04.02 08:33:52;Sell;50.00;XAUUSD;4 649.56;4 646.20;4 639.56;2026.04.02 08:33:57;4 646.20;-150.00;;16 800.00;[sl]
2026.04.02 04:32:16;Sell;50.00;XAUUSD;4 666.83;4 669.23;4 656.83;2026.04.02 04:32:20;4 656.83;-150.00;;50 000.00;[tp]
2026.04.02 02:15:12;Buy;50.00;XAUUSD;4 793.22;4 790.82;4 803.22;2026.04.02 02:15:21;4 790.82;-150.00;;-12 000.00;[sl]
2026.04.01 17:53:39;Buy;50.00;XAUUSD;4 763.41;4 765.70;4 773.41;2026.04.01 17:53:43;4 765.70;-150.00;;11 450.00;[sl]
2026.04.01 14:30:49;Buy;50.00;XAUUSD;4 748.04;4 749.21;4 758.04;2026.04.01 14:31:09;4 749.21;-150.00;;5 850.00;[sl]
2026.03.31 16:30:02;Sell Stop;50.00;XAUUSD;4 529.37;4 531.77;4 519.37;2026.04.01 10:15:04;4 714.93;;;;cancelled
2026.04.01 09:48:13;Buy;50.00;XAUUSD;4 724.47;4 726.10;4 734.47;2026.04.01 09:48:39;4 726.10;-150.00;;8 150.00;[sl]
2026.03.31 17:02:51;Buy;50.00;XAUUSD;4 619.89;4 622.21;4 629.89;2026.03.31 17:02:55;4 622.21;-150.00;;11 600.00;[sl]
2026.03.31 13:45:01;Sell Stop;50.00;XAUUSD;4 482.49;4 484.89;4 472.49;2026.03.31 16:30:01;4 575.71;;;;cancelled
2026.03.31 13:38:58;Sell;50.00;XAUUSD;4 543.17;4 538.13;4 533.17;2026.03.31 13:39:02;4 538.13;-150.00;;25 200.00;[sl]
2026.03.31 06:15:03;Sell Stop;50.00;XAUUSD;4 482.49;4 484.89;4 472.49;2026.03.31 13:15:06;4 556.31;;;;cancelled
2026.03.30 21:00:01;Sell Stop;50.00;XAUUSD;4 419.00;4 421.40;4 409.00;2026.03.31 06:15:03;4 571.35;;;;cancelled
2026.03.31 04:24:56;Buy;50.00;XAUUSD;4 581.21;4 583.53;4 591.21;2026.03.31 04:24:56;4 583.53;-150.00;;11 600.00;[sl]
2026.03.30 20:57:11;Sell;50.00;XAUUSD;4 512.32;4 514.72;4 502.32;2026.03.30 20:59:25;4 514.72;-150.00;;-12 000.00;[sl]
2026.03.30 06:00:01;Sell Stop;50.00;XAUUSD;4 419.00;4 421.40;4 409.00;2026.03.30 20:15:02;4 522.72;;;;cancelled
2026.03.30 14:42:37;Buy;50.00;XAUUSD;4 551.02;4 548.62;4 561.02;2026.03.30 14:42:37;4 548.62;-150.00;;-12 000.00;[sl]
2026.03.27 21:15:05;Buy Stop;50.00;XAUUSD;4 555.83;4 553.43;4 565.83;2026.03.30 12:45:01;4 536.79;;;;cancelled
2026.03.27 17:00:03;Sell Stop;50.00;XAUUSD;4 404.09;4 406.49;4 394.09;2026.03.30 06:00:00;4 481.03;;;;cancelled
2026.03.27 17:47:42;Buy;50.00;XAUUSD;4 475.49;4 473.09;4 485.49;2026.03.27 17:47:59;4 473.09;-150.00;;-12 000.00;[sl]
2026.03.27 03:00:02;Sell Stop;50.00;XAUUSD;4 350.90;4 353.30;4 340.90;2026.03.27 17:00:02;4 433.00;;;;cancelled
2026.03.26 20:30:01;Buy Stop;50.00;XAUUSD;4 479.95;4 477.55;4 489.95;2026.03.27 11:30:02;4 434.41;;;;cancelled
2026.03.26 22:54:43;Sell;50.00;XAUUSD;4 366.50;4 365.68;4 356.50;2026.03.26 22:54:44;4 365.68;-150.00;;4 100.00;[sl]
2026.03.26 07:00:06;Buy Stop;50.00;XAUUSD;4 544.86;4 542.46;4 554.86;2026.03.26 20:30:01;4 384.34;;;;cancelled
2026.03.26 19:21:27;Sell;50.00;XAUUSD;4 412.35;4 411.05;4 402.35;2026.03.26 19:21:29;4 411.05;-150.00;;6 500.00;[sl]
2026.03.26 08:30:06;Sell;50.00;XAUUSD;4 486.76;4 482.38;4 476.76;2026.03.26 08:30:08;4 482.38;-150.00;;21 900.00;[sl]
2026.03.25 17:30:01;Buy Stop;50.00;XAUUSD;4 586.18;4 583.78;4 596.18;2026.03.26 07:00:05;4 516.57;;;;cancelled
2026.03.25 22:08:48;Sell;50.00;XAUUSD;4 521.53;4 519.95;4 511.53;2026.03.25 22:08:49;4 519.95;-150.00;;7 900.00;[sl]
2026.03.25 13:00:02;Sell Stop;50.00;XAUUSD;4 351.02;4 353.42;4 341.02;2026.03.25 18:30:00;4 560.85;;;;cancelled
2026.03.25 08:45:00;Buy Stop;50.00;XAUUSD;4 603.00;4 600.60;4 613.00;2026.03.25 17:30:00;4 563.13;;;;cancelled
2026.03.25 12:48:14;Sell;50.00;XAUUSD;4 532.97;4 532.38;4 522.97;2026.03.25 12:48:23;4 532.38;-150.00;;2 950.00;[sl]
2026.03.24 19:30:02;Sell Stop;50.00;XAUUSD;4 351.02;4 353.42;4 341.02;2026.03.25 12:00:01;4 556.16;;;;cancelled
2026.03.24 23:24:08;Buy;50.00;XAUUSD;4 442.33;4 445.63;4 452.33;2026.03.24 23:24:23;4 452.33;-150.00;;50 000.00;[tp]
2026.03.24 08:00:04;Sell Stop;50.00;XAUUSD;4 305.72;4 308.12;4 295.72;2026.03.24 19:30:01;4 421.14;;;;cancelled
2026.03.24 14:00:01;Buy Stop;50.00;XAUUSD;4 513.25;4 510.85;4 523.25;2026.03.24 17:00:02;4 381.25;;;;cancelled
2026.03.24 13:55:55;Buy;50.00;XAUUSD;4 433.65;4 435.97;4 443.65;2026.03.24 13:56:22;4 435.97;-150.00;;11 600.00;[sl]
2026.03.23 20:15:02;Buy Stop;50.00;XAUUSD;4 513.25;4 510.85;4 523.25;2026.03.24 13:45:04;4 427.30;;;;cancelled
2026.03.23 13:15:01;Sell Stop;50.00;XAUUSD;4 098.59;4 100.99;4 088.59;2026.03.24 08:00:04;4 333.51;;;;cancelled
2026.03.20 09:30:01;Buy Stop;50.00;XAUUSD;4 736.19;4 733.79;4 746.19;2026.03.23 20:15:01;4 397.55;;;;cancelled
2026.03.23 08:45:22;Sell;50.00;XAUUSD;4 319.72;4 322.12;4 309.72;2026.03.23 08:47:26;4 322.12;-150.00;;-12 000.00;[sl]
2026.03.20 21:50:34;Sell;50.00;XAUUSD;4 502.32;4 502.11;4 492.32;2026.03.20 21:50:36;4 502.11;-150.00;;1 050.00;[sl]
2026.03.20 21:22:53;Sell;50.00;XAUUSD;4 540.52;4 542.92;4 530.52;2026.03.20 21:22:57;4 542.92;-150.00;;-12 000.00;[sl]
2026.03.20 13:00:03;Sell Stop;50.00;XAUUSD;4 502.32;4 504.72;4 492.32;2026.03.20 21:15:01;4 563.77;;;;cancelled
2026.03.20 12:58:22;Sell;50.00;XAUUSD;4 661.11;4 660.79;4 651.11;2026.03.20 12:58:27;4 660.79;-150.00;;1 600.00;[sl]
2026.03.19 19:00:00;Sell Stop;50.00;XAUUSD;4 502.32;4 504.72;4 492.32;2026.03.20 12:30:00;4 692.25;;;;cancelled
2026.03.19 07:30:01;Buy Stop;50.00;XAUUSD;4 867.54;4 865.14;4 877.54;2026.03.20 09:30:01;4 688.93;;;;cancelled
2026.03.19 09:35:11;Sell;50.00;XAUUSD;4 804.01;4 800.53;4 794.01;2026.03.19 09:35:34;4 800.53;-150.00;;17 400.00;[sl]
2026.03.19 01:15:03;Buy Stop;50.00;XAUUSD;4 899.60;4 897.20;4 909.60;2026.03.19 07:30:00;4 850.49;;;;cancelled
2026.03.18 12:30:03;Buy Stop;50.00;XAUUSD;5 016.69;5 014.29;5 026.69;2026.03.19 01:15:03;4 818.51;;;;cancelled
2026.03.18 23:11:50;Sell;50.00;XAUUSD;4 834.07;4 833.83;4 824.07;2026.03.18 23:12:00;4 833.83;-150.00;;1 200.00;[sl]
2026.03.18 11:45:36;Sell;50.00;XAUUSD;4 981.60;4 981.09;4 971.60;2026.03.18 11:45:44;4 981.09;-150.00;;2 550.00;[sl]
2026.03.17 21:30:00;Sell Stop;50.00;XAUUSD;4 973.39;4 975.79;4 963.39;2026.03.18 10:30:03;5 009.09;;;;cancelled
2026.03.18 09:36:24;Buy;50.00;XAUUSD;5 016.19;5 013.79;5 026.19;2026.03.18 09:37:09;5 013.79;-150.00;;-12 000.00;[sl]
2026.03.17 19:30:01;Buy Stop;50.00;XAUUSD;5 031.82;5 029.42;5 041.82;2026.03.18 07:15:01;4 990.68;;;;cancelled
2026.03.17 11:15:00;Buy Stop;50.00;XAUUSD;5 044.86;5 042.46;5 054.86;2026.03.17 19:30:00;5 004.22;;;;cancelled
2026.03.17 18:35:58;Sell;50.00;XAUUSD;4 991.94;4 991.40;4 981.94;2026.03.17 18:36:07;4 991.40;-150.00;;2 700.00;[sl]
2026.03.17 13:42:59;Sell;50.00;XAUUSD;4 994.55;4 993.16;4 984.55;2026.03.17 13:43:00;4 993.16;-150.00;;6 950.00;[sl]
2026.03.17 13:06:47;Sell;50.00;XAUUSD;5 004.89;5 004.46;4 994.89;2026.03.17 13:06:59;5 004.46;-150.00;;2 150.00;[sl]
2026.03.17 07:00:03;Sell Stop;50.00;XAUUSD;4 994.55;4 996.95;4 984.55;2026.03.17 12:15:00;5 014.10;;;;cancelled
2026.03.16 22:30:00;Sell Stop;50.00;XAUUSD;4 973.75;4 976.15;4 963.75;2026.03.17 07:00:03;5 027.24;;;;cancelled
2026.03.17 04:50:14;Buy;50.00;XAUUSD;5 022.07;5 024.27;5 032.07;2026.03.17 04:51:07;5 024.27;-150.00;;11 000.00;[sl]
2026.03.16 20:00:02;Buy Stop;50.00;XAUUSD;5 038.33;5 035.93;5 048.33;2026.03.17 03:15:37;5 007.33;;;;cancelled
2026.03.16 16:00:03;Sell Stop;50.00;XAUUSD;4 969.95;4 972.35;4 959.95;2026.03.16 22:30:00;5 010.39;;;;cancelled
2026.03.16 17:08:41;Buy;50.00;XAUUSD;5 036.44;5 037.12;5 046.44;2026.03.16 17:08:43;5 037.12;-150.00;;3 400.00;[sl]
2026.03.16 05:15:01;Sell Stop;50.00;XAUUSD;4 967.10;4 969.50;4 957.10;2026.03.16 16:00:03;5 020.74;;;;cancelled
2026.03.13 18:45:01;Buy Stop;50.00;XAUUSD;5 122.19;5 119.79;5 132.19;2026.03.16 12:15:00;4 985.14;;;;cancelled
2026.03.13 22:47:20;Sell;50.00;XAUUSD;5 018.81;5 015.81;5 008.81;2026.03.13 22:47:28;5 015.81;-150.00;;15 000.00;[sl]
2026.03.13 08:00:01;Buy Stop;50.00;XAUUSD;5 128.68;5 126.28;5 138.68;2026.03.13 18:45:00;5 046.83;;;;cancelled
2026.03.13 17:52:52;Sell;50.00;XAUUSD;5 061.17;5 060.93;5 051.17;2026.03.13 17:53:05;5 060.93;-150.00;;1 200.00;[sl]
2026.03.13 03:30:02;Sell Stop;50.00;XAUUSD;5 054.75;5 057.15;5 044.75;2026.03.13 14:15:02;5 090.86;;;;cancelled
2026.03.12 16:00:00;Buy Stop;50.00;XAUUSD;5 192.11;5 189.71;5 202.11;2026.03.13 08:00:01;5 105.13;;;;cancelled
2026.03.12 18:11:02;Sell;50.00;XAUUSD;5 125.26;5 119.72;5 115.26;2026.03.12 18:11:05;5 119.72;-150.00;;27 700.00;[sl]
2026.03.12 10:45:24;Buy;50.00;XAUUSD;5 184.17;5 184.40;5 194.17;2026.03.12 10:46:09;5 184.40;-150.00;;1 150.00;[sl]
2026.03.11 07:00:05;Buy Stop;50.00;XAUUSD;5 223.67;5 221.27;5 233.67;2026.03.12 04:00:00;5 152.51;;;;cancelled
2026.03.12 01:56:24;Sell;50.00;XAUUSD;5 148.84;5 146.84;5 138.84;2026.03.12 01:56:26;5 138.84;-150.00;;50 000.00;[tp]
2026.03.11 16:49:35;Sell;50.00;XAUUSD;5 160.49;5 159.69;5 150.49;2026.03.11 16:49:38;5 159.69;-150.00;;4 000.00;[sl]
2026.03.11 15:36:49;Sell;50.00;XAUUSD;5 175.31;5 175.00;5 165.31;2026.03.11 15:36:51;5 175.00;-150.00;;1 550.00;[sl]
2026.03.11 01:15:03;Sell Stop;50.00;XAUUSD;5 160.49;5 162.89;5 150.49;2026.03.11 14:30:01;5 181.32;;;;cancelled
2026.03.10 21:45:11;Buy Stop;50.00;XAUUSD;5 238.94;5 236.54;5 248.94;2026.03.11 07:00:04;5 203.38;;;;cancelled
2026.03.10 16:30:03;Sell Stop;50.00;XAUUSD;5 156.33;5 158.73;5 146.33;2026.03.11 01:15:03;5 190.68;;;;cancelled
2026.03.09 20:00:05;Sell Stop;50.00;XAUUSD;5 060.37;5 062.77;5 050.37;2026.03.10 16:30:02;5 221.02;;;;cancelled
2026.03.10 16:00:51;Buy;50.00;XAUUSD;5 195.49;5 196.22;5 205.49;2026.03.10 16:01:14;5 196.22;-150.00;;3 650.00;[sl]
2026.03.10 11:30:54;Buy;50.00;XAUUSD;5 187.22;5 188.33;5 197.22;2026.03.10 11:30:57;5 188.33;-150.00;;5 550.00;[sl]
2026.03.09 22:24:00;Buy;50.00;XAUUSD;5 140.78;5 142.14;5 150.78;2026.03.09 22:24:04;5 142.14;-150.00;;6 800.00;[sl]
2026.03.09 21:36:59;Buy;50.00;XAUUSD;5 116.39;5 113.99;5 126.39;2026.03.09 21:38:25;5 113.99;-150.00;;-12 000.00;[sl]
2026.03.09 11:45:02;Buy Stop;50.00;XAUUSD;5 140.78;5 138.38;5 150.78;2026.03.09 20:45:04;5 091.50;;;;cancelled
2026.03.09 07:00:01;Sell Stop;50.00;XAUUSD;5 014.79;5 017.19;5 004.79;2026.03.09 20:00:04;5 104.81;;;;cancelled
2026.03.09 04:00:03;Buy Stop;50.00;XAUUSD;5 198.35;5 195.95;5 208.35;2026.03.09 11:45:02;5 090.02;;;;cancelled
2026.03.09 02:42:56;Sell;50.00;XAUUSD;5 062.19;5 064.59;5 052.19;2026.03.09 02:42:57;5 052.19;-150.00;;50 000.00;[tp]
2026.03.06 21:16:05;Buy;50.00;XAUUSD;5 171.90;5 173.80;5 181.90;2026.03.06 21:17:15;5 173.80;-150.00;;9 500.00;[sl]
2026.03.06 17:01:59;Buy;50.00;XAUUSD;5 143.96;5 145.78;5 153.96;2026.03.06 17:02:01;5 145.78;-150.00;;9 100.00;[sl]
2026.03.05 23:00:02;Sell Stop;50.00;XAUUSD;5 050.67;5 053.07;5 040.67;2026.03.06 16:45:00;5 090.07;;;;cancelled
2026.03.05 14:15:02;Buy Stop;50.00;XAUUSD;5 181.02;5 178.62;5 191.02;2026.03.06 06:45:07;5 132.83;;;;cancelled
2026.03.05 15:20:56;Sell;50.00;XAUUSD;5 120.92;5 118.53;5 110.92;2026.03.05 15:21:01;5 118.53;-150.00;;11 950.00;[sl]
2026.03.05 08:00:05;Buy Stop;50.00;XAUUSD;5 195.17;5 192.77;5 205.17;2026.03.05 14:15:01;5 169.21;;;;cancelled
2026.03.04 23:30:01;Sell Stop;50.00;XAUUSD;5 108.60;5 111.00;5 098.60;2026.03.05 11:00:43;5 167.15;;;;cancelled
2026.03.04 17:00:05;Buy Stop;50.00;XAUUSD;5 206.83;5 204.43;5 216.83;2026.03.05 08:00:01;5 148.90;;;;cancelled
2026.03.04 20:11:02;Sell;50.00;XAUUSD;5 120.23;5 118.96;5 110.23;2026.03.04 20:11:03;5 118.96;-150.00;;6 350.00;[sl]
2026.03.04 12:08:46;Buy;50.00;XAUUSD;5 191.18;5 192.33;5 201.18;2026.03.04 12:08:54;5 192.33;-150.00;;5 750.00;[sl]
2026.03.03 20:15:00;Sell Stop;50.00;XAUUSD;4 996.50;4 998.90;4 986.50;2026.03.04 11:00:07;5 168.01;;;;cancelled
2026.03.03 06:15:03;Buy Stop;50.00;XAUUSD;5 380.33;5 377.93;5 390.33;2026.03.04 07:00:00;5 156.00;;;;cancelled
2026.03.03 16:44:06;Sell;50.00;XAUUSD;5 074.59;5 070.45;5 064.59;2026.03.03 16:44:07;5 070.45;-150.00;;20 700.00;[sl]
2026.03.03 11:25:14;Sell;50.00;XAUUSD;5 278.94;5 281.34;5 268.94;2026.03.03 11:25:26;5 268.94;-150.00;;50 000.00;[tp]
2026.03.02 21:00:03;Sell Stop;50.00;XAUUSD;5 260.74;5 263.14;5 250.74;2026.03.03 11:00:03;5 295.60;;;;cancelled
2026.03.02 18:30:01;Buy Stop;50.00;XAUUSD;5 416.66;5 414.26;5 426.66;2026.03.03 06:15:03;5 362.13;;;;cancelled
2026.02.27 15:00:11;Sell Stop;50.00;XAUUSD;5 168.81;5 171.21;5 158.81;2026.03.02 21:00:02;5 315.70;;;;cancelled
2026.03.02 12:15:00;Buy Stop;50.00;XAUUSD;5 419.46;5 417.06;5 429.46;2026.03.02 18:30:00;5 310.05;;;;cancelled
2026.03.02 09:07:52;Buy;50.00;XAUUSD;5 393.97;5 399.47;5 403.97;2026.03.02 09:07:56;5 399.47;-150.00;;27 500.00;[sl]
2026.02.27 22:21:57;Buy;50.00;XAUUSD;5 258.07;5 259.09;5 268.07;2026.02.27 22:22:03;5 259.09;-150.00;;5 100.00;[sl]
2026.02.27 15:07:26;Buy;50.00;XAUUSD;5 200.79;5 201.57;5 210.79;2026.02.27 15:07:35;5 201.57;-150.00;;3 900.00;[sl]
2026.02.27 06:00:02;Sell Stop;50.00;XAUUSD;5 166.64;5 169.04;5 156.64;2026.02.27 15:00:09;5 187.49;;;;cancelled
2026.02.27 03:00:01;Buy Stop;50.00;XAUUSD;5 201.04;5 198.64;5 211.04;2026.02.27 10:45:03;5 180.37;;;;cancelled
2026.02.26 20:15:03;Sell Stop;50.00;XAUUSD;5 130.58;5 132.98;5 120.58;2026.02.27 06:00:01;5 183.59;;;;cancelled
2026.02.26 22:00:02;Buy Stop;50.00;XAUUSD;5 205.50;5 203.10;5 215.50;2026.02.27 03:00:01;5 174.37;;;;cancelled
2026.02.26 21:48:13;Buy;50.00;XAUUSD;5 193.36;5 190.96;5 203.36;2026.02.26 21:52:22;5 190.96;-150.00;;-12 000.00;[sl]
2026.02.26 10:15:06;Buy Stop;50.00;XAUUSD;5 205.50;5 203.10;5 215.50;2026.02.26 20:45:03;5 182.23;;;;cancelled
2026.02.26 16:30:41;Sell;50.00;XAUUSD;5 145.44;5 144.37;5 135.44;2026.02.26 16:30:43;5 144.37;-150.00;;5 350.00;[sl]
2026.02.25 22:00:03;Buy Stop;50.00;XAUUSD;5 218.02;5 215.62;5 228.02;2026.02.26 10:15:04;5 189.71;;;;cancelled
2026.02.25 22:58:19;Sell;50.00;XAUUSD;5 155.20;5 148.83;5 145.20;2026.02.25 22:58:24;5 148.83;-150.00;;31 850.00;[sl]
2026.02.25 18:46:15;Buy;50.00;XAUUSD;5 210.86;5 212.99;5 220.86;2026.02.25 18:47:08;5 212.99;-150.00;;10 650.00;[sl]
2026.02.25 04:00:12;Sell Stop;50.00;XAUUSD;5 119.31;5 121.71;5 109.31;2026.02.25 16:15:05;5 184.94;;;;cancelled
2026.02.25 07:18:20;Buy;50.00;XAUUSD;5 194.00;5 194.09;5 204.00;2026.02.25 07:18:39;5 194.09;-150.00;;450.00;[sl]
2026.02.24 19:00:02;Sell Stop;50.00;XAUUSD;5 093.48;5 095.88;5 083.48;2026.02.25 04:00:12;5 177.25;;;;cancelled
2026.02.25 03:14:06;Buy;50.00;XAUUSD;5 173.50;5 175.77;5 183.50;2026.02.25 03:14:30;5 175.77;-150.00;;11 350.00;[sl]
2026.02.24 04:15:03;Buy Stop;50.00;XAUUSD;5 250.40;5 248.00;5 260.40;2026.02.25 02:30:00;5 140.94;;;;cancelled
2026.02.24 15:39:39;Sell;50.00;XAUUSD;5 144.70;5 147.10;5 134.70;2026.02.24 15:39:46;5 134.70;-150.00;;50 000.00;[tp]
2026.02.23 19:00:02;Sell Stop;50.00;XAUUSD;5 141.71;5 144.11;5 131.71;2026.02.24 06:15:04;5 168.61;;;;cancelled
2026.02.23 22:02:24;Buy;50.00;XAUUSD;5 219.31;5 219.69;5 229.31;2026.02.23 22:02:44;5 219.69;-150.00;;1 900.00;[sl]
2026.02.23 13:30:03;Sell Stop;50.00;XAUUSD;5 122.38;5 124.78;5 112.38;2026.02.23 19:00:01;5 210.73;;;;cancelled
2026.02.23 16:36:41;Buy;50.00;XAUUSD;5 177.02;5 179.94;5 187.02;2026.02.23 16:37:14;5 179.94;-150.00;;14 600.00;[sl]
2026.02.20 08:30:03;Sell Stop;50.00;XAUUSD;4 981.59;4 983.99;4 971.59;2026.02.23 13:30:01;5 150.79;;;;cancelled
2026.02.20 15:50:05;Buy;50.00;XAUUSD;5 043.08;5 043.82;5 053.08;2026.02.20 15:51:09;5 043.82;-150.00;;3 700.00;[sl]
2026.02.19 19:30:04;Sell Stop;50.00;XAUUSD;4 963.38;4 965.78;4 953.38;2026.02.20 08:30:02;5 023.78;;;;cancelled
2026.02.20 08:23:23;Buy;50.00;XAUUSD;5 022.36;5 028.58;5 032.36;2026.02.20 08:25:35;5 028.58;-150.00;;31 100.00;[sl]
2026.02.19 04:00:03;Sell Stop;50.00;XAUUSD;4 959.84;4 962.24;4 949.84;2026.02.19 19:30:04;4 994.11;;;;cancelled
2026.02.19 08:45:04;Buy;50.00;XAUUSD;5 011.39;5 013.89;5 021.39;2026.02.19 08:45:08;5 013.89;-150.00;;12 500.00;[sl]
2026.02.18 16:45:02;Sell Stop;50.00;XAUUSD;4 906.12;4 908.52;4 896.12;2026.02.19 04:00:03;4 972.79;;;;cancelled
2026.02.18 04:45:09;Sell Stop;50.00;XAUUSD;4 853.96;4 856.36;4 843.96;2026.02.18 16:45:02;4 981.46;;;;cancelled
2026.02.18 14:58:51;Buy;50.00;XAUUSD;4 942.29;4 946.43;4 952.29;2026.02.18 14:59:31;4 946.43;-150.00;;20 700.00;[sl]
2026.02.18 05:04:38;Buy;50.00;XAUUSD;4 911.17;4 913.21;4 921.17;2026.02.18 05:04:56;4 913.21;-150.00;;10 200.00;[sl]
2026.02.17 19:00:05;Sell Stop;50.00;XAUUSD;4 841.67;4 844.07;4 831.67;2026.02.18 04:45:08;4 904.66;;;;cancelled
2026.02.17 17:15:03;Buy Stop;50.00;XAUUSD;4 944.50;4 942.10;4 954.50;2026.02.17 23:45:02;4 879.75;;;;cancelled
2026.02.17 04:15:04;Buy Stop;50.00;XAUUSD;5 001.00;4 998.60;5 011.00;2026.02.17 17:15:01;4 856.93;;;;cancelled
2026.02.17 16:01:18;Sell;50.00;XAUUSD;4 858.78;4 851.87;4 848.78;2026.02.17 16:01:28;4 851.87;-150.00;;34 550.00;[sl]
2026.02.17 07:15:37;Sell;50.00;XAUUSD;4 922.91;4 919.88;4 912.91;2026.02.17 07:15:38;4 919.88;-150.00;;15 150.00;[sl]
2026.02.16 15:00:04;Buy Stop;50.00;XAUUSD;5 017.65;5 015.25;5 027.65;2026.02.17 04:15:04;4 964.90;;;;cancelled
2026.02.17 02:52:08;Sell;50.00;XAUUSD;4 968.79;4 971.19;4 958.79;2026.02.17 02:52:16;4 958.79;-150.00;;50 000.00;[tp]
2026.02.16 10:00:04;Sell Stop;50.00;XAUUSD;4 964.97;4 967.37;4 954.97;2026.02.16 20:00:01;4 991.93;;;;cancelled
2026.02.16 03:45:04;Buy Stop;50.00;XAUUSD;5 046.65;5 044.25;5 056.65;2026.02.16 15:00:03;5 003.18;;;;cancelled
2026.02.13 16:15:06;Sell Stop;50.00;XAUUSD;4 933.91;4 936.31;4 923.91;2026.02.16 10:00:03;5 007.14;;;;cancelled
2026.02.12 21:15:02;Sell Stop;50.00;XAUUSD;4 878.15;4 880.55;4 868.15;2026.02.13 16:15:02;5 000.47;;;;cancelled
2026.02.13 15:30:22;Buy;50.00;XAUUSD;4 997.84;4 995.44;5 007.84;2026.02.13 15:30:23;4 995.44;-150.00;;-12 000.00;[sl]
2026.02.12 18:45:11;Buy Stop;50.00;XAUUSD;5 084.07;5 081.67;5 094.07;2026.02.13 09:15:07;4 959.97;;;;cancelled
2026.02.12 16:56:57;Sell;50.00;XAUUSD;5 047.11;5 040.31;5 037.11;2026.02.12 16:57:08;5 040.31;-150.00;;34 000.00;[sl]
2026.02.12 15:47:31;Buy;50.00;XAUUSD;5 081.08;5 078.68;5 091.08;2026.02.12 15:47:43;5 078.68;-150.00;;-12 000.00;[sl]
2026.02.12 11:50:49;Buy;50.00;XAUUSD;5 078.44;5 079.13;5 088.44;2026.02.12 11:50:56;5 079.13;-150.00;;3 450.00;[sl]
2026.02.12 06:00:02;Sell Stop;50.00;XAUUSD;5 045.16;5 047.56;5 035.16;2026.02.12 11:30:04;5 071.53;;;;cancelled
2026.02.11 22:30:06;Buy Stop;50.00;XAUUSD;5 099.26;5 096.86;5 109.26;2026.02.12 10:00:01;5 064.88;;;;cancelled
2026.02.11 18:30:08;Sell Stop;50.00;XAUUSD;5 019.63;5 022.03;5 009.63;2026.02.12 06:00:01;5 056.22;;;;cancelled
2026.02.11 17:00:03;Buy Stop;50.00;XAUUSD;5 119.59;5 117.19;5 129.59;2026.02.11 22:30:05;5 084.83;;;;cancelled
2026.02.10 20:30:07;Sell Stop;50.00;XAUUSD;4 999.09;5 001.49;4 989.09;2026.02.11 18:30:07;5 059.80;;;;cancelled
2026.02.11 12:40:52;Buy;50.00;XAUUSD;5 078.73;5 082.47;5 088.73;2026.02.11 12:40:56;5 082.47;-150.00;;18 700.00;[sl]
2026.02.10 04:00:06;Sell Stop;50.00;XAUUSD;4 987.96;4 990.36;4 977.96;2026.02.10 20:30:04;5 006.15;;;;cancelled
2026.02.10 16:16:26;Buy;50.00;XAUUSD;5 063.61;5 069.02;5 073.61;2026.02.10 16:16:39;5 069.02;-150.00;;27 050.00;[sl]
2026.02.10 02:30:05;Buy Stop;50.00;XAUUSD;5 086.88;5 084.48;5 096.88;2026.02.10 14:00:03;5 055.65;;;;cancelled
2026.02.09 15:30:04;Sell Stop;50.00;XAUUSD;4 982.07;4 984.47;4 972.07;2026.02.10 04:00:05;5 034.81;;;;cancelled
2026.02.09 22:20:38;Buy;50.00;XAUUSD;5 080.69;5 080.71;5 090.69;2026.02.09 22:21:22;5 080.71;-150.00;;100.00;[sl]
2026.02.09 17:33:09;Buy;50.00;XAUUSD;5 047.57;5 050.74;5 057.57;2026.02.09 17:33:23;5 050.74;-150.00;;15 850.00;[sl]
2026.02.06 05:15:03;Sell Stop;50.00;XAUUSD;4 654.55;4 656.95;4 644.55;2026.02.09 15:30:04;5 006.43;;;;cancelled
2026.02.09 01:05:00;Buy;50.00;XAUUSD;4 971.73;4 969.33;4 981.73;2026.02.09 01:05:00;4 981.73;-150.00;;50 000.00;[tp]
2026.02.06 15:00:15;Buy;50.00;XAUUSD;4 906.60;4 904.20;4 916.60;2026.02.06 15:00:18;4 904.20;-150.00;;-12 000.00;[sl]
2026.02.06 15:00:03;Buy;50.00;XAUUSD;4 903.66;4 901.26;4 913.66;2026.02.06 15:00:04;4 901.26;-150.00;;-12 000.00;[sl]
2026.02.05 21:45:11;Buy Stop;50.00;XAUUSD;4 906.60;4 904.20;4 916.60;2026.02.06 11:00:04;4 861.69;;;;cancelled
2026.02.05 22:54:51;Sell;50.00;XAUUSD;4 800.29;4 795.33;4 790.29;2026.02.05 22:55:07;4 795.33;-150.00;;24 800.00;[sl]
2026.02.05 13:15:07;Buy Stop;50.00;XAUUSD;4 944.16;4 941.76;4 954.16;2026.02.05 21:45:09;4 838.20;;;;cancelled
2026.02.05 08:00:06;Sell Stop;50.00;XAUUSD;4 788.84;4 791.24;4 778.84;2026.02.05 20:45:06;4 871.32;;;;cancelled
2026.02.05 04:45:04;Buy Stop;50.00;XAUUSD;5 024.19;5 021.79;5 034.19;2026.02.05 13:15:05;4 890.11;;;;cancelled
2026.02.05 04:47:48;Sell;50.00;XAUUSD;4 851.42;4 851.15;4 841.42;2026.02.05 04:47:52;4 851.15;-150.00;;1 350.00;[sl]
2026.02.04 13:00:02;Buy Stop;50.00;XAUUSD;5 092.10;5 089.70;5 102.10;2026.02.05 04:45:03;4 895.62;;;;cancelled
2026.02.04 18:46:56;Sell;50.00;XAUUSD;4 879.88;4 882.28;4 869.88;2026.02.04 18:46:58;4 882.28;-150.00;;-12 000.00;[sl]
2026.02.04 16:32:49;Sell;50.00;XAUUSD;5 012.93;5 005.59;5 002.93;2026.02.04 16:32:58;5 005.59;-150.00;;36 700.00;[sl]
2026.02.04 01:15:03;Sell Stop;50.00;XAUUSD;4 879.88;4 882.28;4 869.88;2026.02.04 16:15:04;5 047.01;;;;cancelled
2026.02.04 02:15:51;Buy;50.00;XAUUSD;4 994.21;4 991.81;5 004.21;2026.02.04 02:15:56;4 991.81;-150.00;;-12 000.00;[sl]
2026.02.02 21:00:05;Sell Stop;50.00;XAUUSD;4 596.38;4 598.78;4 586.38;2026.02.04 01:15:02;4 932.95;;;;cancelled
2026.02.03 15:46:20;Buy;50.00;XAUUSD;4 949.18;4 950.26;4 959.18;2026.02.03 15:46:26;4 950.26;-150.00;;5 400.00;[sl]
2026.02.03 08:19:59;Buy;50.00;XAUUSD;4 856.47;4 859.34;4 866.47;2026.02.03 08:20:09;4 859.34;-150.00;;14 350.00;[sl]
2026.02.03 02:24:05;Buy;50.00;XAUUSD;4 812.81;4 814.02;4 822.81;2026.02.03 02:24:16;4 814.02;-150.00;;6 050.00;[sl]
2026.02.02 11:30:09;Sell Stop;50.00;XAUUSD;4 402.53;4 404.93;4 392.53;2026.02.02 21:00:04;4 653.35;;;;cancelled
2026.01.30 05:00:07;Buy Stop;50.00;XAUUSD;5 451.20;5 448.80;5 461.20;2026.02.02 17:45:06;4 677.17;;;;cancelled
2026.02.02 07:44:18;Sell;50.00;XAUUSD;4 584.09;4 583.63;4 574.09;2026.02.02 07:44:29;4 583.63;-150.00;;2 300.00;[sl]
2026.02.02 03:09:21;Sell;50.00;XAUUSD;4 682.44;4 684.84;4 672.44;2026.02.02 03:09:21;4 684.84;-150.00;;-12 000.00;[sl]
2026.01.30 19:07:20;Sell;50.00;XAUUSD;4 941.48;4 941.29;4 931.48;2026.01.30 19:07:21;4 941.29;-150.00;;950.00;[sl]
2026.01.30 10:33:21;Sell;50.00;XAUUSD;5 112.01;5 114.41;5 102.01;2026.01.30 10:33:23;5 114.41;-150.00;;-12 000.00;[sl]
2026.01.29 20:15:01;Sell Stop;50.00;XAUUSD;5 099.35;5 101.75;5 089.35;2026.01.30 07:15:04;5 224.13;;;;cancelled
2026.01.29 19:15:02;Buy Stop;50.00;XAUUSD;5 550.02;5 547.62;5 560.02;2026.01.30 05:00:05;5 226.13;;;;cancelled
2026.01.29 04:30:01;Buy Stop;50.00;XAUUSD;5 598.80;5 596.40;5 608.80;2026.01.29 19:15:01;5 296.04;;;;cancelled
2026.01.29 17:01:45;Sell;50.00;XAUUSD;5 471.11;5 469.94;5 461.11;2026.01.29 17:01:49;5 469.94;-150.00;;5 850.00;[sl]
2026.01.28 17:15:05;Sell Stop;50.00;XAUUSD;5 238.82;5 241.22;5 228.82;2026.01.29 16:00:06;5 515.93;;;;cancelled
2026.01.28 20:18:23;Buy;50.00;XAUUSD;5 311.55;5 309.15;5 321.55;2026.01.28 20:18:37;5 309.15;-150.00;;-12 000.00;[sl]
2026.01.28 17:08:28;Sell;50.00;XAUUSD;5 238.82;5 241.22;5 228.82;2026.01.28 17:08:31;5 241.22;-150.00;;-12 000.00;[sl]
2026.01.27 19:15:08;Sell Stop;50.00;XAUUSD;5 046.61;5 049.01;5 036.61;2026.01.28 16:00:13;5 267.80;;;;cancelled
2026.01.27 22:03:01;Buy;50.00;XAUUSD;5 103.52;5 106.06;5 113.52;2026.01.27 22:03:14;5 106.06;-150.00;;12 700.00;[sl]
2026.01.27 03:30:02;Sell Stop;50.00;XAUUSD;4 989.65;4 992.05;4 979.65;2026.01.27 19:15:05;5 091.94;;;;cancelled
2026.01.27 18:19:48;Buy;50.00;XAUUSD;5 100.67;5 102.28;5 110.67;2026.01.27 18:20:28;5 102.28;-150.00;;8 050.00;[sl]
2026.01.27 08:00:05;Buy Stop;50.00;XAUUSD;5 105.24;5 102.84;5 115.24;2026.01.27 12:30:02;5 088.11;;;;cancelled
2026.01.27 07:47:36;Buy;50.00;XAUUSD;5 080.19;5 080.33;5 090.19;2026.01.27 07:47:49;5 080.33;-150.00;;700.00;[sl]
2026.01.26 21:00:08;Buy Stop;50.00;XAUUSD;5 105.24;5 102.84;5 115.24;2026.01.27 07:30:01;5 061.22;;;;cancelled
2026.01.26 21:02:10;Sell;50.00;XAUUSD;5 054.70;5 050.87;5 044.70;2026.01.26 21:02:16;5 050.87;-150.00;;19 150.00;[sl]
2026.01.26 11:45:06;Buy Stop;50.00;XAUUSD;5 111.41;5 109.01;5 121.41;2026.01.26 21:00:05;5 067.09;;;;cancelled
2026.01.23 14:15:04;Sell Stop;50.00;XAUUSD;4 899.51;4 901.91;4 889.51;2026.01.26 18:30:02;5 075.33;;;;cancelled
2026.01.26 08:45:02;Buy;50.00;XAUUSD;5 093.37;5 098.70;5 103.37;2026.01.26 08:45:36;5 098.70;-150.00;;26 650.00;[sl]
2026.01.23 18:09:44;Buy;50.00;XAUUSD;4 967.78;4 973.58;4 977.78;2026.01.23 18:10:08;4 973.58;-150.00;;29 000.00;[sl]
2026.01.22 18:45:03;Sell Stop;50.00;XAUUSD;4 810.52;4 812.92;4 800.52;2026.01.23 14:15:02;4 934.08;;;;cancelled
2026.01.22 01:45:06;Sell Stop;50.00;XAUUSD;4 755.76;4 758.16;4 745.76;2026.01.22 18:45:01;4 881.08;;;;cancelled
2026.01.22 16:32:39;Buy;50.00;XAUUSD;4 839.37;4 841.78;4 849.37;2026.01.22 16:33:13;4 841.78;-150.00;;12 050.00;[sl]
2026.01.21 11:15:02;Buy Stop;50.00;XAUUSD;4 888.87;4 886.47;4 898.87;2026.01.22 12:30:01;4 825.45;;;;cancelled
2026.01.20 18:30:03;Sell Stop;50.00;XAUUSD;4 715.28;4 717.68;4 705.28;2026.01.22 01:45:05;4 787.28;;;;cancelled
2026.01.21 01:44:10;Buy;50.00;XAUUSD;4 766.67;4 769.93;4 776.67;2026.01.21 01:44:14;4 769.93;-150.00;;16 300.00;[sl]
2026.01.19 16:45:02;Sell Stop;50.00;XAUUSD;4 659.51;4 661.91;4 649.51;2026.01.20 18:30:03;4 741.04;;;;cancelled
2026.01.20 15:59:55;Buy;50.00;XAUUSD;4 737.76;4 741.80;4 747.76;2026.01.20 16:01:16;4 741.80;-150.00;;20 200.00;[sl]
2026.01.20 05:51:20;Buy;50.00;XAUUSD;4 680.64;4 680.69;4 690.64;2026.01.20 05:51:31;4 680.69;-150.00;;250.00;[sl]
2026.01.19 04:30:05;Buy Stop;50.00;XAUUSD;4 690.67;4 688.27;4 700.67;2026.01.20 02:45:02;4 663.15;;;;cancelled
2026.01.16 20:30:04;Sell Stop;50.00;XAUUSD;4 536.33;4 538.73;4 526.33;2026.01.19 16:45:02;4 666.92;;;;cancelled
2026.01.19 01:05:00;Buy;50.00;XAUUSD;4 620.53;4 618.13;4 630.53;2026.01.19 01:05:00;4 630.53;-150.00;;50 000.00;[tp]
2026.01.16 17:05:00;Buy;50.00;XAUUSD;4 616.51;4 616.81;4 626.51;2026.01.16 17:05:32;4 616.81;-150.00;;1 500.00;[sl]
2026.01.16 15:16:45;Sell;50.00;XAUUSD;4 591.06;4 586.07;4 581.06;2026.01.16 15:17:38;4 586.07;-150.00;;24 950.00;[sl]
2026.01.15 21:15:03;Buy Stop;50.00;XAUUSD;4 625.16;4 622.76;4 635.16;2026.01.16 10:45:08;4 602.38;;;;cancelled
2026.01.16 03:00:15;Sell Stop;50.00;XAUUSD;4 581.91;4 584.31;4 571.91;2026.01.16 07:30:07;4 600.98;;;;cancelled
2026.01.16 02:46:30;Sell;50.00;XAUUSD;4 600.56;4 600.41;4 590.56;2026.01.16 02:50:21;4 600.41;-150.00;;750.00;[sl]
2026.01.15 18:45:05;Sell Stop;50.00;XAUUSD;4 581.91;4 584.31;4 571.91;2026.01.16 02:15:04;4 605.95;;;;cancelled
2026.01.15 10:15:05;Sell Stop;50.00;XAUUSD;4 580.97;4 583.37;4 570.97;2026.01.15 18:45:04;4 606.87;;;;cancelled
2026.01.15 18:12:01;Buy;50.00;XAUUSD;4 623.46;4 621.06;4 633.46;2026.01.15 18:13:52;4 621.06;-150.00;;-12 000.00;[sl]
2026.01.15 01:15:03;Buy Stop;50.00;XAUUSD;4 643.35;4 640.95;4 653.35;2026.01.15 16:30:02;4 602.01;;;;cancelled
2026.01.15 03:24:37;Sell;50.00;XAUUSD;4 599.11;4 598.63;4 589.11;2026.01.15 03:25:04;4 598.63;-150.00;;2 400.00;[sl]
2026.01.14 21:02:22;Buy;50.00;XAUUSD;4 642.09;4 642.25;4 652.09;2026.01.14 21:02:34;4 642.25;-150.00;;800.00;[sl]
2026.01.14 02:30:03;Sell Stop;50.00;XAUUSD;4 569.55;4 571.95;4 559.55;2026.01.14 20:00:01;4 613.56;;;;cancelled
2026.01.14 14:59:03;Buy;50.00;XAUUSD;4 640.08;4 640.51;4 650.08;2026.01.14 14:59:19;4 640.51;-150.00;;2 150.00;[sl]
2026.01.14 07:01:55;Buy;50.00;XAUUSD;4 634.76;4 637.86;4 644.76;2026.01.14 07:02:04;4 637.86;-150.00;;15 500.00;[sl]
2026.01.13 22:34:19;Sell;50.00;XAUUSD;4 573.48;4 571.97;4 563.48;2026.01.13 22:34:25;4 571.97;-150.00;;7 550.00;[sl]
2026.01.13 15:12:48;Buy;50.00;XAUUSD;4 602.31;4 603.45;4 612.31;2026.01.13 15:13:04;4 603.45;-150.00;;5 700.00;[sl]
2026.01.12 21:15:02;Buy Stop;50.00;XAUUSD;4 630.56;4 628.16;4 640.56;2026.01.13 10:30:04;4 590.16;;;;cancelled
2026.01.13 08:41:42;Sell;50.00;XAUUSD;4 575.31;4 574.81;4 565.31;2026.01.13 08:41:47;4 574.81;-150.00;;2 500.00;[sl]
2026.01.13 03:31:48;Sell;50.00;XAUUSD;4 578.11;4 576.49;4 568.11;2026.01.13 03:32:11;4 576.49;-150.00;;8 100.00;[sl]
2026.01.09 18:30:09;Sell Stop;50.00;XAUUSD;4 459.11;4 461.51;4 449.11;2026.01.12 17:15:01;4 617.72;;;;cancelled
2026.01.12 15:08:10;Buy;50.00;XAUUSD;4 601.37;4 602.66;4 611.37;2026.01.12 15:08:23;4 602.66;-150.00;;6 450.00;[sl]
2026.01.12 01:05:00;Buy;50.00;XAUUSD;4 517.48;4 522.85;4 527.48;2026.01.12 01:05:34;4 522.85;-150.00;;26 850.00;[sl]
2026.01.08 17:15:07;Sell Stop;50.00;XAUUSD;4 407.57;4 409.97;4 397.57;2026.01.09 18:30:06;4 503.36;;;;cancelled
2026.01.09 15:32:41;Buy;50.00;XAUUSD;4 484.35;4 485.24;4 494.35;2026.01.09 15:32:53;4 485.24;-150.00;;4 450.00;[sl]
2026.01.08 22:25:11;Buy;50.00;XAUUSD;4 465.85;4 467.17;4 475.85;2026.01.08 22:25:50;4 467.17;-150.00;;6 600.00;[sl]
2026.01.07 21:45:05;Buy Stop;50.00;XAUUSD;4 468.70;4 466.30;4 478.70;2026.01.08 22:00:06;4 452.42;;;;cancelled
2026.01.08 14:05:29;Sell;50.00;XAUUSD;4 415.32;4 414.29;4 405.32;2026.01.08 14:06:13;4 414.29;-150.00;;5 150.00;[sl]
2026.01.08 07:16:33;Sell;50.00;XAUUSD;4 423.35;4 425.75;4 413.35;2026.01.08 07:16:57;4 425.75;-150.00;;-12 000.00;[sl]
2026.01.07 04:15:01;Buy Stop;50.00;XAUUSD;4 500.73;4 498.33;4 510.73;2026.01.07 21:45:04;4 453.46;;;;cancelled
2026.01.07 14:18:53;Sell;50.00;XAUUSD;4 441.12;4 440.51;4 431.12;2026.01.07 14:20:10;4 440.51;-150.00;;3 050.00;[sl]
2026.01.07 08:46:06;Sell;50.00;XAUUSD;4 442.61;4 442.39;4 432.61;2026.01.07 08:46:16;4 442.39;-150.00;;1 100.00;[sl]
2026.01.07 07:33:00;Sell;50.00;XAUUSD;4 459.51;4 459.37;4 449.51;2026.01.07 07:33:49;4 459.37;-150.00;;700.00;[sl]
2026.01.06 15:00:04;Sell Stop;50.00;XAUUSD;4 442.61;4 445.01;4 432.61;2026.01.07 07:00:01;4 464.86;;;;cancelled
2026.01.06 16:33:04;Buy;50.00;XAUUSD;4 476.19;4 477.10;4 486.19;2026.01.06 16:33:09;4 477.10;-150.00;;4 550.00;[sl]
2026.01.06 06:00:05;Sell Stop;50.00;XAUUSD;4 427.53;4 429.93;4 417.53;2026.01.06 15:00:02;4 463.05;;;;cancelled
2026.01.05 18:30:05;Sell Stop;50.00;XAUUSD;4 395.93;4 398.33;4 385.93;2026.01.06 06:00:05;4 466.59;;;;cancelled
2026.01.06 04:13:20;Buy;50.00;XAUUSD;4 460.52;4 458.12;4 470.52;2026.01.06 04:15:29;4 458.12;-150.00;;-12 000.00;[sl]
2026.01.06 01:09:49;Buy;50.00;XAUUSD;4 456.02;4 459.32;4 466.02;2026.01.06 01:10:10;4 459.32;-150.00;;16 500.00;[sl]
2026.01.02 23:30:05;Sell Stop;50.00;XAUUSD;4 309.63;4 312.03;4 299.63;2026.01.05 18:30:04;4 440.21;;;;cancelled
2026.01.05 16:55:00;Buy;50.00;XAUUSD;4 440.25;4 441.47;4 450.25;2026.01.05 16:55:24;4 441.47;-150.00;;6 100.00;[sl]
2026.01.05 08:25:31;Buy;50.00;XAUUSD;4 421.06;4 424.79;4 431.06;2026.01.05 08:25:53;4 424.79;-150.00;;18 650.00;[sl]
2026.01.05 03:02:07;Buy;50.00;XAUUSD;4 402.72;4 404.80;4 412.72;2026.01.05 03:02:12;4 404.80;-150.00;;10 400.00;[sl]
2026.01.02 02:00:04;Sell Stop;50.00;XAUUSD;4 304.07;4 306.47;4 294.07;2026.01.02 23:30:04;4 328.69;;;;cancelled
2026.01.02 02:56:50;Buy;50.00;XAUUSD;4 353.82;4 354.22;4 363.82;2026.01.02 02:57:29;4 354.22;-150.00;;2 000.00;[sl]
2025.12.31 11:00:01;Sell Stop;50.00;XAUUSD;4 273.69;4 276.09;4 263.69;2026.01.02 02:00:03;4 348.63;;;;cancelled
2025.12.31 06:45:03;Buy Stop;50.00;XAUUSD;4 373.92;4 371.52;4 383.92;2025.12.31 19:45:02;4 325.60;;;;cancelled
2025.12.31 07:40:31;Sell;50.00;XAUUSD;4 328.75;4 320.74;4 318.75;2025.12.31 07:40:42;4 320.74;-150.00;;40 050.00;[sl]
2025.12.30 18:00:05;Buy Stop;50.00;XAUUSD;4 404.73;4 402.33;4 414.73;2025.12.31 06:45:02;4 343.52;;;;cancelled
2025.12.30 21:47:33;Sell;50.00;XAUUSD;4 354.55;4 353.35;4 344.55;2025.12.30 21:48:35;4 353.35;-150.00;;6 000.00;[sl]
2025.12.30 13:30:02;Sell Stop;50.00;XAUUSD;4 350.05;4 352.45;4 340.05;2025.12.30 21:00:01;4 364.52;;;;cancelled
2025.12.26 21:00:02;Buy Stop;50.00;XAUUSD;4 550.38;4 547.98;4 560.38;2025.12.30 18:00:05;4 364.44;;;;cancelled
2025.12.29 20:15:02;Sell Stop;50.00;XAUUSD;4 302.71;4 305.11;4 292.71;2025.12.30 13:30:01;4 388.88;;;;cancelled
2025.12.29 13:40:03;Sell;50.00;XAUUSD;4 445.34;4 442.86;4 435.34;2025.12.29 13:40:22;4 442.86;-150.00;;12 400.00;[sl]
2025.12.29 08:56:22;Sell;50.00;XAUUSD;4 472.50;4 474.90;4 462.50;2025.12.29 08:58:09;4 474.90;-150.00;;-12 000.00;[sl]
2025.12.29 02:22:24;Sell;50.00;XAUUSD;4 502.68;4 505.08;4 492.68;2025.12.29 02:26:33;4 492.68;-150.00;;50 000.00;[tp]
2025.12.26 01:15:04;Sell Stop;50.00;XAUUSD;4 447.97;4 450.37;4 437.97;2025.12.26 16:45:01;4 520.98;;;;cancelled
2025.12.26 16:34:09;Buy;50.00;XAUUSD;4 531.62;4 532.37;4 541.62;2025.12.26 16:34:18;4 532.37;-150.00;;3 750.00;[sl]
2025.12.26 01:25:17;Buy;50.00;XAUUSD;4 500.17;4 497.77;4 510.17;2025.12.26 01:26:03;4 497.77;-150.00;;-12 000.00;[sl]
2025.12.24 16:50:24;Sell;50.00;XAUUSD;4 467.81;4 466.88;4 457.81;2025.12.24 16:50:35;4 466.88;-150.00;;4 650.00;[sl]
2025.12.24 06:15:05;Buy Stop;50.00;XAUUSD;4 526.18;4 523.78;4 536.18;2025.12.24 15:00:04;4 490.25;;;;cancelled
2025.12.23 20:00:02;Sell Stop;50.00;XAUUSD;4 430.25;4 432.65;4 420.25;2025.12.24 08:00:04;4 488.51;;;;cancelled
2025.12.23 22:58:55;Buy;50.00;XAUUSD;4 497.76;4 498.74;4 507.76;2025.12.23 22:59:30;4 498.74;-150.00;;4 900.00;[sl]
2025.12.23 14:00:02;Buy Stop;50.00;XAUUSD;4 498.01;4 495.61;4 508.01;2025.12.23 18:15:06;4 460.68;;;;cancelled
2025.12.23 16:05:11;Sell;50.00;XAUUSD;4 469.14;4 471.54;4 459.14;2025.12.23 16:05:20;4 459.14;-150.00;;50 000.00;[tp]
2025.12.23 13:58:45;Buy;50.00;XAUUSD;4 493.53;4 493.59;4 503.53;2025.12.23 13:59:50;4 493.59;-150.00;;300.00;[sl]
2025.12.23 07:30:22;Buy Stop;50.00;XAUUSD;4 498.01;4 495.61;4 508.01;2025.12.23 13:45:01;4 488.76;;;;cancelled
2025.12.22 03:30:06;Sell Stop;50.00;XAUUSD;4 336.32;4 338.72;4 326.32;2025.12.23 11:00:01;4 490.14;;;;cancelled
2025.12.22 23:04:32;Buy;50.00;XAUUSD;4 442.46;4 442.62;4 452.46;2025.12.22 23:08:05;4 442.62;-150.00;;800.00;[sl]
2025.12.22 15:00:46;Buy;50.00;XAUUSD;4 420.82;4 418.42;4 430.82;2025.12.22 15:00:55;4 418.42;-150.00;;-12 000.00;[sl]
2025.12.19 19:45:06;Sell Stop;50.00;XAUUSD;4 319.51;4 321.91;4 309.51;2025.12.22 03:30:04;4 368.00;;;;cancelled
2025.12.22 02:00:04;Buy;50.00;XAUUSD;4 356.83;4 359.90;4 366.83;2025.12.22 02:00:37;4 359.90;-150.00;;15 350.00;[sl]
2025.12.19 06:30:04;Sell Stop;50.00;XAUUSD;4 309.14;4 311.54;4 299.14;2025.12.19 19:45:04;4 351.31;;;;cancelled
2025.12.19 15:11:40;Buy;50.00;XAUUSD;4 334.01;4 331.61;4 344.01;2025.12.19 15:12:32;4 331.61;-150.00;;-12 000.00;[sl]
2025.12.18 21:15:04;Buy Stop;50.00;XAUUSD;4 374.88;4 372.48;4 384.88;2025.12.19 14:45:03;4 326.07;;;;cancelled
2025.12.18 19:45:03;Sell Stop;50.00;XAUUSD;4 308.55;4 310.95;4 298.55;2025.12.19 06:30:02;4 317.44;;;;cancelled
2025.12.18 15:44:02;Buy;50.00;XAUUSD;4 338.14;4 335.74;4 348.14;2025.12.18 15:45:05;4 335.74;-150.00;;-12 000.00;[sl]
2025.12.17 20:30:07;Buy Stop;50.00;XAUUSD;4 349.13;4 346.73;4 359.13;2025.12.18 12:30:05;4 323.53;;;;cancelled
2025.12.18 10:55:45;Sell;50.00;XAUUSD;4 323.99;4 322.79;4 313.99;2025.12.18 10:55:46;4 322.79;-150.00;;6 000.00;[sl]
2025.12.17 15:30:10;Sell Stop;50.00;XAUUSD;4 306.38;4 308.78;4 296.38;2025.12.18 06:30:06;4 330.57;;;;cancelled
2025.12.17 15:58:33;Buy;50.00;XAUUSD;4 342.71;4 342.73;4 352.71;2025.12.17 15:58:50;4 342.73;-150.00;;100.00;[sl]
2025.12.16 10:30:02;Sell Stop;50.00;XAUUSD;4 271.26;4 273.66;4 261.26;2025.12.17 15:30:05;4 328.56;;;;cancelled
2025.12.17 07:23:09;Buy;50.00;XAUUSD;4 335.55;4 336.96;4 345.55;2025.12.17 07:23:38;4 336.96;-150.00;;7 050.00;[sl]
2025.12.16 16:03:16;Buy;50.00;XAUUSD;4 318.18;4 318.24;4 328.18;2025.12.16 16:03:28;4 318.24;-150.00;;300.00;[sl]
2025.12.15 14:15:02;Buy Stop;50.00;XAUUSD;4 350.48;4 348.08;4 360.48;2025.12.16 06:30:03;4 288.72;;;;cancelled
2025.12.16 05:11:22;Sell;50.00;XAUUSD;4 285.04;4 283.81;4 275.04;2025.12.16 05:11:41;4 283.81;-150.00;;6 150.00;[sl]
2025.12.12 21:30:04;Sell Stop;50.00;XAUUSD;4 257.05;4 259.45;4 247.05;2025.12.15 21:30:07;4 309.33;;;;cancelled
2025.12.12 19:45:00;Buy Stop;50.00;XAUUSD;4 353.83;4 351.43;4 363.83;2025.12.15 14:15:01;4 343.57;;;;cancelled
2025.12.11 18:15:07;Sell Stop;50.00;XAUUSD;4 205.04;4 207.44;4 195.04;2025.12.12 21:30:03;4 296.99;;;;cancelled
2025.12.12 09:07:14;Buy;50.00;XAUUSD;4 286.22;4 286.43;4 296.22;2025.12.12 09:08:24;4 286.43;-150.00;;1 050.00;[sl]
2025.12.11 11:00:01;Sell Stop;50.00;XAUUSD;4 204.09;4 206.49;4 194.09;2025.12.11 18:15:05;4 255.95;;;;cancelled
2025.12.11 16:10:34;Buy;50.00;XAUUSD;4 226.34;4 227.04;4 236.34;2025.12.11 16:11:03;4 227.04;-150.00;;3 500.00;[sl]
2025.12.11 06:00:02;Buy Stop;50.00;XAUUSD;4 247.84;4 245.44;4 257.84;2025.12.11 15:00:01;4 220.96;;;;cancelled
2025.12.11 01:30:02;Sell Stop;50.00;XAUUSD;4 181.76;4 184.16;4 171.76;2025.12.11 11:00:01;4 216.93;;;;cancelled
2025.12.10 21:41:03;Sell;50.00;XAUUSD;4 187.65;4 190.05;4 177.65;2025.12.10 21:41:09;4 190.05;-150.00;;-12 000.00;[sl]
2025.12.10 21:00:14;Buy;50.00;XAUUSD;4 207.06;4 207.23;4 217.06;2025.12.10 21:00:15;4 207.23;-150.00;;850.00;[sl]
2025.12.10 07:30:09;Buy Stop;50.00;XAUUSD;4 219.03;4 216.63;4 229.03;2025.12.10 19:00:05;4 204.78;;;;cancelled
2025.12.10 12:32:25;Sell;50.00;XAUUSD;4 189.17;4 189.15;4 179.17;2025.12.10 12:33:46;4 189.15;-150.00;;100.00;[sl]
2025.12.09 21:45:02;Buy Stop;50.00;XAUUSD;4 221.87;4 219.47;4 231.87;2025.12.10 07:30:08;4 205.65;;;;cancelled
2025.12.09 11:00:04;Sell Stop;50.00;XAUUSD;4 169.68;4 172.08;4 159.68;2025.12.09 19:15:03;4 211.51;;;;cancelled
2025.12.09 17:59:03;Buy;50.00;XAUUSD;4 213.39;4 215.41;4 223.39;2025.12.09 17:59:12;4 215.41;-150.00;;10 100.00;[sl]
2025.12.09 11:05:00;Buy;50.00;XAUUSD;4 199.06;4 201.98;4 209.06;2025.12.09 11:05:31;4 201.98;-150.00;;14 600.00;[sl]
2025.12.08 11:30:01;Buy Stop;50.00;XAUUSD;4 219.51;4 217.11;4 229.51;2025.12.09 08:30:02;4 178.30;;;;cancelled
2025.12.09 08:09:33;Sell;50.00;XAUUSD;4 175.88;4 175.75;4 165.88;2025.12.09 08:09:39;4 175.75;-150.00;;650.00;[sl]
2025.12.08 17:00:50;Sell;50.00;XAUUSD;4 191.76;4 191.69;4 181.76;2025.12.08 17:01:04;4 191.69;-150.00;;350.00;[sl]
2025.12.05 20:30:01;Buy Stop;50.00;XAUUSD;4 259.58;4 257.18;4 269.58;2025.12.08 11:30:01;4 210.78;;;;cancelled
2025.12.05 23:16:22;Sell;50.00;XAUUSD;4 198.38;4 197.33;4 188.38;2025.12.05 23:18:38;4 197.33;-150.00;;5 250.00;[sl]
2025.12.05 06:00:04;Sell Stop;50.00;XAUUSD;4 194.68;4 197.08;4 184.68;2025.12.05 21:15:01;4 208.62;;;;cancelled
2025.12.05 15:00:16;Buy;50.00;XAUUSD;4 231.14;4 232.65;4 241.14;2025.12.05 15:00:32;4 232.65;-150.00;;7 550.00;[sl]
2025.12.05 07:28:37;Buy;50.00;XAUUSD;4 219.72;4 220.11;4 229.72;2025.12.05 07:30:10;4 220.11;-150.00;;1 950.00;[sl]
2025.12.04 10:45:05;Sell Stop;50.00;XAUUSD;4 174.85;4 177.25;4 164.85;2025.12.05 06:00:02;4 209.46;;;;cancelled
2025.12.04 18:17:24;Buy;50.00;XAUUSD;4 217.15;4 218.07;4 227.15;2025.12.04 18:18:42;4 218.07;-150.00;;4 600.00;[sl]
2025.12.04 16:15:56;Buy;50.00;XAUUSD;4 206.94;4 204.54;4 216.94;2025.12.04 16:17:00;4 204.54;-150.00;;-12 000.00;[sl]
2025.12.04 06:45:03;Buy Stop;50.00;XAUUSD;4 217.15;4 214.75;4 227.15;2025.12.04 16:00:06;4 199.06;;;;cancelled
2025.12.03 19:30:06;Buy Stop;50.00;XAUUSD;4 241.71;4 239.31;4 251.71;2025.12.04 06:45:03;4 197.26;;;;cancelled
2025.12.04 05:02:19;Sell;50.00;XAUUSD;4 194.79;4 193.37;4 184.79;2025.12.04 05:02:30;4 193.37;-150.00;;7 100.00;[sl]
2025.12.03 15:15:05;Sell Stop;50.00;XAUUSD;4 194.35;4 196.75;4 184.35;2025.12.03 23:45:03;4 209.36;;;;cancelled
2025.12.03 15:52:31;Buy;50.00;XAUUSD;4 229.17;4 230.81;4 239.17;2025.12.03 15:52:46;4 230.81;-150.00;;8 200.00;[sl]
2025.12.02 20:45:02;Sell Stop;50.00;XAUUSD;4 163.83;4 166.23;4 153.83;2025.12.03 15:15:04;4 214.99;;;;cancelled
2025.12.02 19:15:07;Buy Stop;50.00;XAUUSD;4 231.11;4 228.71;4 241.11;2025.12.03 07:30:04;4 219.56;;;;cancelled
2025.12.01 18:30:04;Buy Stop;50.00;XAUUSD;4 264.85;4 262.45;4 274.85;2025.12.02 19:15:05;4 187.82;;;;cancelled
2025.12.02 17:36:31;Sell;50.00;XAUUSD;4 181.03;4 183.43;4 171.03;2025.12.02 17:37:02;4 183.43;-150.00;;-12 000.00;[sl]
2025.12.02 11:27:36;Sell;50.00;XAUUSD;4 192.96;4 195.36;4 182.96;2025.12.02 11:27:57;4 195.36;-150.00;;-12 000.00;[sl]
2025.12.02 03:02:31;Sell;50.00;XAUUSD;4 219.30;4 217.53;4 209.30;2025.12.02 03:03:35;4 217.53;-150.00;;8 850.00;[sl]
2025.12.01 10:15:04;Sell Stop;50.00;XAUUSD;4 215.14;4 217.54;4 205.14;2025.12.01 20:15:01;4 235.97;;;;cancelled
2025.12.01 15:40:53;Buy;50.00;XAUUSD;4 262.45;4 263.16;4 272.45;2025.12.01 15:41:14;4 263.16;-150.00;;3 550.00;[sl]
2025.12.01 12:04:35;Buy;50.00;XAUUSD;4 256.83;4 258.39;4 266.83;2025.12.01 12:05:09;4 258.39;-150.00;;7 800.00;[sl]
2025.11.28 13:00:01;Sell Stop;50.00;XAUUSD;4 151.25;4 153.65;4 141.25;2025.12.01 10:15:04;4 251.03;;;;cancelled
2025.11.28 16:18:10;Buy;50.00;XAUUSD;4 193.57;4 194.64;4 203.57;2025.11.28 16:19:06;4 194.64;-150.00;;5 350.00;[sl]
2025.11.27 09:00:06;Sell Stop;50.00;XAUUSD;4 142.54;4 144.94;4 132.54;2025.11.28 13:00:00;4 163.41;;;;cancelled
2025.11.28 02:30:43;Buy;50.00;XAUUSD;4 172.01;4 174.82;4 182.01;2025.11.28 02:34:53;4 182.01;-150.00;;50 000.00;[tp]
2025.11.28 02:07:20;Buy;50.00;XAUUSD;4 167.61;4 167.77;4 177.61;2025.11.28 02:09:25;4 167.77;-150.00;;800.00;[sl]
2025.11.26 23:00:02;Buy Stop;50.00;XAUUSD;4 172.01;4 169.61;4 182.01;2025.11.27 13:45:03;4 160.85;;;;cancelled
2025.11.26 20:00:02;Sell Stop;50.00;XAUUSD;4 136.76;4 139.16;4 126.76;2025.11.27 09:00:06;4 157.07;;;;cancelled
2025.11.26 17:00:02;Buy Stop;50.00;XAUUSD;4 173.80;4 171.40;4 183.80;2025.11.26 23:00:02;4 164.00;;;;cancelled
2025.11.26 16:07:58;Sell;50.00;XAUUSD;4 146.47;4 141.44;4 136.47;2025.11.26 16:08:39;4 141.44;-150.00;;25 150.00;[sl]
2025.11.26 13:32:11;Buy;50.00;XAUUSD;4 169.76;4 171.32;4 179.76;2025.11.26 13:32:44;4 171.32;-150.00;;7 800.00;[sl]
2025.11.26 03:00:03;Sell Stop;50.00;XAUUSD;4 127.44;4 129.84;4 117.44;2025.11.26 11:30:02;4 163.74;;;;cancelled
2025.11.26 04:25:39;Buy;50.00;XAUUSD;4 159.68;4 160.69;4 169.68;2025.11.26 04:25:49;4 160.69;-150.00;;5 050.00;[sl]
2025.11.25 19:45:02;Sell Stop;50.00;XAUUSD;4 110.82;4 113.22;4 100.82;2025.11.26 03:00:01;4 143.84;;;;cancelled
2025.11.25 13:45:08;Sell Stop;50.00;XAUUSD;4 109.34;4 111.74;4 099.34;2025.11.25 19:45:01;4 152.52;;;;cancelled
2025.11.25 19:02:18;Buy;50.00;XAUUSD;4 151.09;4 148.69;4 161.09;2025.11.25 19:02:26;4 148.69;-150.00;;-12 000.00;[sl]
2025.11.25 07:45:07;Buy Stop;50.00;XAUUSD;4 156.35;4 153.95;4 166.35;2025.11.25 18:30:03;4 141.02;;;;cancelled
2025.11.24 10:15:05;Sell Stop;50.00;XAUUSD;4 039.87;4 042.27;4 029.87;2025.11.25 13:45:05;4 132.10;;;;cancelled
2025.11.24 20:37:44;Buy;50.00;XAUUSD;4 101.59;4 107.12;4 111.59;2025.11.24 20:38:09;4 107.12;-150.00;;27 650.00;[sl]
2025.11.24 03:15:03;Sell Stop;50.00;XAUUSD;4 022.11;4 024.51;4 012.11;2025.11.24 10:15:04;4 061.99;;;;cancelled
2025.11.24 03:11:30;Sell;50.00;XAUUSD;4 054.29;4 052.82;4 044.29;2025.11.24 03:11:36;4 052.82;-150.00;;7 350.00;[sl]
2025.11.21 13:00:02;Sell Stop;50.00;XAUUSD;4 022.11;4 024.51;4 012.11;2025.11.24 03:00:02;4 068.87;;;;cancelled
2025.11.21 18:50:52;Buy;50.00;XAUUSD;4 088.76;4 093.58;4 098.76;2025.11.21 18:51:08;4 093.58;-150.00;;24 100.00;[sl]
2025.11.21 07:52:03;Sell;50.00;XAUUSD;4 043.36;4 040.88;4 033.36;2025.11.21 07:54:09;4 040.88;-150.00;;12 400.00;[sl]
2025.11.20 19:45:07;Buy Stop;50.00;XAUUSD;4 107.32;4 104.92;4 117.32;2025.11.21 04:45:01;4 073.10;;;;cancelled
2025.11.20 13:15:00;Sell Stop;50.00;XAUUSD;4 038.70;4 041.10;4 028.70;2025.11.20 22:00:06;4 084.23;;;;cancelled
2025.11.20 05:00:05;Buy Stop;50.00;XAUUSD;4 110.60;4 108.20;4 120.60;2025.11.20 19:45:05;4 051.58;;;;cancelled
2025.11.20 10:22:49;Sell;50.00;XAUUSD;4 040.88;4 039.88;4 030.88;2025.11.20 10:23:17;4 039.88;-150.00;;5 000.00;[sl]
2025.11.19 20:15:01;Buy Stop;50.00;XAUUSD;4 133.27;4 130.87;4 143.27;2025.11.20 05:00:03;4 067.52;;;;cancelled
2025.11.20 04:17:15;Sell;50.00;XAUUSD;4 055.46;4 055.13;4 045.46;2025.11.20 04:17:18;4 055.13;-150.00;;1 650.00;[sl]
2025.11.19 07:00:04;Sell Stop;50.00;XAUUSD;4 055.21;4 057.61;4 045.21;2025.11.19 22:00:04;4 073.60;;;;cancelled
2025.11.19 11:45:02;Buy;50.00;XAUUSD;4 099.07;4 101.51;4 109.07;2025.11.19 11:46:23;4 101.51;-150.00;;12 200.00;[sl]
2025.11.19 07:16:32;Buy;50.00;XAUUSD;4 082.71;4 084.84;4 092.71;2025.11.19 07:16:39;4 084.84;-150.00;;10 650.00;[sl]
2025.11.18 12:30:04;Sell Stop;50.00;XAUUSD;3 997.80;4 000.20;3 987.80;2025.11.19 07:00:03;4 075.44;;;;cancelled
2025.11.18 22:15:03;Buy Stop;50.00;XAUUSD;4 096.33;4 093.93;4 106.33;2025.11.19 02:00:03;4 077.29;;;;cancelled
2025.11.18 22:00:26;Buy;50.00;XAUUSD;4 082.20;4 079.80;4 092.20;2025.11.18 22:02:38;4 079.80;-150.00;;-12 000.00;[sl]
2025.11.17 13:00:03;Buy Stop;50.00;XAUUSD;4 096.33;4 093.93;4 106.33;2025.11.18 19:30:06;4 061.59;;;;cancelled
2025.11.18 06:19:12;Sell;50.00;XAUUSD;4 006.52;4 008.92;3 996.52;2025.11.18 06:20:49;4 008.92;-150.00;;-12 000.00;[sl]
2025.11.17 21:32:09;Sell;50.00;XAUUSD;4 051.94;4 051.00;4 041.94;2025.11.17 21:32:16;4 051.00;-150.00;;4 700.00;[sl]
2025.11.14 19:30:03;Sell Stop;50.00;XAUUSD;4 031.77;4 034.17;4 021.77;2025.11.17 21:00:01;4 062.22;;;;cancelled
2025.11.14 08:30:03;Buy Stop;50.00;XAUUSD;4 211.54;4 209.14;4 221.54;2025.11.17 13:00:02;4 069.83;;;;cancelled
2025.11.14 13:17:11;Sell;50.00;XAUUSD;4 144.97;4 143.05;4 134.97;2025.11.14 13:17:15;4 143.05;-150.00;;9 600.00;[sl]
2025.11.14 13:09:35;Sell;50.00;XAUUSD;4 158.75;4 161.15;4 148.75;2025.11.14 13:10:00;4 161.15;-150.00;;-12 000.00;[sl]
2025.11.13 23:30:04;Sell Stop;50.00;XAUUSD;4 144.97;4 147.37;4 134.97;2025.11.14 12:15:04;4 165.74;;;;cancelled
2025.11.13 17:45:04;Buy Stop;50.00;XAUUSD;4 245.33;4 242.93;4 255.33;2025.11.14 08:30:02;4 177.86;;;;cancelled
2025.11.13 20:31:11;Sell;50.00;XAUUSD;4 184.15;4 177.70;4 174.15;2025.11.13 20:31:24;4 177.70;-150.00;;32 250.00;[sl]
2025.11.13 06:15:01;Sell Stop;50.00;XAUUSD;4 179.63;4 182.03;4 169.63;2025.11.13 19:30:01;4 203.07;;;;cancelled
2025.11.13 09:59:21;Buy;50.00;XAUUSD;4 219.83;4 221.06;4 229.83;2025.11.13 10:00:36;4 221.06;-150.00;;6 150.00;[sl]
2025.11.12 10:30:02;Sell Stop;50.00;XAUUSD;4 098.61;4 101.01;4 088.61;2025.11.13 06:15:01;4 217.71;;;;cancelled
2025.11.13 05:56:10;Buy;50.00;XAUUSD;4 212.06;4 212.75;4 222.06;2025.11.13 06:00:40;4 212.75;-150.00;;3 450.00;[sl]
2025.11.12 17:10:10;Buy;50.00;XAUUSD;4 145.80;4 152.57;4 155.80;2025.11.12 17:10:45;4 152.57;-150.00;;33 850.00;[sl]
2025.11.12 14:21:41;Buy;50.00;XAUUSD;4 133.88;4 136.41;4 143.88;2025.11.12 14:27:12;4 136.41;-150.00;;12 650.00;[sl]
2025.11.12 05:00:14;Buy Stop;50.00;XAUUSD;4 145.80;4 143.40;4 155.80;2025.11.12 14:00:05;4 125.71;;;;cancelled
2025.11.11 20:15:16;Sell Stop;50.00;XAUUSD;4 096.76;4 099.16;4 086.76;2025.11.12 10:30:01;4 127.86;;;;cancelled
2025.11.11 18:30:03;Buy Stop;50.00;XAUUSD;4 147.02;4 144.62;4 157.02;2025.11.12 05:00:14;4 123.49;;;;cancelled
2025.11.11 15:45:02;Buy Stop;50.00;XAUUSD;4 149.27;4 146.87;4 159.27;2025.11.11 18:30:01;4 109.42;;;;cancelled
2025.11.11 16:33:31;Sell;50.00;XAUUSD;4 124.46;4 124.36;4 114.46;2025.11.11 16:33:34;4 124.36;-150.00;;500.00;[sl]
2025.11.11 15:36:32;Buy;50.00;XAUUSD;4 146.31;4 143.91;4 156.31;2025.11.11 15:41:58;4 143.91;-150.00;;-12 000.00;[sl]
2025.11.11 09:00:01;Buy Stop;50.00;XAUUSD;4 149.27;4 146.87;4 159.27;2025.11.11 14:45:01;4 141.30;;;;cancelled
2025.11.10 19:30:03;Sell Stop;50.00;XAUUSD;4 074.09;4 076.49;4 064.09;2025.11.11 10:30:01;4 134.44;;;;cancelled
2025.11.10 23:48:53;Buy;50.00;XAUUSD;4 116.24;4 119.49;4 126.24;2025.11.11 01:10:17;4 119.49;-150.00;-2 410.00;16 250.00;[sl]
2025.11.10 20:16:45;Buy;50.00;XAUUSD;4 106.31;4 109.72;4 116.31;2025.11.10 20:18:51;4 109.72;-150.00;;17 050.00;[sl]
2025.11.07 20:45:02;Sell Stop;50.00;XAUUSD;3 983.91;3 986.31;3 973.91;2025.11.10 19:30:02;4 097.04;;;;cancelled
2025.11.10 03:11:47;Buy;50.00;XAUUSD;4 027.68;4 028.21;4 037.68;2025.11.10 03:12:21;4 028.21;-150.00;;2 650.00;[sl]
2025.11.06 22:15:10;Sell Stop;50.00;XAUUSD;3 965.42;3 967.82;3 955.42;2025.11.07 20:45:01;4 006.19;;;;cancelled
2025.11.07 18:31:41;Buy;50.00;XAUUSD;4 014.62;4 012.22;4 024.62;2025.11.07 18:32:29;4 012.22;-150.00;;-12 000.00;[sl]
2025.11.07 09:00:03;Buy Stop;50.00;XAUUSD;4 019.90;4 017.50;4 029.90;2025.11.07 14:15:01;4 005.90;;;;cancelled
2025.11.07 08:48:55;Buy;50.00;XAUUSD;4 003.54;4 003.85;4 013.54;2025.11.07 08:49:35;4 003.85;-150.00;;1 550.00;[sl]
2025.11.06 17:00:04;Buy Stop;50.00;XAUUSD;4 019.90;4 017.50;4 029.90;2025.11.07 07:00:05;3 998.65;;;;cancelled
2025.11.06 06:00:05;Sell Stop;50.00;XAUUSD;3 964.26;3 966.66;3 954.26;2025.11.06 22:15:05;3 984.17;;;;cancelled
2025.11.06 13:51:34;Buy;50.00;XAUUSD;4 017.24;4 018.57;4 027.24;2025.11.06 13:52:39;4 018.57;-150.00;;6 650.00;[sl]
2025.11.06 07:24:24;Buy;50.00;XAUUSD;3 990.75;3 988.35;4 000.75;2025.11.06 07:30:54;3 988.35;-150.00;;-12 000.00;[sl]
2025.11.05 15:00:06;Sell Stop;50.00;XAUUSD;3 955.89;3 958.29;3 945.89;2025.11.06 06:00:04;3 987.75;;;;cancelled
2025.11.05 18:47:10;Buy;50.00;XAUUSD;3 987.42;3 988.57;3 997.42;2025.11.05 18:47:14;3 988.57;-150.00;;5 750.00;[sl]
2025.11.04 19:30:04;Sell Stop;50.00;XAUUSD;3 928.43;3 930.83;3 918.43;2025.11.05 15:00:05;3 969.02;;;;cancelled
2025.11.04 13:15:04;Buy Stop;50.00;XAUUSD;4 001.07;3 998.67;4 011.07;2025.11.05 13:00:08;3 964.56;;;;cancelled
2025.11.04 16:05:43;Sell;50.00;XAUUSD;3 966.30;3 965.14;3 956.30;2025.11.04 16:05:45;3 965.14;-150.00;;5 800.00;[sl]
2025.11.03 20:00:01;Buy Stop;50.00;XAUUSD;4 031.00;4 028.60;4 041.00;2025.11.04 13:15:03;3 994.20;;;;cancelled
2025.11.04 01:12:59;Sell;50.00;XAUUSD;3 995.08;3 992.48;3 985.08;2025.11.04 01:13:30;3 992.48;-150.00;;13 000.00;[sl]
2025.11.03 14:45:03;Sell Stop;50.00;XAUUSD;3 992.98;3 995.38;3 982.98;2025.11.03 21:15:06;4 004.00;;;;cancelled
2025.11.03 17:00:14;Buy;50.00;XAUUSD;4 028.30;4 028.83;4 038.30;2025.11.03 17:00:25;4 028.83;-150.00;;2 650.00;[sl]
2025.11.03 05:15:03;Sell Stop;50.00;XAUUSD;3 961.89;3 964.29;3 951.89;2025.11.03 14:45:03;4 008.39;;;;cancelled
2025.10.31 18:45:03;Buy Stop;50.00;XAUUSD;4 036.47;4 034.07;4 046.47;2025.11.03 13:00:06;3 998.78;;;;cancelled
2025.11.03 02:14:10;Sell;50.00;XAUUSD;3 972.01;3 974.41;3 962.01;2025.11.03 02:14:22;3 974.41;-150.00;;-12 000.00;[sl]
2025.10.31 19:14:22;Sell;50.00;XAUUSD;3 988.86;3 986.59;3 978.86;2025.10.31 19:14:25;3 986.59;-150.00;;11 350.00;[sl]
2025.10.31 15:45:03;Buy Stop;50.00;XAUUSD;4 046.55;4 044.15;4 056.55;2025.10.31 18:45:02;4 020.26;;;;cancelled
2025.10.31 15:39:28;Buy;50.00;XAUUSD;4 027.04;4 029.42;4 037.04;2025.10.31 15:41:39;4 029.42;-150.00;;11 900.00;[sl]
2025.10.31 04:45:03;Buy Stop;50.00;XAUUSD;4 046.55;4 044.15;4 056.55;2025.10.31 14:00:07;4 007.04;;;;cancelled
2025.10.30 19:00:09;Sell Stop;50.00;XAUUSD;3 960.24;3 962.64;3 950.24;2025.10.31 10:00:03;4 013.99;;;;cancelled
2025.10.30 20:46:53;Buy;50.00;XAUUSD;4 015.12;4 015.71;4 025.12;2025.10.30 20:47:09;4 015.71;-150.00;;2 950.00;[sl]
2025.10.30 09:00:02;Sell Stop;50.00;XAUUSD;3 915.20;3 917.60;3 905.20;2025.10.30 19:00:07;4 002.27;;;;cancelled
2025.10.30 17:09:20;Buy;50.00;XAUUSD;4 012.33;4 012.94;4 022.33;2025.10.30 17:09:30;4 012.94;-150.00;;3 050.00;[sl]
2025.10.30 12:15:01;Buy Stop;50.00;XAUUSD;4 030.82;4 028.42;4 040.82;2025.10.30 15:15:03;3 982.77;;;;cancelled
2025.10.30 12:01:12;Buy;50.00;XAUUSD;3 982.83;3 984.00;3 992.83;2025.10.30 12:01:35;3 984.00;-150.00;;5 850.00;[sl]
2025.10.29 18:15:01;Buy Stop;50.00;XAUUSD;4 030.82;4 028.42;4 040.82;2025.10.30 10:45:03;3 962.04;;;;cancelled
2025.10.30 06:15:02;Sell Stop;50.00;XAUUSD;3 914.24;3 916.64;3 904.24;2025.10.30 09:00:01;3 962.26;;;;cancelled
2025.10.30 06:01:37;Sell;50.00;XAUUSD;3 915.84;3 918.24;3 905.84;2025.10.30 06:02:06;3 918.24;-150.00;;-12 000.00;[sl]
2025.10.29 04:00:06;Sell Stop;50.00;XAUUSD;3 914.24;3 916.64;3 904.24;2025.10.30 04:00:04;3 952.32;;;;cancelled
2025.10.29 09:46:46;Buy;50.00;XAUUSD;3 982.78;3 983.75;3 992.78;2025.10.29 09:47:36;3 983.75;-150.00;;4 850.00;[sl]
2025.10.28 15:00:01;Sell Stop;50.00;XAUUSD;3 886.37;3 888.77;3 876.37;2025.10.29 04:00:04;3 976.05;;;;cancelled
2025.10.29 03:29:20;Buy;50.00;XAUUSD;3 970.76;3 971.21;3 980.76;2025.10.29 03:29:50;3 971.21;-150.00;;2 250.00;[sl]
2025.10.28 07:15:06;Buy Stop;50.00;XAUUSD;4 019.98;4 017.58;4 029.98;2025.10.28 23:15:01;3 954.35;;;;cancelled
2025.10.28 07:26:12;Sell;50.00;XAUUSD;3 971.29;3 969.62;3 961.29;2025.10.28 07:26:18;3 969.62;-150.00;;8 350.00;[sl]
2025.10.24 22:15:03;Buy Stop;50.00;XAUUSD;4 138.99;4 136.59;4 148.99;2025.10.28 07:15:06;3 987.34;;;;cancelled
2025.10.27 11:53:09;Sell;50.00;XAUUSD;4 053.49;4 045.70;4 043.49;2025.10.27 11:53:17;4 045.70;-150.00;;38 950.00;[sl]
2025.10.27 07:15:01;Sell Stop;50.00;XAUUSD;4 043.67;4 046.07;4 033.67;2025.10.27 10:00:02;4 078.41;;;;cancelled
2025.10.27 07:05:24;Sell;50.00;XAUUSD;4 057.95;4 054.80;4 047.95;2025.10.27 07:05:33;4 054.80;-150.00;;15 750.00;[sl]
2025.10.24 17:00:01;Sell Stop;50.00;XAUUSD;4 043.67;4 046.07;4 033.67;2025.10.27 06:00:02;4 072.03;;;;cancelled
2025.10.24 07:15:04;Buy Stop;50.00;XAUUSD;4 144.77;4 142.37;4 154.77;2025.10.24 22:15:02;4 114.72;;;;cancelled
2025.10.24 07:24:56;Sell;50.00;XAUUSD;4 105.79;4 108.19;4 095.79;2025.10.24 07:25:45;4 108.19;-150.00;;-12 000.00;[sl]
2025.10.23 20:00:01;Buy Stop;50.00;XAUUSD;4 155.04;4 152.64;4 165.04;2025.10.24 07:15:03;4 116.49;;;;cancelled
2025.10.23 06:15:04;Sell Stop;50.00;XAUUSD;4 065.75;4 068.15;4 055.75;2025.10.24 05:30:02;4 111.71;;;;cancelled
2025.10.23 16:18:08;Buy;50.00;XAUUSD;4 138.37;4 140.14;4 148.37;2025.10.23 16:18:58;4 140.14;-150.00;;8 850.00;[sl]
2025.10.23 09:00:48;Buy;50.00;XAUUSD;4 116.27;4 113.87;4 126.27;2025.10.23 09:02:30;4 113.87;-150.00;;-12 000.00;[sl]
2025.10.22 20:45:02;Sell Stop;50.00;XAUUSD;4 011.08;4 013.48;4 001.08;2025.10.23 06:15:03;4 089.50;;;;cancelled
2025.10.22 12:45:05;Buy Stop;50.00;XAUUSD;4 161.62;4 159.22;4 171.62;2025.10.23 04:00:01;4 081.00;;;;cancelled
2025.10.22 18:00:03;Sell Stop;50.00;XAUUSD;4 004.02;4 006.42;3 994.02;2025.10.22 20:45:01;4 055.43;;;;cancelled
2025.10.22 17:54:18;Sell;50.00;XAUUSD;4 014.94;4 014.59;4 004.94;2025.10.22 17:54:23;4 014.59;-150.00;;1 750.00;[sl]
2025.10.22 06:00:01;Sell Stop;50.00;XAUUSD;4 004.02;4 006.42;3 994.02;2025.10.22 17:30:06;4 055.89;;;;cancelled
2025.10.21 02:45:06;Buy Stop;50.00;XAUUSD;4 381.73;4 379.33;4 391.73;2025.10.22 12:45:05;4 062.65;;;;cancelled
2025.10.22 03:02:08;Sell;50.00;XAUUSD;4 080.88;4 083.28;4 070.88;2025.10.22 03:02:14;4 083.28;-150.00;;-12 000.00;[sl]
2025.10.21 15:10:41;Sell;50.00;XAUUSD;4 244.00;4 240.22;4 234.00;2025.10.21 15:10:42;4 234.00;-150.00;;50 000.00;[tp]
2025.10.21 08:15:00;Sell Stop;50.00;XAUUSD;4 221.18;4 223.58;4 211.18;2025.10.21 14:00:14;4 253.19;;;;cancelled
2025.10.21 08:12:07;Sell;50.00;XAUUSD;4 332.52;4 334.92;4 322.52;2025.10.21 08:12:54;4 334.92;-150.00;;-12 000.00;[sl]
2025.10.20 12:30:04;Sell Stop;45.61;XAUUSD;4 221.18;4 223.58;4 211.18;2025.10.21 07:30:01;4 342.63;;;;cancelled
2025.10.20 21:29:31;Buy;50.00;XAUUSD;4 355.99;4 358.66;4 365.99;2025.10.20 21:30:11;4 358.66;-150.00;;13 350.00;[sl]
2025.10.20 14:59:07;Buy;45.61;XAUUSD;4 273.99;4 280.37;4 283.99;2025.10.20 15:00:11;4 280.37;-136.83;;29 099.18;[sl]
2025.10.17 23:00:04;Sell Stop;45.61;XAUUSD;4 185.47;4 187.87;4 175.47;2025.10.20 12:30:04;4 253.78;;;;cancelled
2025.10.17 11:00:02;Buy Stop;36.42;XAUUSD;4 378.89;4 376.49;4 388.89;2025.10.20 04:00:03;4 250.25;;;;cancelled
2025.10.17 16:35:34;Sell;37.77;XAUUSD;4 278.67;4 281.07;4 268.67;2025.10.17 16:35:35;4 268.67;-113.31;;37 770.00;[tp]
2025.10.17 14:34:42;Sell;36.42;XAUUSD;4 307.95;4 306.15;4 297.95;2025.10.17 14:34:55;4 306.15;-109.26;;6 555.60;[sl]
2025.10.17 07:30:05;Sell Stop;36.42;XAUUSD;4 278.67;4 281.07;4 268.67;2025.10.17 13:15:01;4 338.21;;;;cancelled
2025.10.17 04:15:00;Buy Stop;36.42;XAUUSD;4 379.74;4 377.34;4 389.74;2025.10.17 11:00:01;4 342.23;;;;cancelled
2025.10.16 11:45:03;Sell Stop;38.37;XAUUSD;4 203.31;4 205.71;4 193.31;2025.10.17 07:30:02;4 360.38;;;;cancelled
2025.10.16 13:01:56;Buy;38.37;XAUUSD;4 242.44;4 240.04;4 252.44;2025.10.16 13:04:54;4 240.04;-115.11;;-9 208.80;[sl]
2025.10.15 15:15:02;Sell Stop;39.63;XAUUSD;4 164.09;4 166.49;4 154.09;2025.10.16 11:45:02;4 232.48;;;;cancelled
2025.10.16 03:21:17;Buy;37.62;XAUUSD;4 218.52;4 219.50;4 228.52;2025.10.16 03:23:06;4 219.50;-112.86;;3 686.76;[sl]
2025.10.15 22:33:49;Buy;39.63;XAUUSD;4 212.64;4 210.24;4 222.64;2025.10.15 22:35:57;4 210.24;-118.89;;-9 511.20;[sl]
2025.10.15 14:15:00;Buy Stop;39.63;XAUUSD;4 218.52;4 216.12;4 228.52;2025.10.15 20:00:01;4 198.98;;;;cancelled
2025.10.14 12:15:03;Sell Stop;41.22;XAUUSD;4 090.17;4 092.57;4 080.17;2025.10.15 15:15:00;4 192.03;;;;cancelled
2025.10.15 04:07:25;Buy;41.74;XAUUSD;4 180.07;4 177.67;4 190.07;2025.10.15 04:08:42;4 177.67;-125.22;;-10 017.60;[sl]
2025.10.15 01:13:19;Buy;41.22;XAUUSD;4 155.56;4 156.20;4 165.56;2025.10.15 01:13:57;4 156.20;-123.66;;2 638.08;[sl]
2025.10.14 11:15:04;Buy Stop;41.22;XAUUSD;4 180.07;4 177.67;4 190.07;2025.10.14 22:45:03;4 140.07;;;;cancelled
2025.10.10 20:00:04;Sell Stop;35.00;XAUUSD;3 970.40;3 972.80;3 960.40;2025.10.14 12:15:01;4 141.13;;;;cancelled
2025.10.14 02:33:30;Buy;38.57;XAUUSD;4 117.41;4 120.73;4 127.41;2025.10.14 02:34:04;4 120.73;-115.71;;12 805.24;[sl]
2025.10.13 11:53:06;Buy;38.33;XAUUSD;4 078.51;4 078.84;4 088.51;2025.10.13 12:05:20;4 078.84;-114.99;;1 264.89;[sl]
2025.10.13 08:04:57;Buy;37.33;XAUUSD;4 060.23;4 061.55;4 070.23;2025.10.13 08:05:10;4 061.55;-111.99;;4 927.56;[sl]
2025.10.13 01:12:22;Buy;35.00;XAUUSD;4 023.25;4 026.47;4 033.25;2025.10.13 01:12:52;4 026.47;-105.00;;11 270.00;[sl]
2025.10.10 10:00:01;Sell Stop;36.88;XAUUSD;3 946.78;3 949.18;3 936.78;2025.10.10 20:00:04;3 983.00;;;;cancelled
2025.10.10 18:06:10;Buy;35.01;XAUUSD;4 007.04;4 007.06;4 017.04;2025.10.10 18:06:42;4 007.06;-105.03;;70.02;[sl]
2025.10.10 11:47:42;Buy;36.88;XAUUSD;3 994.74;3 992.34;4 004.74;2025.10.10 11:50:04;3 992.34;-110.64;;-8 851.20;[sl]
2025.10.09 23:15:03;Sell Stop;36.88;XAUUSD;3 944.38;3 946.78;3 934.38;2025.10.10 10:00:00;3 968.43;;;;cancelled
2025.10.09 19:00:04;Buy Stop;35.45;XAUUSD;4 058.10;4 055.70;4 068.10;2025.10.10 06:45:00;3 964.59;;;;cancelled
2025.10.09 19:34:52;Sell;34.11;XAUUSD;4 001.02;3 998.98;3 991.02;2025.10.09 19:35:09;3 998.98;-102.33;;6 958.44;[sl]
2025.10.09 14:15:01;Buy Stop;35.45;XAUUSD;4 059.50;4 057.10;4 069.50;2025.10.09 19:00:03;4 014.05;;;;cancelled
2025.10.09 13:59:44;Buy;34.11;XAUUSD;4 044.02;4 045.94;4 054.02;2025.10.09 14:00:37;4 045.94;-102.33;;6 549.12;[sl]
2025.10.08 22:30:03;Buy Stop;28.24;XAUUSD;4 059.50;4 057.10;4 069.50;2025.10.09 11:38:55;4 038.96;;;;cancelled
2025.10.09 01:09:13;Sell;28.24;XAUUSD;4 026.10;4 019.67;4 016.10;2025.10.09 01:09:32;4 016.10;-84.72;;28 240.00;[tp]
2025.10.07 14:00:05;Sell Stop;27.46;XAUUSD;3 940.65;3 943.05;3 930.65;2025.10.08 19:30:04;4 055.91;;;;cancelled
2025.10.08 18:05:42;Buy;28.26;XAUUSD;4 049.91;4 049.91;4 059.91;2025.10.08 18:05:49;4 049.91;-84.78;;0.00;[sl]
2025.10.08 02:00:28;Buy;28.26;XAUUSD;3 991.38;3 991.41;4 001.38;2025.10.08 02:01:47;3 991.41;-84.78;;84.78;[sl]
2025.10.07 15:52:49;Buy;27.35;XAUUSD;3 977.75;3 979.18;3 987.75;2025.10.07 15:57:50;3 979.18;-82.05;;3 911.05;[sl]
2025.10.07 10:00:05;Sell Stop;27.46;XAUUSD;3 926.20;3 928.60;3 916.20;2025.10.07 14:00:03;3 960.15;;;;cancelled
2025.10.07 09:55:47;Sell;27.35;XAUUSD;3 955.71;3 955.49;3 945.71;2025.10.07 09:56:11;3 955.49;-82.05;;601.70;[sl]
2025.10.06 18:30:03;Sell Stop;27.02;XAUUSD;3 926.20;3 928.60;3 916.20;2025.10.07 07:30:04;3 973.37;;;;cancelled
2025.10.07 01:11:40;Buy;27.02;XAUUSD;3 970.49;3 971.12;3 980.49;2025.10.07 01:11:41;3 971.12;-81.06;;1 702.26;[sl]
2025.10.03 17:30:05;Sell Stop;26.48;XAUUSD;3 854.59;3 856.99;3 844.59;2025.10.06 18:30:02;3 949.94;;;;cancelled
2025.10.06 17:03:09;Buy;28.46;XAUUSD;3 949.83;3 947.43;3 959.83;2025.10.06 17:03:48;3 947.43;-85.38;;-6 830.40;[sl]
2025.10.06 11:02:00;Buy;27.76;XAUUSD;3 945.41;3 946.64;3 955.41;2025.10.06 11:06:11;3 946.64;-83.28;;3 414.48;[sl]
2025.10.06 05:00:49;Buy;26.99;XAUUSD;3 921.17;3 922.57;3 931.17;2025.10.06 05:01:43;3 922.57;-80.97;;3 778.60;[sl]
2025.10.06 01:15:39;Buy;26.48;XAUUSD;3 891.96;3 892.92;3 901.96;2025.10.06 01:18:14;3 892.92;-79.44;;2 542.08;[sl]
2025.10.03 09:30:03;Sell Stop;26.32;XAUUSD;3 837.82;3 840.22;3 827.82;2025.10.03 17:30:04;3 879.06;;;;cancelled
2025.10.03 10:41:53;Buy;26.32;XAUUSD;3 864.01;3 864.33;3 874.01;2025.10.03 10:42:51;3 864.33;-78.96;;842.24;[sl]
2025.10.02 21:30:03;Sell Stop;26.32;XAUUSD;3 819.22;3 821.62;3 809.22;2025.10.03 09:30:02;3 860.75;;;;cancelled
2025.10.02 19:30:03;Buy Stop;26.32;XAUUSD;3 897.13;3 894.73;3 907.13;2025.10.03 05:45:00;3 849.60;;;;cancelled
2025.10.02 17:25:57;Sell;25.98;XAUUSD;3 861.49;3 861.18;3 851.49;2025.10.02 17:26:04;3 861.18;-77.94;;805.38;[sl]
2025.10.02 16:31:48;Buy;25.33;XAUUSD;3 895.57;3 895.96;3 905.57;2025.10.02 16:32:19;3 895.96;-75.99;;987.87;[sl]
2025.10.02 07:00:03;Sell Stop;25.98;XAUUSD;3 852.47;3 854.87;3 842.47;2025.10.02 13:30:03;3 882.74;;;;cancelled
2025.10.02 04:00:02;Sell;25.44;XAUUSD;3 854.81;3 853.77;3 844.81;2025.10.02 04:00:50;3 853.77;-76.32;;2 645.76;[sl]
2025.10.01 21:15:03;Sell Stop;25.44;XAUUSD;3 853.18;3 855.58;3 843.18;2025.10.02 01:15:18;3 863.11;;;;cancelled
2025.10.01 21:05:02;Sell;25.33;XAUUSD;3 856.22;3 855.97;3 846.22;2025.10.01 21:05:21;3 855.97;-75.99;;633.25;[sl]
2025.10.01 12:15:04;Sell Stop;25.33;XAUUSD;3 853.18;3 855.58;3 843.18;2025.10.01 20:45:03;3 864.15;;;;cancelled
2025.09.30 17:00:02;Sell Stop;22.36;XAUUSD;3 792.92;3 795.32;3 782.92;2025.10.01 12:15:03;3 893.94;;;;cancelled
2025.10.01 10:51:14;Buy;25.30;XAUUSD;3 875.76;3 875.85;3 885.76;2025.10.01 10:51:39;3 875.85;-75.90;;227.70;[sl]
2025.10.01 05:05:00;Buy;24.78;XAUUSD;3 871.97;3 872.99;3 881.97;2025.10.01 05:05:24;3 872.99;-74.34;;2 527.56;[sl]
2025.09.30 22:33:25;Buy;22.36;XAUUSD;3 854.80;3 860.03;3 864.80;2025.09.30 22:56:38;3 860.03;-67.08;;11 694.28;[sl]
2025.09.30 12:15:00;Buy Stop;22.36;XAUUSD;3 871.97;3 869.57;3 881.97;2025.09.30 20:45:02;3 846.18;;;;cancelled
2025.09.29 04:00:05;Sell Stop;23.27;XAUUSD;3 756.19;3 758.59;3 746.19;2025.09.30 17:00:02;3 824.44;;;;cancelled
2025.09.29 23:55:27;Buy;23.78;XAUUSD;3 833.84;3 831.44;3 843.84;2025.09.30 01:05:55;3 831.44;-71.34;-1 006.37;-5 707.20;[sl]
2025.09.29 18:04:23;Buy;23.68;XAUUSD;3 831.68;3 831.90;3 841.68;2025.09.29 18:04:42;3 831.90;-71.04;;520.96;[sl]
2025.09.29 14:15:29;Buy;23.27;XAUUSD;3 820.07;3 820.95;3 830.07;2025.09.29 14:15:49;3 820.95;-69.81;;2 047.76;[sl]
2025.09.26 09:15:05;Sell Stop;22.73;XAUUSD;3 734.24;3 736.64;3 724.24;2025.09.29 04:00:04;3 787.95;;;;cancelled
2025.09.29 03:45:18;Buy;22.94;XAUUSD;3 784.12;3 784.83;3 794.12;2025.09.29 03:46:13;3 784.83;-68.82;;1 628.74;[sl]
2025.09.26 16:07:42;Buy;22.87;XAUUSD;3 758.57;3 758.75;3 768.57;2025.09.26 16:08:28;3 758.75;-68.61;;411.66;[sl]
2025.09.26 15:31:22;Buy;22.73;XAUUSD;3 755.49;3 755.83;3 765.49;2025.09.26 15:31:53;3 755.83;-68.19;;772.82;[sl]
2025.09.26 01:45:04;Buy Stop;22.73;XAUUSD;3 758.57;3 756.17;3 768.57;2025.09.26 14:30:05;3 751.44;;;;cancelled
2025.09.25 19:45:02;Sell Stop;22.73;XAUUSD;3 721.82;3 724.22;3 711.82;2025.09.26 09:15:04;3 751.53;;;;cancelled
2025.09.25 14:15:03;Buy Stop;22.49;XAUUSD;3 761.86;3 759.46;3 771.86;2025.09.26 01:45:04;3 749.88;;;;cancelled
2025.09.25 16:40:34;Sell;23.69;XAUUSD;3 729.36;3 728.86;3 719.36;2025.09.25 16:40:43;3 728.86;-71.07;;1 184.50;[sl]
2025.09.25 10:39:13;Buy;23.69;XAUUSD;3 751.79;3 749.39;3 761.79;2025.09.25 10:40:34;3 749.39;-71.07;;-5 685.60;[sl]
2025.09.25 02:15:02;Sell Stop;23.69;XAUUSD;3 717.24;3 719.64;3 707.24;2025.09.25 08:00:05;3 738.04;;;;cancelled
2025.09.24 19:15:05;Buy Stop;23.69;XAUUSD;3 773.28;3 770.88;3 783.28;2025.09.25 06:30:04;3 735.79;;;;cancelled
2025.09.24 13:30:04;Buy Stop;24.96;XAUUSD;3 779.61;3 777.21;3 789.61;2025.09.24 19:15:04;3 741.09;;;;cancelled
2025.09.24 17:53:51;Sell;24.96;XAUUSD;3 750.44;3 752.84;3 740.44;2025.09.24 17:54:20;3 752.84;-74.88;;-5 990.40;[sl]
2025.09.24 08:22:03;Buy;24.66;XAUUSD;3 772.05;3 772.65;3 782.05;2025.09.24 08:28:33;3 772.65;-73.98;;1 479.60;[sl]
2025.09.23 15:15:03;Buy Stop;24.61;XAUUSD;3 791.44;3 789.04;3 801.44;2025.09.24 07:00:03;3 765.56;;;;cancelled
2025.09.24 05:33:34;Sell;24.61;XAUUSD;3 751.76;3 751.62;3 741.76;2025.09.24 05:37:05;3 751.62;-73.83;;344.54;[sl]
2025.09.23 08:45:03;Sell Stop;23.14;XAUUSD;3 736.43;3 738.83;3 726.43;2025.09.24 02:15:03;3 768.35;;;;cancelled
2025.09.23 11:29:49;Buy;23.14;XAUUSD;3 759.51;3 762.59;3 769.51;2025.09.23 11:32:39;3 762.59;-69.42;;7 127.12;[sl]
2025.09.22 18:15:04;Sell Stop;22.80;XAUUSD;3 711.90;3 714.30;3 701.90;2025.09.23 08:45:03;3 757.35;;;;cancelled
2025.09.23 02:23:23;Buy;24.37;XAUUSD;3 749.17;3 746.77;3 759.17;2025.09.23 02:24:34;3 746.77;-73.11;;-5 848.80;[sl]
2025.09.22 18:24:44;Buy;22.80;XAUUSD;3 728.66;3 732.00;3 738.66;2025.09.22 18:32:10;3 732.00;-68.40;;7 615.20;[sl]
2025.09.19 19:00:05;Sell Stop;22.80;XAUUSD;3 643.40;3 645.80;3 633.40;2025.09.22 18:15:02;3 725.02;;;;cancelled
2025.09.19 07:45:05;Sell Stop;21.85;XAUUSD;3 632.05;3 634.45;3 622.05;2025.09.19 19:00:04;3 671.46;;;;cancelled
2025.09.19 16:56:52;Buy;21.85;XAUUSD;3 661.52;3 663.63;3 671.52;2025.09.19 16:58:19;3 663.63;-65.55;;4 610.35;[sl]
2025.09.18 15:30:06;Buy Stop;21.18;XAUUSD;3 673.39;3 670.99;3 683.39;2025.09.19 11:00:04;3 654.10;;;;cancelled
2025.09.18 19:45:02;Sell Stop;21.85;XAUUSD;3 627.71;3 630.11;3 617.71;2025.09.19 07:45:05;3 659.02;;;;cancelled
2025.09.18 16:44:06;Sell;21.18;XAUUSD;3 633.59;3 632.04;3 623.59;2025.09.18 16:44:36;3 632.04;-63.54;;3 282.90;[sl]
2025.09.18 01:15:04;Buy Stop;19.82;XAUUSD;3 707.87;3 705.47;3 717.87;2025.09.18 15:30:06;3 669.47;;;;cancelled
2025.09.18 09:03:53;Sell;19.82;XAUUSD;3 645.93;3 642.60;3 635.93;2025.09.18 09:05:32;3 642.60;-59.46;;6 600.06;[sl]
2025.09.17 21:45:44;Sell;19.68;XAUUSD;3 659.84;3 659.47;3 649.84;2025.09.17 21:46:12;3 659.47;-59.04;;728.16;[sl]
2025.09.17 21:01:12;Sell;20.44;XAUUSD;3 659.84;3 662.24;3 649.84;2025.09.17 21:01:14;3 662.24;-61.32;;-4 905.60;[sl]
2025.09.17 21:00:05;Buy;20.33;XAUUSD;3 695.63;3 696.30;3 705.63;2025.09.17 21:00:13;3 696.30;-60.99;;1 362.11;[sl]
2025.09.17 09:38:31;Sell;20.33;XAUUSD;3 673.84;3 673.55;3 663.84;2025.09.17 09:40:32;3 673.55;-60.99;;589.57;[sl]
2025.09.16 20:15:02;Buy Stop;20.21;XAUUSD;3 703.45;3 701.05;3 713.45;2025.09.17 06:00:06;3 682.30;;;;cancelled
2025.09.17 04:37:00;Sell;20.21;XAUUSD;3 678.60;3 678.28;3 668.60;2025.09.17 04:37:49;3 678.28;-60.63;;646.72;[sl]
2025.09.16 08:45:03;Sell Stop;19.41;XAUUSD;3 674.50;3 676.90;3 664.50;2025.09.16 21:30:03;3 688.92;;;;cancelled
2025.09.16 09:44:59;Buy;19.41;XAUUSD;3 689.86;3 691.87;3 699.86;2025.09.16 09:48:23;3 691.87;-58.23;;3 901.41;[sl]
2025.09.15 13:15:04;Sell Stop;19.13;XAUUSD;3 633.49;3 635.89;3 623.49;2025.09.16 08:45:03;3 681.50;;;;cancelled
2025.09.16 03:57:41;Buy;19.34;XAUUSD;3 685.89;3 686.10;3 695.89;2025.09.16 03:58:11;3 686.10;-58.02;;406.14;[sl]
2025.09.15 15:47:29;Buy;19.13;XAUUSD;3 647.21;3 647.76;3 657.21;2025.09.15 15:47:51;3 647.76;-57.39;;1 052.15;[sl]
2025.09.15 07:00:05;Sell Stop;19.13;XAUUSD;3 626.36;3 628.76;3 616.36;2025.09.15 13:15:02;3 644.46;;;;cancelled
2025.09.12 20:15:05;Buy Stop;18.52;XAUUSD;3 654.70;3 652.30;3 664.70;2025.09.15 10:00:03;3 636.48;;;;cancelled
2025.09.15 02:33:44;Sell;18.52;XAUUSD;3 637.41;3 635.79;3 627.41;2025.09.15 03:04:29;3 635.79;-55.56;;3 000.24;[sl]
2025.09.12 11:15:06;Buy Stop;18.52;XAUUSD;3 656.95;3 654.55;3 666.95;2025.09.12 20:15:03;3 650.04;;;;cancelled
2025.09.11 15:45:04;Sell Stop;18.39;XAUUSD;3 613.89;3 616.29;3 603.89;2025.09.12 15:00:06;3 647.74;;;;cancelled
2025.09.12 04:31:36;Buy;18.39;XAUUSD;3 644.33;3 644.69;3 654.33;2025.09.12 04:31:57;3 644.69;-55.17;;662.04;[sl]
2025.09.11 07:30:04;Buy Stop;19.17;XAUUSD;3 649.46;3 647.06;3 659.46;2025.09.11 18:30:05;3 636.30;;;;cancelled
2025.09.11 15:30:05;Sell;19.37;XAUUSD;3 613.89;3 616.29;3 603.89;2025.09.11 15:30:07;3 616.29;-58.11;;-4 648.80;[sl]
2025.09.11 12:04:09;Sell;19.17;XAUUSD;3 622.60;3 622.07;3 612.60;2025.09.11 12:11:55;3 622.07;-57.51;;1 016.01;[sl]
2025.09.10 16:45:05;Buy Stop;20.08;XAUUSD;3 657.88;3 655.48;3 667.88;2025.09.11 07:30:03;3 633.60;;;;cancelled
2025.09.11 05:45:44;Sell;20.19;XAUUSD;3 634.96;3 637.36;3 624.96;2025.09.11 05:47:41;3 637.36;-60.57;;-4 845.60;[sl]
2025.09.10 22:45:02;Sell Stop;20.19;XAUUSD;3 619.05;3 621.45;3 609.05;2025.09.11 02:30:04;3 642.91;;;;cancelled
2025.09.10 22:32:55;Sell;20.08;XAUUSD;3 638.39;3 638.08;3 628.39;2025.09.10 22:33:24;3 638.08;-60.24;;622.48;[sl]
2025.09.10 04:00:05;Sell Stop;20.08;XAUUSD;3 619.05;3 621.45;3 609.05;2025.09.10 21:15:03;3 647.61;;;;cancelled
2025.09.09 20:00:05;Buy Stop;21.15;XAUUSD;3 675.22;3 672.82;3 685.22;2025.09.10 16:45:04;3 649.83;;;;cancelled
2025.09.09 23:46:01;Sell;21.15;XAUUSD;3 626.66;3 629.06;3 616.66;2025.09.09 23:48:19;3 629.06;-63.45;;-5 076.00;[sl]
2025.09.09 17:38:03;Sell;22.08;XAUUSD;3 636.24;3 638.64;3 626.24;2025.09.09 17:38:11;3 638.64;-66.24;;-5 299.20;[sl]
2025.09.09 16:27:03;Buy;22.08;XAUUSD;3 659.66;3 660.10;3 669.66;2025.09.09 16:27:34;3 660.10;-66.24;;971.52;[sl]
2025.09.09 05:15:05;Sell Stop;22.08;XAUUSD;3 628.00;3 630.40;3 618.00;2025.09.09 12:15:03;3 655.52;;;;cancelled
2025.09.08 10:00:06;Sell Stop;23.25;XAUUSD;3 579.27;3 581.67;3 569.27;2025.09.09 05:15:05;3 651.79;;;;cancelled
2025.09.09 04:35:59;Buy;23.25;XAUUSD;3 646.73;3 644.33;3 656.73;2025.09.09 04:37:20;3 644.33;-69.75;;-5 580.00;[sl]
2025.09.08 04:00:07;Sell Stop;23.01;XAUUSD;3 577.10;3 579.50;3 567.10;2025.09.08 10:00:05;3 597.85;;;;cancelled
2025.09.08 09:44:55;Buy;23.01;XAUUSD;3 597.48;3 598.01;3 607.48;2025.09.08 09:45:54;3 598.01;-69.03;;1 219.53;[sl]
2025.09.05 22:30:03;Buy Stop;23.01;XAUUSD;3 600.45;3 598.05;3 610.45;2025.09.08 07:00:04;3 583.29;;;;cancelled
2025.09.05 14:45:05;Sell Stop;19.06;XAUUSD;3 544.57;3 546.97;3 534.57;2025.09.08 04:00:04;3 594.91;;;;cancelled
2025.09.05 15:30:04;Buy;19.06;XAUUSD;3 561.49;3 569.04;3 571.49;2025.09.05 15:30:05;3 571.49;-57.18;;19 060.00;[tp]
2025.09.04 20:00:02;Sell Stop;20.07;XAUUSD;3 534.86;3 537.26;3 524.86;2025.09.05 14:45:04;3 551.34;;;;cancelled
2025.09.05 06:54:51;Buy;20.07;XAUUSD;3 559.11;3 556.71;3 569.11;2025.09.05 07:04:34;3 556.71;-60.21;;-4 816.80;[sl]
2025.09.04 09:00:03;Sell Stop;20.07;XAUUSD;3 510.88;3 513.28;3 500.88;2025.09.04 20:00:00;3 552.53;;;;cancelled
2025.09.04 01:15:05;Buy Stop;21.13;XAUUSD;3 578.74;3 576.34;3 588.74;2025.09.04 19:30:04;3 553.38;;;;cancelled
2025.09.04 05:54:15;Sell;20.94;XAUUSD;3 526.64;3 529.04;3 516.64;2025.09.04 05:55:03;3 529.04;-62.82;;-5 025.60;[sl]
2025.09.03 14:13:13;Buy;20.94;XAUUSD;3 547.12;3 547.59;3 557.12;2025.09.03 14:32:35;3 547.59;-62.82;;984.18;[sl]
2025.09.02 14:00:05;Sell Stop;20.69;XAUUSD;3 469.93;3 472.33;3 459.93;2025.09.03 11:45:04;3 538.66;;;;cancelled
2025.09.03 03:24:05;Buy;20.94;XAUUSD;3 540.37;3 540.39;3 550.37;2025.09.03 03:24:21;3 540.39;-62.82;;41.88;[sl]
2025.09.02 17:44:47;Buy;20.69;XAUUSD;3 509.10;3 509.71;3 519.10;2025.09.02 17:45:04;3 509.71;-62.07;;1 262.09;[sl]
2025.09.01 16:00:02;Sell Stop;19.30;XAUUSD;3 466.13;3 468.53;3 456.13;2025.09.02 14:00:04;3 485.77;;;;cancelled
2025.09.02 04:16:37;Buy;19.38;XAUUSD;3 490.24;3 493.53;3 500.24;2025.09.02 04:17:46;3 493.53;-58.14;;6 376.02;[sl]
2025.09.02 03:03:32;Buy;19.30;XAUUSD;3 481.64;3 481.86;3 491.64;2025.09.02 03:04:15;3 481.86;-57.90;;424.60;[sl]
2025.09.01 12:30:04;Buy Stop;19.30;XAUUSD;3 490.24;3 487.84;3 500.24;2025.09.01 20:15:02;3 477.23;;;;cancelled
2025.09.01 07:15:05;Sell Stop;18.87;XAUUSD;3 436.82;3 439.22;3 426.82;2025.09.01 16:00:02;3 469.21;;;;cancelled
2025.09.01 09:32:48;Buy;18.87;XAUUSD;3 486.43;3 487.55;3 496.43;2025.09.01 09:37:10;3 487.55;-56.61;;2 113.44;[sl]
2025.08.29 17:00:04;Sell Stop;18.59;XAUUSD;3 404.02;3 406.42;3 394.02;2025.09.01 07:15:04;3 474.83;;;;cancelled
2025.09.01 04:58:32;Buy;18.59;XAUUSD;3 454.22;3 454.99;3 464.22;2025.09.01 04:58:43;3 454.99;-55.77;;1 431.43;[sl]
2025.08.28 08:30:04;Sell Stop;18.10;XAUUSD;3 384.31;3 386.71;3 374.31;2025.08.29 17:00:02;3 429.51;;;;cancelled
2025.08.29 15:46:46;Buy;18.27;XAUUSD;3 415.16;3 416.03;3 425.16;2025.08.29 15:57:27;3 416.03;-54.81;;1 589.49;[sl]
2025.08.29 02:45:03;Buy Stop;18.27;XAUUSD;3 423.44;3 421.04;3 433.44;2025.08.29 14:15:07;3 405.12;;;;cancelled
2025.08.28 11:37:54;Buy;18.10;XAUUSD;3 399.71;3 400.18;3 409.71;2025.08.28 11:50:16;3 400.18;-54.30;;850.70;[sl]
2025.08.27 13:15:06;Sell Stop;18.92;XAUUSD;3 373.58;3 375.98;3 363.58;2025.08.28 08:30:02;3 390.26;;;;cancelled
2025.08.28 02:31:12;Buy;19.07;XAUUSD;3 399.22;3 396.82;3 409.22;2025.08.28 02:49:16;3 396.82;-57.21;;-4 576.80;[sl]
2025.08.27 17:55:36;Buy;18.92;XAUUSD;3 385.82;3 386.22;3 395.82;2025.08.27 18:01:31;3 386.22;-56.76;;756.80;[sl]
2025.08.27 04:00:03;Buy Stop;18.92;XAUUSD;3 394.69;3 392.29;3 404.69;2025.08.27 15:00:03;3 376.90;;;;cancelled
2025.08.26 13:15:04;Sell Stop;18.90;XAUUSD;3 367.00;3 369.40;3 357.00;2025.08.27 13:15:05;3 377.19;;;;cancelled
2025.08.26 22:47:16;Buy;18.81;XAUUSD;3 389.78;3 390.08;3 399.78;2025.08.26 22:52:20;3 390.08;-56.43;;564.30;[sl]
2025.08.26 18:55:57;Buy;18.15;XAUUSD;3 386.88;3 388.66;3 396.88;2025.08.26 18:56:22;3 388.66;-54.45;;3 230.70;[sl]
2025.08.26 18:04:05;Buy;17.94;XAUUSD;3 380.76;3 381.35;3 390.76;2025.08.26 18:14:50;3 381.35;-53.82;;1 058.46;[sl]
2025.08.26 15:00:02;Buy Stop;17.94;XAUUSD;3 386.88;3 384.48;3 396.88;2025.08.26 17:45:05;3 376.21;;;;cancelled
2025.08.26 14:47:47;Buy;18.90;XAUUSD;3 380.19;3 377.79;3 390.19;2025.08.26 14:51:33;3 377.79;-56.70;;-4 536.00;[sl]
2025.08.26 06:45:05;Buy Stop;18.90;XAUUSD;3 386.88;3 384.48;3 396.88;2025.08.26 14:30:02;3 378.48;;;;cancelled
2025.08.26 06:00:05;Sell Stop;18.90;XAUUSD;3 351.07;3 353.47;3 341.07;2025.08.26 13:15:04;3 371.79;;;;cancelled
2025.08.26 03:22:35;Buy;18.30;XAUUSD;3 376.64;3 377.18;3 386.64;2025.08.26 03:22:46;3 377.18;-54.90;;988.20;[sl]
2025.08.26 02:11:11;Sell;18.30;XAUUSD;3 361.75;3 360.66;3 351.75;2025.08.26 02:12:40;3 360.66;-54.90;;1 994.70;[sl]
2025.08.25 08:00:04;Sell Stop;18.11;XAUUSD;3 359.53;3 361.93;3 349.53;2025.08.25 15:15:05;3 368.79;;;;cancelled
2025.08.25 14:44:10;Buy;18.11;XAUUSD;3 370.18;3 370.73;3 380.18;2025.08.25 14:47:03;3 370.73;-54.33;;996.05;[sl]
2025.08.22 21:30:01;Buy Stop;18.11;XAUUSD;3 379.13;3 376.73;3 389.13;2025.08.25 13:00:04;3 367.50;;;;cancelled
2025.08.22 18:30:04;Sell Stop;18.11;XAUUSD;3 321.20;3 323.60;3 311.20;2025.08.25 08:00:04;3 365.91;;;;cancelled
2025.08.22 17:01:04;Buy;16.93;XAUUSD;3 348.45;3 349.28;3 358.45;2025.08.22 17:01:17;3 349.28;-50.79;;1 405.19;[sl]
2025.08.22 15:32:04;Sell;16.93;XAUUSD;3 325.09;3 322.54;3 315.09;2025.08.22 15:33:15;3 322.54;-50.79;;4 317.15;[sl]
2025.08.21 17:00:01;Sell Stop;16.93;XAUUSD;3 324.91;3 327.31;3 314.91;2025.08.22 14:15:05;3 329.32;;;;cancelled
2025.08.21 04:00:01;Buy Stop;16.48;XAUUSD;3 352.44;3 350.04;3 362.44;2025.08.21 20:30:04;3 338.65;;;;cancelled
2025.08.21 13:39:43;Sell;16.48;XAUUSD;3 333.99;3 332.64;3 323.99;2025.08.21 13:40:47;3 332.64;-49.44;;2 224.80;[sl]
2025.08.20 07:15:04;Sell Stop;15.60;XAUUSD;3 311.24;3 313.64;3 301.24;2025.08.21 12:15:06;3 340.33;;;;cancelled
2025.08.21 01:05:00;Buy;16.23;XAUUSD;3 350.58;3 351.34;3 360.58;2025.08.21 01:09:30;3 351.34;-48.69;;1 233.48;[sl]
2025.08.20 16:44:16;Buy;15.62;XAUUSD;3 345.66;3 347.57;3 355.66;2025.08.20 16:44:34;3 347.57;-46.86;;2 983.42;[sl]
2025.08.20 13:30:09;Buy;15.60;XAUUSD;3 327.84;3 327.94;3 337.84;2025.08.20 14:10:31;3 327.94;-46.80;;156.00;[sl]
2025.08.19 16:15:05;Buy Stop;15.31;XAUUSD;3 345.66;3 343.26;3 355.66;2025.08.20 13:15:03;3 325.93;;;;cancelled
2025.08.20 02:51:55;Sell;15.31;XAUUSD;3 314.71;3 313.77;3 304.71;2025.08.20 02:53:40;3 313.77;-45.93;;1 439.14;[sl]
2025.08.19 13:30:03;Buy Stop;16.09;XAUUSD;3 358.73;3 356.33;3 368.73;2025.08.19 16:15:04;3 329.65;;;;cancelled
2025.08.19 16:10:55;Sell;15.40;XAUUSD;3 325.82;3 328.22;3 315.82;2025.08.19 16:11:44;3 328.22;-46.20;;-3 696.00;[sl]
2025.08.19 13:06:47;Buy;15.40;XAUUSD;3 341.95;3 344.12;3 351.95;2025.08.19 13:18:49;3 344.12;-46.20;;3 341.80;[sl]
2025.08.18 11:00:01;Buy Stop;15.66;XAUUSD;3 358.73;3 356.33;3 368.73;2025.08.19 09:15:03;3 337.44;;;;cancelled
2025.08.19 05:15:04;Sell Stop;15.40;XAUUSD;3 323.27;3 325.67;3 313.27;2025.08.19 06:00:03;3 338.18;;;;cancelled
2025.08.19 05:04:09;Sell;16.22;XAUUSD;3 330.00;3 332.40;3 320.00;2025.08.19 05:07:50;3 332.40;-48.66;;-3 892.80;[sl]
2025.08.19 03:00:22;Sell;15.74;XAUUSD;3 330.00;3 328.51;3 320.00;2025.08.19 03:00:59;3 328.51;-47.22;;2 345.26;[sl]
2025.08.18 16:00:03;Sell Stop;15.74;XAUUSD;3 323.27;3 325.67;3 313.27;2025.08.19 02:00:02;3 334.48;;;;cancelled
2025.08.18 15:54:12;Sell;15.66;XAUUSD;3 344.33;3 344.03;3 334.33;2025.08.18 15:58:00;3 344.03;-46.98;;469.80;[sl]
2025.08.18 05:15:04;Sell Stop;15.66;XAUUSD;3 323.27;3 325.67;3 313.27;2025.08.18 14:15:09;3 348.36;;;;cancelled
2025.08.18 04:51:00;Buy;15.33;XAUUSD;3 346.35;3 346.60;3 356.35;2025.08.18 04:51:44;3 346.60;-45.99;;383.25;[sl]
2025.08.18 02:08:56;Sell;15.33;XAUUSD;3 332.63;3 331.80;3 322.63;2025.08.18 02:12:11;3 331.80;-45.99;;1 272.39;[sl]
2025.08.14 22:15:03;Sell Stop;15.33;XAUUSD;3 329.51;3 331.91;3 319.51;2025.08.15 19:45:02;3 338.40;;;;cancelled
2025.08.15 11:00:03;Buy Stop;15.33;XAUUSD;3 349.07;3 346.67;3 359.07;2025.08.15 19:00:04;3 342.38;;;;cancelled
2025.08.14 06:30:02;Buy Stop;13.91;XAUUSD;3 375.14;3 372.74;3 385.14;2025.08.15 11:00:03;3 346.35;;;;cancelled
2025.08.14 17:05:50;Sell;14.65;XAUUSD;3 341.22;3 338.96;3 331.22;2025.08.14 17:06:05;3 338.96;-43.95;;3 310.90;[sl]
2025.08.14 10:51:23;Sell;13.99;XAUUSD;3 349.69;3 347.38;3 339.69;2025.08.14 10:52:30;3 347.38;-41.97;;3 231.69;[sl]
2025.08.14 10:41:24;Sell;13.91;XAUUSD;3 355.25;3 354.97;3 345.25;2025.08.14 10:41:44;3 354.97;-41.73;;389.48;[sl]
2025.08.14 01:15:04;Sell Stop;13.77;XAUUSD;3 349.69;3 352.09;3 339.69;2025.08.14 09:30:03;3 359.06;;;;cancelled
2025.08.14 03:23:45;Buy;13.77;XAUUSD;3 371.17;3 371.69;3 381.17;2025.08.14 03:25:29;3 371.69;-41.31;;716.04;[sl]
2025.08.13 07:15:03;Sell Stop;13.52;XAUUSD;3 342.40;3 344.80;3 332.40;2025.08.14 01:15:02;3 356.90;;;;cancelled
2025.08.13 17:03:33;Buy;13.69;XAUUSD;3 367.44;3 367.77;3 377.44;2025.08.13 17:04:03;3 367.77;-41.07;;451.77;[sl]
2025.08.13 10:24:15;Buy;13.60;XAUUSD;3 359.64;3 359.98;3 369.64;2025.08.13 10:26:05;3 359.98;-40.80;;462.40;[sl]
2025.08.13 09:16:07;Buy;13.52;XAUUSD;3 354.72;3 355.04;3 364.72;2025.08.13 09:17:44;3 355.04;-40.56;;432.64;[sl]
2025.08.12 21:15:02;Buy Stop;13.52;XAUUSD;3 359.64;3 357.24;3 369.64;2025.08.13 08:45:02;3 346.11;;;;cancelled
2025.08.12 20:15:03;Sell Stop;13.52;XAUUSD;3 330.86;3 333.26;3 320.86;2025.08.13 07:15:03;3 351.77;;;;cancelled
2025.08.12 18:29:24;Buy;15.04;XAUUSD;3 358.46;3 356.06;3 368.46;2025.08.12 18:29:43;3 356.06;-45.12;;-3 609.60;[sl]
2025.08.12 14:04:02;Sell;15.04;XAUUSD;3 342.02;3 344.42;3 332.02;2025.08.12 14:07:47;3 344.42;-45.12;;-3 609.60;[sl]
2025.08.11 20:30:01;Sell Stop;15.84;XAUUSD;3 341.26;3 343.66;3 331.26;2025.08.12 12:15:05;3 351.23;;;;cancelled
2025.08.12 10:39:15;Buy;15.84;XAUUSD;3 357.79;3 355.39;3 367.79;2025.08.12 10:40:14;3 355.39;-47.52;;-3 801.60;[sl]
2025.08.08 13:45:06;Buy Stop;17.48;XAUUSD;3 404.64;3 402.24;3 414.64;2025.08.12 07:00:03;3 349.27;;;;cancelled
2025.08.11 09:28:15;Sell;15.79;XAUUSD;3 367.48;3 367.28;3 357.48;2025.08.11 09:29:15;3 367.28;-47.37;;315.80;[sl]
2025.08.11 04:00:28;Sell;15.76;XAUUSD;3 380.29;3 380.17;3 370.29;2025.08.11 04:00:41;3 380.17;-47.28;;189.12;[sl]
2025.08.08 21:00:12;Sell;16.60;XAUUSD;3 380.29;3 382.69;3 370.29;2025.08.08 21:00:16;3 382.69;-49.80;;-3 984.00;[sl]
2025.08.08 14:26:19;Sell;17.48;XAUUSD;3 380.73;3 383.13;3 370.73;2025.08.08 14:31:19;3 383.13;-52.44;;-4 195.20;[sl]
2025.08.08 04:00:03;Buy Stop;17.48;XAUUSD;3 408.38;3 405.98;3 418.38;2025.08.08 13:45:03;3 388.57;;;;cancelled
2025.08.07 16:45:05;Sell Stop;17.22;XAUUSD;3 371.46;3 373.86;3 361.46;2025.08.08 07:30:02;3 397.90;;;;cancelled
2025.08.07 22:31:02;Buy;17.22;XAUUSD;3 394.18;3 394.95;3 404.18;2025.08.07 22:31:35;3 394.95;-51.66;;1 325.94;[sl]
2025.08.07 13:45:03;Buy Stop;17.22;XAUUSD;3 397.64;3 395.24;3 407.64;2025.08.07 19:45:07;3 388.71;;;;cancelled
2025.08.07 06:00:06;Sell Stop;16.85;XAUUSD;3 365.01;3 367.41;3 355.01;2025.08.07 16:45:05;3 390.84;;;;cancelled
2025.08.07 09:42:27;Buy;16.85;XAUUSD;3 384.42;3 385.50;3 394.42;2025.08.07 09:43:27;3 385.50;-50.55;;1 819.80;[sl]
2025.08.06 15:45:03;Sell Stop;16.50;XAUUSD;3 357.93;3 360.33;3 347.93;2025.08.07 06:00:04;3 379.72;;;;cancelled
2025.08.07 04:31:48;Buy;16.50;XAUUSD;3 380.27;3 381.30;3 390.27;2025.08.07 04:45:10;3 381.30;-49.50;;1 699.50;[sl]
2025.08.05 22:00:07;Buy Stop;16.29;XAUUSD;3 390.75;3 388.35;3 400.75;2025.08.06 21:00:08;3 374.65;;;;cancelled
2025.08.06 08:15:06;Sell Stop;16.50;XAUUSD;3 349.61;3 352.01;3 339.61;2025.08.06 15:45:02;3 364.08;;;;cancelled
2025.08.06 07:52:45;Sell;16.29;XAUUSD;3 372.88;3 372.21;3 362.88;2025.08.06 08:15:02;3 372.21;-48.87;;1 091.43;[sl]
2025.08.05 18:00:03;Sell Stop;16.29;XAUUSD;3 349.61;3 352.01;3 339.61;2025.08.06 07:45:08;3 374.82;;;;cancelled
2025.08.05 17:54:07;Buy;17.14;XAUUSD;3 385.74;3 385.80;3 395.74;2025.08.05 17:56:48;3 385.80;-51.42;;102.84;[sl]
2025.08.05 14:00:27;Sell;17.07;XAUUSD;3 351.43;3 353.83;3 341.43;2025.08.05 14:02:00;3 353.83;-51.21;;-4 096.80;[sl]
2025.08.04 14:06:37;Buy;17.07;XAUUSD;3 362.99;3 363.22;3 372.99;2025.08.04 14:07:03;3 363.22;-51.21;;392.61;[sl]
2025.08.04 07:15:07;Sell Stop;17.07;XAUUSD;3 344.75;3 347.15;3 334.75;2025.08.04 13:30:02;3 356.52;;;;cancelled
2025.08.04 04:00:03;Buy Stop;17.07;XAUUSD;3 369.41;3 367.01;3 379.41;2025.08.04 12:45:05;3 359.48;;;;cancelled
2025.08.01 13:45:06;Sell Stop;16.52;XAUUSD;3 284.94;3 287.34;3 274.94;2025.08.04 07:15:06;3 361.07;;;;cancelled
2025.08.01 22:31:14;Buy;17.04;XAUUSD;3 355.46;3 355.57;3 365.46;2025.08.01 22:31:52;3 355.57;-51.12;;187.44;[sl]
2025.08.01 13:52:34;Buy;16.52;XAUUSD;3 300.80;3 302.34;3 310.80;2025.08.01 13:53:58;3 302.34;-49.56;;2 544.08;[sl]
2025.08.01 07:45:07;Sell Stop;16.52;XAUUSD;3 281.36;3 283.76;3 271.36;2025.08.01 13:45:05;3 295.41;;;;cancelled
2025.07.31 14:15:06;Buy Stop;16.06;XAUUSD;3 315.20;3 312.80;3 325.20;2025.08.01 11:45:07;3 289.62;;;;cancelled
2025.08.01 02:30:02;Sell Stop;16.52;XAUUSD;3 267.82;3 270.22;3 257.82;2025.08.01 07:45:07;3 292.00;;;;cancelled
2025.08.01 02:18:59;Sell;16.47;XAUUSD;3 289.40;3 289.23;3 279.40;2025.08.01 02:22:23;3 289.23;-49.41;;279.99;[sl]
2025.07.31 17:45:02;Sell Stop;16.47;XAUUSD;3 267.82;3 270.22;3 257.82;2025.07.31 22:15:02;3 294.76;;;;cancelled
2025.07.31 17:34:31;Sell;16.06;XAUUSD;3 293.52;3 292.26;3 283.52;2025.07.31 17:37:07;3 292.26;-48.18;;2 023.56;[sl]
2025.07.31 02:30:06;Sell Stop;16.06;XAUUSD;3 267.82;3 270.22;3 257.82;2025.07.31 16:45:04;3 304.28;;;;cancelled
2025.07.30 15:45:07;Buy Stop;16.50;XAUUSD;3 334.36;3 331.96;3 344.36;2025.07.31 14:15:05;3 301.27;;;;cancelled
2025.07.30 21:40:53;Sell;16.92;XAUUSD;3 288.39;3 290.79;3 278.39;2025.07.30 21:41:56;3 290.79;-50.76;;-4 060.80;[sl]
2025.07.30 15:48:22;Sell;16.50;XAUUSD;3 321.53;3 320.27;3 311.53;2025.07.30 15:48:51;3 320.27;-49.50;;2 079.00;[sl]
2025.07.29 21:00:02;Buy Stop;16.50;XAUUSD;3 334.50;3 332.10;3 344.50;2025.07.30 15:45:04;3 323.72;;;;cancelled
2025.07.29 20:00:06;Sell Stop;16.50;XAUUSD;3 311.65;3 314.05;3 301.65;2025.07.30 07:45:03;3 328.15;;;;cancelled
2025.07.29 06:30:05;Sell Stop;16.75;XAUUSD;3 307.74;3 310.14;3 297.74;2025.07.29 20:00:05;3 323.30;;;;cancelled
2025.07.29 18:04:36;Buy;15.91;XAUUSD;3 330.25;3 332.06;3 340.25;2025.07.29 18:05:53;3 332.06;-47.73;;2 879.71;[sl]
2025.07.29 09:28:05;Buy;16.75;XAUUSD;3 321.22;3 318.82;3 331.22;2025.07.29 09:35:04;3 318.82;-50.25;;-4 020.00;[sl]
2025.07.28 20:00:04;Sell Stop;16.57;XAUUSD;3 301.55;3 303.95;3 291.55;2025.07.29 06:30:05;3 315.26;;;;cancelled
2025.07.29 04:42:03;Buy;16.57;XAUUSD;3 319.23;3 319.78;3 329.23;2025.07.29 04:43:33;3 319.78;-49.71;;911.35;[sl]
2025.07.28 12:00:05;Buy Stop;17.12;XAUUSD;3 345.66;3 343.26;3 355.66;2025.07.29 02:45:03;3 312.60;;;;cancelled
2025.07.28 16:47:41;Sell;16.26;XAUUSD;3 318.69;3 317.72;3 308.69;2025.07.28 16:48:13;3 317.72;-48.78;;1 577.22;[sl]
2025.07.28 15:15:48;Sell;17.12;XAUUSD;3 332.07;3 334.47;3 322.07;2025.07.28 15:18:44;3 334.47;-51.36;;-4 108.80;[sl]
2025.07.28 04:00:05;Sell Stop;16.24;XAUUSD;3 318.69;3 321.09;3 308.69;2025.07.28 14:30:06;3 335.73;;;;cancelled
2025.07.28 06:54:36;Buy;16.24;XAUUSD;3 340.63;3 343.26;3 350.63;2025.07.28 07:00:44;3 343.26;-48.72;;4 271.12;[sl]
2025.07.25 06:45:11;Buy Stop;17.11;XAUUSD;3 373.83;3 371.43;3 383.83;2025.07.28 02:00:01;3 329.60;;;;cancelled
2025.07.28 01:54:35;Sell;17.11;XAUUSD;3 324.74;3 327.14;3 314.74;2025.07.28 01:55:31;3 327.14;-51.33;;-4 106.40;[sl]
2025.07.24 20:30:02;Buy Stop;17.00;XAUUSD;3 377.71;3 375.31;3 387.71;2025.07.25 06:45:10;3 360.84;;;;cancelled
2025.07.25 05:18:56;Sell;17.00;XAUUSD;3 364.85;3 364.52;3 354.85;2025.07.25 05:24:25;3 364.52;-51.00;;561.00;[sl]
2025.07.24 19:00:04;Sell Stop;17.00;XAUUSD;3 351.25;3 353.65;3 341.25;2025.07.25 04:15:03;3 370.16;;;;cancelled
2025.07.23 15:15:05;Buy Stop;17.75;XAUUSD;3 434.16;3 431.76;3 444.16;2025.07.24 20:30:01;3 371.65;;;;cancelled
2025.07.24 05:13:23;Sell;17.91;XAUUSD;3 381.23;3 383.63;3 371.23;2025.07.24 05:17:07;3 383.63;-53.73;;-4 298.40;[sl]
2025.07.23 16:03:02;Sell;17.75;XAUUSD;3 416.11;3 415.65;3 406.11;2025.07.23 16:03:14;3 415.65;-53.25;;816.50;[sl]
2025.07.23 06:15:05;Buy Stop;17.26;XAUUSD;3 439.24;3 436.84;3 449.24;2025.07.23 15:15:03;3 427.89;;;;cancelled
2025.07.23 08:42:58;Sell;17.26;XAUUSD;3 418.98;3 417.59;3 408.98;2025.07.23 08:46:19;3 417.59;-51.78;;2 399.14;[sl]
2025.07.22 13:30:01;Sell Stop;16.35;XAUUSD;3 383.03;3 385.43;3 373.03;2025.07.23 08:30:05;3 422.49;;;;cancelled
2025.07.23 03:11:57;Buy;17.10;XAUUSD;3 433.77;3 434.26;3 443.77;2025.07.23 03:15:45;3 434.26;-51.30;;837.90;[sl]
2025.07.22 15:42:36;Buy;17.23;XAUUSD;3 403.01;3 405.11;3 413.01;2025.07.22 15:43:44;3 405.11;-51.69;;3 618.30;[sl]
2025.07.22 09:15:06;Sell Stop;16.35;XAUUSD;3 344.72;3 347.12;3 334.72;2025.07.22 13:30:00;3 387.56;;;;cancelled
2025.07.22 08:55:27;Sell;17.23;XAUUSD;3 384.85;3 387.25;3 374.85;2025.07.22 09:05:46;3 387.25;-51.69;;-4 135.20;[sl]
2025.07.21 04:15:05;Sell Stop;16.46;XAUUSD;3 344.72;3 347.12;3 334.72;2025.07.22 07:45:08;3 389.38;;;;cancelled
2025.07.22 02:28:23;Buy;17.21;XAUUSD;3 401.84;3 401.91;3 411.84;2025.07.22 02:32:21;3 401.91;-51.63;;120.47;[sl]
2025.07.21 14:16:43;Buy;16.70;XAUUSD;3 371.10;3 372.61;3 381.10;2025.07.21 14:28:48;3 372.61;-50.10;;2 521.70;[sl]
2025.07.21 08:03:16;Buy;16.46;XAUUSD;3 358.93;3 359.64;3 368.93;2025.07.21 08:08:34;3 359.64;-49.38;;1 168.66;[sl]
2025.07.18 18:45:05;Buy Stop;16.46;XAUUSD;3 361.58;3 359.18;3 371.58;2025.07.21 07:30:05;3 354.84;;;;cancelled
2025.07.18 12:00:01;Sell Stop;16.46;XAUUSD;3 331.56;3 333.96;3 321.56;2025.07.21 04:15:04;3 357.08;;;;cancelled
2025.07.17 18:45:05;Sell Stop;17.28;XAUUSD;3 309.48;3 311.88;3 299.48;2025.07.18 12:00:01;3 347.53;;;;cancelled
2025.07.18 10:13:52;Buy;16.41;XAUUSD;3 344.38;3 344.58;3 354.38;2025.07.18 10:20:00;3 344.58;-49.23;;328.20;[sl]
2025.07.18 01:30:05;Buy Stop;16.41;XAUUSD;3 377.92;3 375.52;3 387.92;2025.07.18 04:45:01;3 336.67;;;;cancelled
2025.07.18 01:05:00;Buy;17.28;XAUUSD;3 341.43;3 339.03;3 351.43;2025.07.18 01:16:15;3 339.03;-51.84;;-4 147.20;[sl]
2025.07.16 21:30:02;Buy Stop;16.17;XAUUSD;3 377.92;3 375.52;3 387.92;2025.07.17 23:15:11;3 339.38;;;;cancelled
2025.07.17 15:30:34;Sell;16.17;XAUUSD;3 319.36;3 316.04;3 309.36;2025.07.17 15:30:49;3 316.04;-48.51;;5 368.44;[sl]
2025.07.16 18:01:13;Buy;17.99;XAUUSD;3 343.34;3 340.94;3 353.34;2025.07.16 18:01:41;3 340.94;-53.97;;-4 317.60;[sl]
2025.07.16 17:33:32;Sell;17.99;XAUUSD;3 319.98;3 322.38;3 309.98;2025.07.16 17:35:13;3 322.38;-53.97;;-4 317.60;[sl]
2025.07.15 16:15:04;Buy Stop;17.90;XAUUSD;3 366.71;3 364.31;3 376.71;2025.07.16 15:00:03;3 339.28;;;;cancelled
2025.07.15 16:26:55;Sell;17.90;XAUUSD;3 340.75;3 340.48;3 330.75;2025.07.15 16:26:58;3 340.48;-53.70;;483.30;[sl]
2025.07.14 13:30:06;Buy Stop;17.30;XAUUSD;3 375.30;3 372.90;3 385.30;2025.07.15 16:15:01;3 346.67;;;;cancelled
2025.07.14 15:37:47;Sell;18.22;XAUUSD;3 353.46;3 351.84;3 343.46;2025.07.14 15:39:44;3 351.84;-54.66;;2 951.64;[sl]
2025.07.14 10:29:30;Buy;18.22;XAUUSD;3 374.34;3 371.94;3 384.34;2025.07.14 10:31:09;3 371.94;-54.66;;-4 372.80;[sl]
2025.07.10 20:00:03;Sell Stop;17.19;XAUUSD;3 309.78;3 312.18;3 299.78;2025.07.14 08:30:00;3 356.41;;;;cancelled
2025.07.14 01:27:54;Buy;18.18;XAUUSD;3 369.05;3 369.19;3 379.05;2025.07.14 01:28:18;3 369.19;-54.54;;254.52;[sl]
2025.07.11 13:26:51;Buy;17.77;XAUUSD;3 344.20;3 345.34;3 354.20;2025.07.11 13:27:50;3 345.34;-53.31;;2 025.78;[sl]
2025.07.11 08:22:33;Buy;17.54;XAUUSD;3 336.51;3 337.18;3 346.51;2025.07.11 08:23:21;3 337.18;-52.62;;1 175.18;[sl]
2025.07.11 03:31:12;Buy;17.17;XAUUSD;3 330.62;3 331.61;3 340.62;2025.07.11 03:31:49;3 331.61;-51.51;;1 699.83;[sl]
2025.07.10 16:57:39;Sell;17.17;XAUUSD;3 314.60;3 314.51;3 304.60;2025.07.10 16:58:15;3 314.51;-51.51;;154.53;[sl]
2025.07.09 14:30:01;Sell Stop;17.75;XAUUSD;3 282.45;3 284.85;3 272.45;2025.07.10 10:00:04;3 325.75;;;;cancelled
2025.07.10 09:19:58;Buy;16.87;XAUUSD;3 326.65;3 327.55;3 336.65;2025.07.10 09:21:08;3 327.55;-50.61;;1 518.30;[sl]
2025.07.09 17:17:57;Buy;17.36;XAUUSD;3 308.31;3 305.91;3 318.31;2025.07.09 17:20:18;3 305.91;-52.08;;-4 166.40;[sl]
2025.07.09 11:20:50;Sell;17.36;XAUUSD;3 284.69;3 283.60;3 274.69;2025.07.09 11:38:05;3 283.60;-52.08;;1 892.24;[sl]
2025.07.08 13:00:07;Buy Stop;18.29;XAUUSD;3 339.84;3 337.44;3 349.84;2025.07.09 06:00:02;3 288.59;;;;cancelled
2025.07.09 05:50:45;Sell;18.29;XAUUSD;3 286.85;3 289.25;3 276.85;2025.07.09 05:51:04;3 289.25;-54.87;;-4 389.60;[sl]
2025.07.08 04:15:02;Buy Stop;18.28;XAUUSD;3 346.20;3 343.80;3 356.20;2025.07.08 13:00:07;3 322.14;;;;cancelled
2025.07.08 11:07:19;Sell;18.28;XAUUSD;3 327.06;3 327.02;3 317.06;2025.07.08 11:07:35;3 327.02;-54.84;;73.12;[sl]
2025.07.07 16:45:01;Sell Stop;18.11;XAUUSD;3 296.21;3 298.61;3 286.21;2025.07.08 10:45:07;3 332.97;;;;cancelled
2025.07.08 01:06:03;Buy;17.46;XAUUSD;3 343.11;3 343.61;3 353.11;2025.07.08 01:06:15;3 343.61;-52.38;;873.00;[sl]
2025.07.07 10:45:49;Sell;17.94;XAUUSD;3 304.99;3 304.50;3 294.99;2025.07.07 10:46:58;3 304.50;-53.82;;879.06;[sl]
2025.07.07 04:14:42;Sell;17.46;XAUUSD;3 311.29;3 309.95;3 301.29;2025.07.07 04:15:30;3 309.95;-52.38;;2 339.64;[sl]
2025.07.04 12:15:03;Buy Stop;17.46;XAUUSD;3 345.42;3 343.02;3 355.42;2025.07.07 04:00:01;3 326.56;;;;cancelled
2025.07.03 12:00:06;Buy Stop;16.90;XAUUSD;3 364.06;3 361.66;3 374.06;2025.07.04 12:15:02;3 340.05;;;;cancelled
2025.07.03 15:30:01;Sell;16.90;XAUUSD;3 341.63;3 340.00;3 331.63;2025.07.03 15:30:07;3 340.00;-50.70;;2 754.70;[sl]
2025.07.03 04:15:04;Buy Stop;16.90;XAUUSD;3 366.08;3 363.68;3 376.08;2025.07.03 12:00:06;3 356.21;;;;cancelled
2025.07.02 20:15:06;Sell Stop;16.77;XAUUSD;3 333.61;3 336.01;3 323.61;2025.07.03 07:15:02;3 349.22;;;;cancelled
2025.07.02 21:12:08;Buy;16.77;XAUUSD;3 351.49;3 351.89;3 361.49;2025.07.02 21:24:26;3 351.89;-50.31;;670.80;[sl]
2025.07.02 13:15:05;Sell Stop;16.77;XAUUSD;3 327.29;3 329.69;3 317.29;2025.07.02 20:15:05;3 348.50;;;;cancelled
2025.07.02 13:08:16;Buy;17.67;XAUUSD;3 344.14;3 341.74;3 354.14;2025.07.02 13:15:00;3 341.74;-53.01;;-4 240.80;[sl]
2025.07.02 06:00:01;Buy Stop;18.61;XAUUSD;3 345.32;3 342.92;3 355.32;2025.07.02 11:30:02;3 336.92;;;;cancelled
2025.07.02 10:10:32;Sell;18.61;XAUUSD;3 328.34;3 330.74;3 318.34;2025.07.02 10:10:49;3 330.74;-55.83;;-4 466.40;[sl]
2025.07.01 18:30:02;Buy Stop;18.57;XAUUSD;3 358.33;3 355.93;3 368.33;2025.07.02 06:00:01;3 337.02;;;;cancelled
2025.07.02 04:13:12;Sell;18.57;XAUUSD;3 336.26;3 336.13;3 326.26;2025.07.02 04:14:04;3 336.13;-55.71;;241.41;[sl]
2025.06.30 17:30:07;Sell Stop;18.37;XAUUSD;3 274.36;3 276.76;3 264.36;2025.07.02 04:00:02;3 339.03;;;;cancelled
2025.06.30 19:50:34;Buy;18.37;XAUUSD;3 297.12;3 297.68;3 307.12;2025.06.30 20:01:02;3 297.68;-55.11;;1 028.72;[sl]
2025.06.30 04:15:07;Sell Stop;19.34;XAUUSD;3 248.85;3 251.25;3 238.85;2025.06.30 17:30:05;3 285.24;;;;cancelled
2025.06.30 05:31:53;Buy;19.23;XAUUSD;3 283.20;3 280.80;3 293.20;2025.06.30 05:37:31;3 280.80;-57.69;;-4 615.20;[sl]
2025.06.30 01:22:30;Sell;19.23;XAUUSD;3 255.82;3 255.51;3 245.82;2025.06.30 01:22:31;3 255.51;-57.69;;596.13;[sl]
2025.06.26 23:45:03;Buy Stop;20.25;XAUUSD;3 336.80;3 334.40;3 346.80;2025.06.27 23:45:05;3 273.84;;;;cancelled
2025.06.27 05:48:39;Sell;20.25;XAUUSD;3 309.68;3 312.08;3 299.68;2025.06.27 05:52:25;3 312.08;-60.75;;-4 860.00;[sl]
2025.06.26 14:45:02;Buy Stop;21.33;XAUUSD;3 350.72;3 348.32;3 360.72;2025.06.26 23:45:02;3 329.80;;;;cancelled
2025.06.26 15:49:05;Sell;21.26;XAUUSD;3 328.90;3 331.30;3 318.90;2025.06.26 15:49:59;3 331.30;-63.78;;-5 102.40;[sl]
2025.06.26 10:09:40;Buy;21.26;XAUUSD;3 343.54;3 343.73;3 353.54;2025.06.26 10:16:35;3 343.73;-63.78;;403.94;[sl]
2025.06.25 19:30:05;Sell Stop;20.28;XAUUSD;3 311.68;3 314.08;3 301.68;2025.06.26 07:45:01;3 335.05;;;;cancelled
2025.06.26 05:48:35;Buy;21.05;XAUUSD;3 340.52;3 341.03;3 350.52;2025.06.26 05:54:38;3 341.03;-63.15;;1 073.55;[sl]
2025.06.26 02:14:00;Buy;19.47;XAUUSD;3 337.50;3 339.42;3 347.50;2025.06.26 02:57:18;3 339.42;-58.41;;3 738.24;[sl]
2025.06.25 16:00:02;Sell Stop;20.28;XAUUSD;3 295.09;3 297.49;3 285.09;2025.06.25 19:30:03;3 329.58;;;;cancelled
2025.06.25 15:44:22;Sell;19.47;XAUUSD;3 321.18;3 319.15;3 311.18;2025.06.25 15:45:37;3 319.15;-58.41;;3 952.41;[sl]
2025.06.24 19:45:07;Sell Stop;19.13;XAUUSD;3 295.09;3 297.49;3 285.09;2025.06.25 15:30:04;3 328.16;;;;cancelled
2025.06.25 11:00:04;Buy Stop;19.47;XAUUSD;3 393.78;3 391.38;3 403.78;2025.06.25 13:45:06;3 325.66;;;;cancelled
2025.06.25 10:44:54;Buy;19.17;XAUUSD;3 335.61;3 336.39;3 345.61;2025.06.25 10:46:30;3 336.39;-57.51;;1 495.26;[sl]
2025.06.25 03:15:04;Buy Stop;19.17;XAUUSD;3 393.78;3 391.38;3 403.78;2025.06.25 08:00:05;3 327.70;;;;cancelled
2025.06.25 03:05:07;Buy;19.13;XAUUSD;3 325.61;3 325.75;3 335.61;2025.06.25 03:07:13;3 325.75;-57.39;;267.82;[sl]
2025.06.23 22:15:05;Buy Stop;17.19;XAUUSD;3 393.78;3 391.38;3 403.78;2025.06.25 02:30:05;3 322.84;;;;cancelled
2025.06.24 15:13:42;Sell;18.20;XAUUSD;3 315.80;3 313.33;3 305.80;2025.06.24 15:14:09;3 313.33;-54.60;;4 495.40;[sl]
2025.06.24 08:42:22;Sell;17.39;XAUUSD;3 332.91;3 330.63;3 322.91;2025.06.24 08:47:48;3 330.63;-52.17;;3 964.92;[sl]
2025.06.24 02:34:52;Sell;17.19;XAUUSD;3 346.70;3 346.12;3 336.70;2025.06.24 02:35:01;3 346.12;-51.57;;997.02;[sl]
2025.06.23 04:00:04;Buy Stop;16.82;XAUUSD;3 394.94;3 392.54;3 404.94;2025.06.23 22:15:04;3 380.50;;;;cancelled
2025.06.23 08:45:03;Sell Stop;17.19;XAUUSD;3 341.64;3 344.04;3 331.64;2025.06.23 11:30:05;3 361.23;;;;cancelled
2025.06.23 08:33:51;Sell;16.82;XAUUSD;3 351.64;3 350.56;3 341.64;2025.06.23 08:35:46;3 350.56;-50.46;;1 816.56;[sl]
2025.06.20 18:30:03;Sell Stop;13.93;XAUUSD;3 341.64;3 344.04;3 331.64;2025.06.23 07:15:05;3 361.88;;;;cancelled
2025.06.23 01:05:00;Buy;13.93;XAUUSD;3 374.84;3 383.42;3 384.84;2025.06.23 01:05:16;3 384.84;-41.79;;13 930.00;[tp]
2025.06.20 12:30:03;Sell Stop;13.61;XAUUSD;3 340.10;3 342.50;3 330.10;2025.06.20 18:30:01;3 368.57;;;;cancelled
2025.06.20 16:31:33;Buy;13.61;XAUUSD;3 359.61;3 360.76;3 369.61;2025.06.20 16:32:06;3 360.76;-40.83;;1 565.15;[sl]
2025.06.20 02:45:03;Buy Stop;13.53;XAUUSD;3 375.78;3 373.38;3 385.78;2025.06.20 15:45:05;3 346.16;;;;cancelled
2025.06.20 04:11:56;Sell;13.53;XAUUSD;3 361.22;3 360.90;3 351.22;2025.06.20 04:12:14;3 360.90;-40.59;;432.96;[sl]
2025.06.19 16:30:07;Buy Stop;13.53;XAUUSD;3 379.74;3 377.34;3 389.74;2025.06.20 02:45:01;3 367.98;;;;cancelled
2025.06.19 12:30:04;Sell Stop;13.53;XAUUSD;3 347.23;3 349.63;3 337.23;2025.06.19 19:15:05;3 366.13;;;;cancelled
2025.06.19 07:00:09;Buy Stop;13.36;XAUUSD;3 388.36;3 385.96;3 398.36;2025.06.19 16:30:04;3 363.09;;;;cancelled
2025.06.19 08:52:07;Sell;13.36;XAUUSD;3 362.34;3 361.71;3 352.34;2025.06.19 08:53:16;3 361.71;-40.08;;841.68;[sl]
2025.06.18 19:30:03;Buy Stop;14.08;XAUUSD;3 397.23;3 394.83;3 407.23;2025.06.19 07:00:09;3 373.67;;;;cancelled
2025.06.18 22:05:04;Sell;14.08;XAUUSD;3 373.53;3 375.93;3 363.53;2025.06.18 22:05:26;3 375.93;-42.24;;-3 379.20;[sl]
2025.06.18 10:45:06;Buy Stop;13.92;XAUUSD;3 400.37;3 397.97;3 410.37;2025.06.18 19:30:02;3 392.61;;;;cancelled
2025.06.18 17:20:31;Sell;13.92;XAUUSD;3 375.25;3 374.69;3 365.25;2025.06.18 17:20:48;3 374.69;-41.76;;779.52;[sl]
2025.06.18 08:30:07;Sell Stop;13.92;XAUUSD;3 370.30;3 372.70;3 360.30;2025.06.18 15:45:03;3 389.04;;;;cancelled
2025.06.17 20:30:04;Sell Stop;13.91;XAUUSD;3 365.94;3 368.34;3 355.94;2025.06.18 08:30:05;3 390.62;;;;cancelled
2025.06.18 07:31:51;Buy;13.91;XAUUSD;3 396.43;3 396.51;3 406.43;2025.06.18 07:38:30;3 396.51;-41.73;;111.28;[sl]
2025.06.17 17:00:01;Buy Stop;13.89;XAUUSD;3 400.45;3 398.05;3 410.45;2025.06.18 04:00:06;3 385.62;;;;cancelled
2025.06.17 17:35:24;Sell;13.89;XAUUSD;3 373.59;3 373.50;3 363.59;2025.06.17 17:35:49;3 373.50;-41.67;;125.01;[sl]
2025.06.17 06:30:06;Buy Stop;13.89;XAUUSD;3 403.59;3 401.19;3 413.59;2025.06.17 17:00:00;3 390.65;;;;cancelled
2025.06.16 17:15:05;Buy Stop;13.60;XAUUSD;3 422.99;3 420.59;3 432.99;2025.06.17 06:30:05;3 385.76;;;;cancelled
2025.06.17 06:11:35;Sell;13.60;XAUUSD;3 382.47;3 381.41;3 372.47;2025.06.17 06:12:15;3 381.41;-40.80;;1 441.60;[sl]
2025.06.16 06:15:05;Buy Stop;12.95;XAUUSD;3 451.57;3 449.17;3 461.57;2025.06.16 17:15:05;3 396.42;;;;cancelled
2025.06.16 16:16:44;Sell;12.95;XAUUSD;3 409.24;3 406.80;3 399.24;2025.06.16 16:16:50;3 406.80;-38.85;;3 159.80;[sl]
2025.06.13 13:00:09;Sell Stop;12.46;XAUUSD;3 407.68;3 410.08;3 397.68;2025.06.16 13:00:01;3 412.55;;;;cancelled
2025.06.16 01:10:15;Buy;12.62;XAUUSD;3 447.13;3 448.40;3 457.13;2025.06.16 01:13:13;3 448.40;-37.86;;1 602.74;[sl]
2025.06.13 16:35:25;Buy;12.46;XAUUSD;3 444.81;3 445.45;3 454.81;2025.06.13 16:35:49;3 445.45;-37.38;;797.44;[sl]
2025.06.12 13:30:06;Sell Stop;12.05;XAUUSD;3 338.42;3 340.82;3 328.42;2025.06.13 13:00:08;3 424.47;;;;cancelled
2025.06.13 03:02:14;Buy;12.05;XAUUSD;3 399.25;3 400.93;3 409.25;2025.06.13 03:02:55;3 400.93;-36.15;;2 024.40;[sl]
2025.06.11 23:30:05;Sell Stop;11.41;XAUUSD;3 318.99;3 321.39;3 308.99;2025.06.12 13:30:05;3 379.85;;;;cancelled
2025.06.12 13:28:34;Buy;11.93;XAUUSD;3 378.12;3 378.62;3 388.12;2025.06.12 13:28:48;3 378.62;-35.79;;596.50;[sl]
2025.06.12 01:10:28;Buy;11.38;XAUUSD;3 361.06;3 363.29;3 371.06;2025.06.12 01:18:56;3 363.29;-34.14;;2 537.74;[sl]
2025.06.11 20:11:47;Sell;11.38;XAUUSD;3 325.75;3 325.58;3 315.75;2025.06.11 20:12:11;3 325.58;-34.14;;193.46;[sl]
2025.06.11 05:15:03;Sell Stop;10.65;XAUUSD;3 315.24;3 317.64;3 305.24;2025.06.11 17:00:03;3 329.04;;;;cancelled
2025.06.11 15:30:12;Buy;10.65;XAUUSD;3 348.97;3 352.29;3 358.97;2025.06.11 15:30:18;3 352.29;-31.95;;3 535.80;[sl]
2025.06.11 03:40:15;Buy;11.22;XAUUSD;3 334.89;3 332.49;3 344.89;2025.06.11 03:43:07;3 332.49;-33.66;;-2 692.80;[sl]
2025.06.10 19:45:05;Buy Stop;10.95;XAUUSD;3 349.49;3 347.09;3 359.49;2025.06.11 02:30:05;3 322.03;;;;cancelled
2025.06.11 02:20:14;Sell;10.95;XAUUSD;3 319.14;3 317.96;3 309.14;2025.06.11 02:21:25;3 317.96;-32.85;;1 292.10;[sl]
2025.06.10 08:30:09;Sell Stop;10.95;XAUUSD;3 301.52;3 303.92;3 291.52;2025.06.11 01:45:01;3 327.02;;;;cancelled
2025.06.10 14:12:47;Buy;11.54;XAUUSD;3 338.55;3 338.59;3 348.55;2025.06.10 14:13:29;3 338.59;-34.62;;46.16;[sl]
2025.06.10 04:25:29;Sell;11.54;XAUUSD;3 310.47;3 312.87;3 300.47;2025.06.10 04:27:08;3 312.87;-34.62;;-2 769.60;[sl]
2025.06.09 08:00:07;Sell Stop;11.33;XAUUSD;3 293.21;3 295.61;3 283.21;2025.06.09 19:15:02;3 330.10;;;;cancelled
2025.06.09 18:22:54;Buy;11.33;XAUUSD;3 328.96;3 329.87;3 338.96;2025.06.09 18:25:31;3 329.87;-33.99;;1 031.03;[sl]
2025.06.06 11:00:06;Buy Stop;11.19;XAUUSD;3 375.91;3 373.51;3 385.91;2025.06.09 13:15:05;3 319.60;;;;cancelled
2025.06.09 03:18:12;Sell;11.28;XAUUSD;3 306.85;3 306.62;3 296.85;2025.06.09 03:18:21;3 306.62;-33.84;;259.44;[sl]
2025.06.06 21:13:15;Sell;10.93;XAUUSD;3 316.18;3 314.59;3 306.18;2025.06.06 21:14:27;3 314.59;-32.79;;1 737.87;[sl]
2025.06.06 17:02:49;Sell;10.63;XAUUSD;3 339.11;3 337.74;3 329.11;2025.06.06 17:03:35;3 337.74;-31.89;;1 456.31;[sl]
2025.06.06 15:30:03;Sell;11.19;XAUUSD;3 352.44;3 354.84;3 342.44;2025.06.06 15:30:05;3 354.84;-33.57;;-2 685.60;[sl]
2025.06.05 21:45:04;Sell Stop;11.19;XAUUSD;3 339.11;3 341.51;3 329.11;2025.06.06 13:45:03;3 357.43;;;;cancelled
2025.06.05 17:15:02;Buy Stop;11.83;XAUUSD;3 403.85;3 401.45;3 413.85;2025.06.06 11:00:06;3 360.20;;;;cancelled
2025.06.05 18:16:01;Sell;12.46;XAUUSD;3 360.90;3 363.30;3 350.90;2025.06.05 18:16:04;3 363.30;-37.38;;-2 990.40;[sl]
2025.06.05 12:25:36;Buy;12.46;XAUUSD;3 385.06;3 382.66;3 395.06;2025.06.05 12:28:05;3 382.66;-37.38;;-2 990.40;[sl]
2025.06.04 17:15:03;Sell Stop;12.43;XAUUSD;3 343.48;3 345.88;3 333.48;2025.06.05 11:45:05;3 375.54;;;;cancelled
2025.06.04 17:32:50;Buy;12.07;XAUUSD;3 372.93;3 373.08;3 382.93;2025.06.04 17:33:13;3 373.08;-36.21;;181.05;[sl]
2025.06.04 14:27:47;Sell;12.07;XAUUSD;3 346.17;3 344.72;3 336.17;2025.06.04 14:28:21;3 344.72;-36.21;;1 750.15;[sl]
2025.06.03 05:15:05;Buy Stop;12.71;XAUUSD;3 392.49;3 390.09;3 402.49;2025.06.04 08:00:04;3 354.98;;;;cancelled
2025.06.03 20:00:07;Sell Stop;12.07;XAUUSD;3 332.87;3 335.27;3 322.87;2025.06.04 07:00:04;3 359.21;;;;cancelled
2025.06.03 15:15:05;Sell Stop;12.07;XAUUSD;3 271.28;3 273.68;3 261.28;2025.06.03 20:00:05;3 348.86;;;;cancelled
2025.06.03 15:07:00;Sell;12.71;XAUUSD;3 350.89;3 353.29;3 340.89;2025.06.03 15:08:31;3 353.29;-38.13;;-3 050.40;[sl]
2025.05.30 20:00:04;Sell Stop;13.29;XAUUSD;3 271.28;3 273.68;3 261.28;2025.06.03 12:45:05;3 360.01;;;;cancelled
2025.06.02 14:39:27;Buy;12.71;XAUUSD;3 359.35;3 359.38;3 369.35;2025.06.02 14:39:41;3 359.38;-38.13;;38.13;[sl]
2025.06.02 07:56:54;Buy;12.62;XAUUSD;3 317.04;3 317.43;3 327.04;2025.06.02 07:57:44;3 317.43;-37.86;;492.18;[sl]
2025.06.02 01:07:57;Buy;13.29;XAUUSD;3 308.64;3 306.24;3 318.64;2025.06.02 01:11:39;3 306.24;-39.87;;-3 189.60;[sl]
2025.05.30 07:15:04;Buy Stop;12.95;XAUUSD;3 323.12;3 320.72;3 333.12;2025.05.30 19:00:01;3 288.65;;;;cancelled
2025.05.30 16:45:35;Sell;13.10;XAUUSD;3 287.26;3 286.54;3 277.26;2025.05.30 16:45:39;3 286.54;-39.30;;943.20;[sl]
2025.05.30 15:10:04;Sell;12.95;XAUUSD;3 287.26;3 286.68;3 277.26;2025.05.30 15:10:55;3 286.68;-38.85;;751.10;[sl]
2025.05.29 07:15:01;Sell Stop;12.61;XAUUSD;3 245.26;3 247.66;3 235.26;2025.05.30 13:00:01;3 295.57;;;;cancelled
2025.05.29 22:15:04;Buy Stop;12.95;XAUUSD;3 331.45;3 329.05;3 341.45;2025.05.30 07:15:02;3 293.91;;;;cancelled
2025.05.29 19:04:46;Buy;10.99;XAUUSD;3 325.82;3 327.35;3 335.82;2025.05.29 19:05:09;3 327.35;-32.97;;1 681.47;[sl]
2025.05.28 23:50:52;Sell;10.44;XAUUSD;3 288.32;3 279.65;3 278.32;2025.05.28 23:51:29;3 278.32;-31.32;;10 440.00;[tp]
2025.05.28 19:37:48;Sell;10.84;XAUUSD;3 291.39;3 293.79;3 281.39;2025.05.28 19:38:58;3 293.79;-32.52;;-2 601.60;[sl]
2025.05.28 10:43:29;Buy;10.84;XAUUSD;3 316.14;3 316.85;3 326.14;2025.05.28 10:44:22;3 316.85;-32.52;;769.64;[sl]
2025.05.27 06:15:06;Buy Stop;10.02;XAUUSD;3 350.35;3 347.95;3 360.35;2025.05.28 06:30:01;3 294.29;;;;cancelled
2025.05.28 06:20:02;Sell;10.78;XAUUSD;3 296.98;3 296.69;3 286.98;2025.05.28 06:20:04;3 296.69;-32.34;;312.62;[sl]
2025.05.27 20:00:05;Sell Stop;10.78;XAUUSD;3 284.67;3 287.07;3 274.67;2025.05.28 05:00:02;3 301.47;;;;cancelled
2025.05.27 08:46:10;Sell;10.06;XAUUSD;3 323.33;3 319.85;3 313.33;2025.05.27 08:46:14;3 319.85;-30.18;;3 500.88;[sl]
2025.05.27 07:59:27;Sell;10.02;XAUUSD;3 331.49;3 331.31;3 321.49;2025.05.27 08:00:33;3 331.31;-30.06;;180.36;[sl]
2025.05.26 15:15:01;Sell Stop;10.02;XAUUSD;3 323.33;3 325.73;3 313.33;2025.05.27 07:45:04;3 336.50;;;;cancelled
2025.05.26 08:45:03;Buy Stop;9.23;XAUUSD;3 357.16;3 354.76;3 367.16;2025.05.27 06:15:06;3 344.16;;;;cancelled
2025.05.26 12:22:36;Sell;9.23;XAUUSD;3 331.14;3 327.00;3 321.14;2025.05.26 12:26:06;3 327.00;-27.69;;3 821.22;[sl]
2025.05.23 23:15:02;Buy Stop;9.23;XAUUSD;3 366.32;3 363.92;3 376.32;2025.05.26 08:45:03;3 348.83;;;;cancelled
2025.05.23 06:45:05;Sell Stop;9.02;XAUUSD;3 286.83;3 289.23;3 276.83;2025.05.26 06:15:01;3 348.21;;;;cancelled
2025.05.23 20:26:56;Buy;9.21;XAUUSD;3 365.06;3 365.22;3 375.06;2025.05.23 20:30:38;3 365.22;-27.63;;147.36;[sl]
2025.05.23 14:44:48;Buy;9.19;XAUUSD;3 334.75;3 334.90;3 344.75;2025.05.23 14:44:54;3 334.90;-27.57;;137.85;[sl]
2025.05.23 07:18:39;Buy;9.02;XAUUSD;3 309.26;3 310.16;3 319.26;2025.05.23 07:18:47;3 310.16;-27.06;;811.80;[sl]
2025.05.22 20:15:06;Sell Stop;9.02;XAUUSD;3 278.72;3 281.12;3 268.72;2025.05.23 06:45:05;3 301.84;;;;cancelled
2025.05.22 09:30:01;Buy Stop;8.69;XAUUSD;3 345.79;3 343.39;3 355.79;2025.05.23 06:30:04;3 298.70;;;;cancelled
2025.05.22 17:00:56;Sell;8.73;XAUUSD;3 282.78;3 281.12;3 272.78;2025.05.22 17:00:59;3 281.12;-26.19;;1 449.18;[sl]
2025.05.22 13:58:01;Sell;8.67;XAUUSD;3 290.28;3 290.03;3 280.28;2025.05.22 13:58:19;3 290.03;-26.01;;216.75;[sl]
2025.05.22 03:13:02;Buy;8.68;XAUUSD;3 325.20;3 325.28;3 335.20;2025.05.22 03:13:48;3 325.28;-26.04;;69.44;[sl]
2025.05.21 22:06:34;Buy;8.67;XAUUSD;3 320.97;3 321.06;3 330.97;2025.05.21 22:07:26;3 321.06;-26.01;;78.03;[sl]
2025.05.21 07:15:05;Sell Stop;9.13;XAUUSD;3 285.09;3 287.49;3 275.09;2025.05.21 18:15:01;3 312.31;;;;cancelled
2025.05.21 08:46:13;Buy;9.13;XAUUSD;3 315.01;3 312.61;3 325.01;2025.05.21 08:47:01;3 312.61;-27.39;;-2 191.20;[sl]
2025.05.20 09:00:02;Sell Stop;8.67;XAUUSD;3 204.37;3 206.77;3 194.37;2025.05.21 07:15:04;3 305.21;;;;cancelled
2025.05.21 04:00:04;Buy;8.25;XAUUSD;3 304.78;3 309.93;3 314.78;2025.05.21 04:00:51;3 309.93;-24.75;;4 248.75;[sl]
2025.05.20 20:39:46;Buy;8.69;XAUUSD;3 286.10;3 283.70;3 296.10;2025.05.20 20:43:05;3 283.70;-26.07;;-2 085.60;[sl]
2025.05.20 15:35:41;Buy;8.62;XAUUSD;3 248.85;3 248.97;3 258.85;2025.05.20 15:35:51;3 248.97;-25.86;;103.44;[sl]
2025.05.20 06:00:01;Sell;8.65;XAUUSD;3 206.29;3 206.15;3 196.29;2025.05.20 06:00:06;3 206.15;-25.95;;121.10;[sl]
2025.05.20 03:34:06;Sell;8.62;XAUUSD;3 216.82;3 216.58;3 206.82;2025.05.20 03:35:09;3 216.58;-25.86;;206.88;[sl]
2025.05.19 10:00:02;Sell Stop;8.62;XAUUSD;3 206.29;3 208.69;3 196.29;2025.05.19 20:00:05;3 231.97;;;;cancelled
2025.05.19 06:15:04;Buy Stop;8.62;XAUUSD;3 250.13;3 247.73;3 260.13;2025.05.19 17:45:01;3 230.16;;;;cancelled
2025.05.16 17:45:05;Sell Stop;9.07;XAUUSD;3 153.97;3 156.37;3 143.97;2025.05.19 10:00:01;3 226.00;;;;cancelled
2025.05.19 01:18:58;Buy;9.07;XAUUSD;3 231.55;3 229.15;3 241.55;2025.05.19 01:19:13;3 229.15;-27.21;;-2 176.80;[sl]
2025.05.16 04:45:02;Buy Stop;9.56;XAUUSD;3 252.46;3 250.06;3 262.46;2025.05.16 12:00:03;3 207.00;;;;cancelled
2025.05.16 10:21:16;Sell;9.56;XAUUSD;3 206.21;3 208.61;3 196.21;2025.05.16 10:24:08;3 208.61;-28.68;;-2 294.40;[sl]
2025.05.15 12:00:05;Sell Stop;9.40;XAUUSD;3 120.44;3 122.84;3 110.44;2025.05.16 09:00:05;3 218.74;;;;cancelled
2025.05.15 16:09:41;Buy;9.40;XAUUSD;3 193.03;3 193.87;3 203.03;2025.05.15 16:10:01;3 193.87;-28.20;;789.60;[sl]
2025.05.14 14:00:05;Buy Stop;9.73;XAUUSD;3 244.21;3 241.81;3 254.21;2025.05.15 07:00:03;3 150.88;;;;cancelled
2025.05.15 05:24:30;Sell;9.41;XAUUSD;3 167.78;3 167.78;3 157.78;2025.05.15 05:24:31;3 167.78;-28.23;;0.00;[sl]
2025.05.14 19:42:07;Sell;9.91;XAUUSD;3 174.64;3 177.04;3 164.64;2025.05.14 19:42:45;3 177.04;-29.73;;-2 378.40;[sl]
2025.05.14 14:57:01;Sell;9.73;XAUUSD;3 221.28;3 220.39;3 211.28;2025.05.14 14:57:09;3 220.39;-29.19;;865.97;[sl]
2025.05.14 05:00:05;Buy Stop;9.42;XAUUSD;3 257.48;3 255.08;3 267.48;2025.05.14 14:00:04;3 236.05;;;;cancelled
2025.05.14 07:07:54;Sell;9.42;XAUUSD;3 225.17;3 223.54;3 215.17;2025.05.14 07:16:05;3 223.54;-28.26;;1 535.46;[sl]
2025.05.13 12:45:05;Buy Stop;9.42;XAUUSD;3 265.97;3 263.57;3 275.97;2025.05.14 05:00:04;3 238.72;;;;cancelled
2025.05.13 07:45:01;Sell Stop;9.42;XAUUSD;3 215.61;3 218.01;3 205.61;2025.05.13 20:00:02;3 250.65;;;;cancelled
2025.05.13 07:39:04;Buy;9.10;XAUUSD;3 243.68;3 245.40;3 253.68;2025.05.13 07:40:20;3 245.40;-27.30;;1 565.20;[sl]
2025.05.12 19:45:01;Buy Stop;8.65;XAUUSD;3 249.05;3 246.65;3 259.05;2025.05.13 07:00:05;3 236.65;;;;cancelled
2025.05.13 04:44:19;Sell;8.65;XAUUSD;3 220.11;3 217.60;3 210.11;2025.05.13 04:44:57;3 217.60;-25.95;;2 171.15;[sl]
2025.05.12 16:45:01;Sell Stop;8.65;XAUUSD;3 207.49;3 209.89;3 197.49;2025.05.13 01:15:01;3 236.06;;;;cancelled
2025.05.09 22:15:04;Buy Stop;6.56;XAUUSD;3 347.90;3 345.50;3 357.90;2025.05.12 19:45:01;3 228.15;;;;cancelled
2025.05.12 10:00:55;Sell;7.92;XAUUSD;3 258.59;3 254.13;3 248.59;2025.05.12 10:01:12;3 254.13;-23.76;;3 532.32;[sl]
2025.05.12 01:07:45;Sell;6.56;XAUUSD;3 320.06;3 283.81;3 310.06;2025.05.12 01:07:49;3 310.06;-19.68;;6 560.00;[tp]
2025.05.09 08:00:06;Sell Stop;6.44;XAUUSD;3 274.40;3 276.80;3 264.40;2025.05.09 20:15:06;3 336.74;;;;cancelled
2025.05.09 14:26:58;Buy;6.44;XAUUSD;3 332.59;3 333.53;3 342.59;2025.05.09 14:27:00;3 333.53;-19.32;;605.36;[sl]
2025.05.09 07:56:21;Buy;6.40;XAUUSD;3 324.34;3 324.63;3 334.34;2025.05.09 07:56:54;3 324.63;-19.20;;185.60;[sl]
2025.05.08 08:22:08;Buy Stop;5.21;XAUUSD;3 415.04;3 412.64;3 425.04;2025.05.09 05:00:02;3 290.62;;;;cancelled
2025.05.09 04:37:10;Sell;6.32;XAUUSD;3 288.47;3 287.80;3 278.47;2025.05.09 04:38:21;3 287.80;-18.96;;423.44;[sl]
2025.05.08 19:11:21;Sell;5.23;XAUUSD;3 320.01;3 322.41;3 310.01;2025.05.08 19:18:51;3 310.01;-15.69;;5 230.00;[tp]
2025.05.08 08:53:32;Sell;5.00;XAUUSD;3 363.26;3 363.00;3 353.26;2025.05.08 08:53:37;3 363.00;-15.00;;130.00;[sl]
2025.05.08 04:51:49;Buy;4.83;XAUUSD;3 398.48;3 400.55;3 408.48;2025.05.08 04:51:53;3 400.55;-14.49;;999.81;[sl]
2025.05.07 22:15:29;Sell;5.09;XAUUSD;3 369.05;3 367.38;3 359.05;2025.05.07 22:15:34;3 367.38;-15.27;;850.03;[sl]
2025.05.07 16:48:59;Buy;5.09;XAUUSD;3 397.76;3 395.36;3 407.76;2025.05.07 16:50:39;3 395.36;-15.27;;-1 221.60;[sl]
2025.05.07 07:30:04;Sell Stop;5.09;XAUUSD;3 359.83;3 362.23;3 349.83;2025.05.07 16:00:04;3 391.22;;;;cancelled
2025.05.07 04:00:06;Buy Stop;5.09;XAUUSD;3 438.57;3 436.17;3 448.57;2025.05.07 13:15:06;3 386.00;;;;cancelled
2025.05.05 22:00:04;Sell Stop;4.30;XAUUSD;3 305.38;3 307.78;3 295.38;2025.05.07 07:30:04;3 384.48;;;;cancelled
2025.05.06 15:38:53;Buy;5.01;XAUUSD;3 387.25;3 387.98;3 397.25;2025.05.06 15:39:01;3 387.98;-15.03;;365.73;[sl]
2025.05.06 04:01:11;Buy;4.66;XAUUSD;3 338.20;3 341.82;3 348.20;2025.05.06 04:01:40;3 341.82;-13.98;;1 686.92;[sl]
2025.05.05 22:21:01;Buy;4.30;XAUUSD;3 329.13;3 333.24;3 339.13;2025.05.05 22:26:20;3 333.24;-12.90;;1 767.30;[sl]
2025.05.02 22:45:04;Sell Stop;4.48;XAUUSD;3 222.60;3 225.00;3 212.60;2025.05.05 22:00:04;3 323.01;;;;cancelled
2025.05.05 11:29:23;Buy;4.53;XAUUSD;3 272.80;3 270.40;3 282.80;2025.05.05 11:31:18;3 270.40;-13.59;;-1 087.20;[sl]
2025.05.05 04:31:47;Buy;4.48;XAUUSD;3 269.59;3 270.09;3 279.59;2025.05.05 04:35:32;3 270.09;-13.44;;224.00;[sl]
2025.05.02 06:15:38;Sell Stop;4.48;XAUUSD;3 201.59;3 203.99;3 191.59;2025.05.02 22:45:04;3 233.60;;;;cancelled
2025.05.02 06:15:38;Buy Stop;4.48;XAUUSD;3 320.15;3 317.75;3 330.15;2025.05.02 17:45:05;3 253.75;;;;cancelled
2025.04.23 07:00:04;Buy Stop;3.00;XAUUSD;3 386.72;3 385.72;3 387.72;2025.04.28 07:00:00;3 291.02;;;;expiration
2025.04.22 16:05:43;Buy Stop;3.00;XAUUSD;3 500.09;3 499.09;3 501.09;2025.04.27 16:05:00;3 316.67;;;;expiration
2025.04.23 16:38:28;Sell;3.00;XAUUSD;3 291.71;3 292.71;3 290.71;2025.04.23 16:38:29;3 290.71;-9.00;;300.00;[tp]
2025.04.23 09:02:14;Sell;3.00;XAUUSD;3 313.19;3 314.19;3 312.19;2025.04.23 09:02:17;3 314.19;-9.00;;-300.00;[sl]
2025.04.22 22:31:29;Sell;3.00;XAUUSD;3 372.24;3 373.24;3 371.24;2025.04.22 22:32:11;3 371.24;-9.00;;300.00;[tp]
2025.04.22 19:02:33;Sell;3.00;XAUUSD;3 408.55;3 409.55;3 407.55;2025.04.22 19:02:34;3 407.55;-9.00;;300.00;[tp]
2025.04.17 19:00:06;Sell Stop;3.00;XAUUSD;3 284.04;3 285.04;3 283.04;2025.04.22 19:00:00;3 417.68;;;;expiration
2025.04.22 16:44:24;Sell;3.00;XAUUSD;3 412.39;3 413.39;3 411.39;2025.04.22 16:44:26;3 413.39;-9.00;;-300.00;[sl]
2025.04.22 08:57:41;Buy;3.00;XAUUSD;3 494.87;3 493.87;3 495.87;2025.04.22 08:57:53;3 493.87;-9.00;;-300.00;[sl]
2025.04.22 04:34:38;Buy;3.00;XAUUSD;3 444.49;3 443.49;3 445.49;2025.04.22 04:35:23;3 443.49;-9.00;;-300.00;[sl]
2025.04.22 01:07:02;Buy;3.00;XAUUSD;3 430.56;3 429.56;3 431.56;2025.04.22 01:07:11;3 429.56;-9.00;;-300.00;[sl]
2025.04.21 22:09:40;Buy;3.00;XAUUSD;3 430.32;3 429.32;3 431.32;2025.04.21 22:11:16;3 429.32;-9.00;;-300.00;[sl]
2025.04.21 12:12:11;Buy;3.00;XAUUSD;3 396.13;3 395.13;3 397.13;2025.04.21 12:13:11;3 395.13;-9.00;;-300.00;[sl]
2025.04.21 08:06:57;Buy;3.00;XAUUSD;3 385.40;3 384.40;3 386.40;2025.04.21 08:07:32;3 384.40;-9.00;;-300.00;[sl]
2025.04.21 03:33:16;Buy;3.00;XAUUSD;3 357.75;3 356.75;3 358.75;2025.04.21 03:33:19;3 358.75;-9.00;;300.00;[tp]
2025.04.21 03:02:06;Buy;3.00;XAUUSD;3 352.88;3 351.88;3 353.88;2025.04.21 03:02:37;3 351.88;-9.00;;-300.00;[sl]
2025.04.21 01:15:35;Buy;3.00;XAUUSD;3 342.38;3 341.38;3 343.38;2025.04.21 01:16:08;3 343.38;-9.00;;300.00;[tp]
2025.04.15 19:00:00;Sell Stop;3.00;XAUUSD;3 211.69;3 212.69;3 210.69;2025.04.20 19:00:00;3 326.65;;;;expiration
2025.04.14 18:00:02;Sell Stop;3.00;XAUUSD;3 193.82;3 194.82;3 192.82;2025.04.19 18:00:00;3 326.65;;;;expiration
2025.04.14 01:05:13;Sell Stop;3.00;XAUUSD;3 187.31;3 188.31;3 186.31;2025.04.19 01:05:00;3 326.65;;;;expiration
2025.04.17 16:56:58;Sell;3.00;XAUUSD;3 312.73;3 313.73;3 311.73;2025.04.17 16:56:59;3 313.73;-9.00;;-300.00;[sl]
2025.04.17 10:14:07;Sell;3.00;XAUUSD;3 320.77;3 321.77;3 319.77;2025.04.17 10:14:34;3 321.77;-9.00;;-300.00;[sl]
2025.04.16 21:06:19;Buy;3.00;XAUUSD;3 333.05;3 332.05;3 334.05;2025.04.16 21:08:50;3 332.05;-9.00;;-300.00;[sl]
2025.04.16 17:00:37;Buy;3.00;XAUUSD;3 317.87;3 316.87;3 318.87;2025.04.16 17:00:44;3 316.87;-9.00;;-300.00;[sl]
2025.04.16 02:37:04;Buy;3.00;XAUUSD;3 245.78;3 244.78;3 246.78;2025.04.16 02:37:04;3 246.78;-9.00;;300.00;[tp]
2025.04.15 23:02:16;Buy;3.00;XAUUSD;3 232.62;3 231.62;3 233.62;2025.04.15 23:05:48;3 233.62;-9.00;;300.00;[tp]
2025.04.15 14:48:29;Sell;3.00;XAUUSD;3 217.36;3 218.36;3 216.36;2025.04.15 14:51:49;3 218.36;-9.00;;-300.00;[sl]
2025.04.15 06:00:53;Buy;3.00;XAUUSD;3 225.98;3 224.98;3 226.98;2025.04.15 06:01:08;3 226.98;-9.00;;300.00;[tp]
2025.04.15 04:11:38;Buy;3.00;XAUUSD;3 216.50;3 215.50;3 217.50;2025.04.15 04:13:28;3 215.50;-9.00;;-300.00;[sl]
2025.04.14 15:40:38;Sell;3.00;XAUUSD;3 206.33;3 207.33;3 205.33;2025.04.14 15:40:51;3 205.33;-9.00;;300.00;[tp]
2025.04.14 13:23:39;Sell;3.00;XAUUSD;3 210.04;3 211.04;3 209.04;2025.04.14 13:23:40;3 209.04;-9.00;;300.00;[tp]
2025.04.14 13:20:28;Sell;3.00;XAUUSD;3 216.54;3 217.54;3 215.54;2025.04.14 13:20:29;3 215.54;-9.00;;300.00;[tp]
2025.04.14 05:10:10;Buy;3.00;XAUUSD;3 245.43;3 244.43;3 246.43;2025.04.14 05:10:53;3 244.43;-9.00;;-300.00;[sl]
2025.04.07 22:00:03;Sell Stop;3.00;XAUUSD;2 956.51;2 957.51;2 955.51;2025.04.11 18:00:03;3 230.56;;;;cancelled
2025.04.09 04:00:04;Sell Stop;3.00;XAUUSD;2 969.91;2 970.91;2 968.91;2025.04.11 18:00:02;3 230.64;;;;cancelled
2025.04.09 23:00:01;Sell Stop;3.00;XAUUSD;3 048.63;3 049.63;3 047.63;2025.04.11 18:00:01;3 229.51;;;;cancelled
2025.04.11 11:00:03;Sell Stop;3.00;XAUUSD;3 187.31;3 188.31;3 186.31;2025.04.11 18:00:00;3 229.62;;;;cancelled
2025.04.10 14:00:02;Sell Stop;3.00;XAUUSD;3 103.46;3 104.46;3 102.46;2025.04.11 18:00:00;3 229.61;;;;cancelled
2025.04.11 16:32:19;Buy;3.00;XAUUSD;3 237.73;3 236.73;3 238.73;2025.04.11 16:32:25;3 238.73;-9.00;;300.00;[tp]
2025.04.11 11:21:47;Buy;3.00;XAUUSD;3 220.22;3 219.22;3 221.22;2025.04.11 11:21:51;3 221.22;-9.00;;300.00;[tp]
2025.04.10 21:48:49;Buy;3.00;XAUUSD;3 175.04;3 174.04;3 176.04;2025.04.10 21:49:20;3 174.04;-9.00;;-300.00;[sl]
2025.04.10 16:24:30;Buy;3.00;XAUUSD;3 136.69;3 135.69;3 137.69;2025.04.10 16:24:31;3 135.69;-9.00;;-300.00;[sl]
2025.04.10 15:30:11;Buy;3.00;XAUUSD;3 132.64;3 131.64;3 133.64;2025.04.10 15:30:12;3 131.64;-9.00;;-300.00;[sl]
2025.04.10 08:05:21;Buy;3.00;XAUUSD;3 131.91;3 130.91;3 132.91;2025.04.10 08:05:24;3 130.91;-9.00;;-300.00;[sl]
2025.04.10 05:06:16;Buy;3.00;XAUUSD;3 101.50;3 100.50;3 102.50;2025.04.10 05:06:24;3 100.50;-9.00;;-300.00;[sl]
2025.04.10 03:32:16;Buy;3.00;XAUUSD;3 099.57;3 098.57;3 100.57;2025.04.10 03:32:32;3 098.57;-9.00;;-300.00;[sl]
2025.04.09 22:44:52;Buy;3.00;XAUUSD;3 099.06;3 098.06;3 100.06;2025.04.09 22:45:16;3 098.06;-9.00;;-300.00;[sl]
2025.04.09 14:19:12;Buy;3.00;XAUUSD;3 055.50;3 054.50;3 056.50;2025.04.09 14:19:34;3 056.50;-9.00;;300.00;[tp]
2025.04.09 14:18:58;Buy;3.00;XAUUSD;3 052.36;3 051.36;3 053.36;2025.04.09 14:19:05;3 053.36;-9.00;;300.00;[tp]
2025.04.09 10:11:03;Buy;3.00;XAUUSD;3 046.21;3 045.21;3 047.21;2025.04.09 10:11:03;3 047.21;-9.00;;300.00;[tp]
2025.04.09 09:07:58;Buy;3.00;XAUUSD;3 022.82;3 021.82;3 023.82;2025.04.09 09:08:16;3 021.82;-9.00;;-300.00;[sl]
2025.04.09 07:23:38;Buy;3.00;XAUUSD;3 011.34;3 010.34;3 012.34;2025.04.09 07:25:32;3 010.34;-9.00;;-300.00;[sl]
2025.04.09 02:35:43;Sell;3.00;XAUUSD;2 974.78;2 975.78;2 973.78;2025.04.09 02:35:50;2 973.78;-9.00;;300.00;[tp]
2025.04.08 14:53:50;Buy;3.00;XAUUSD;3 015.96;3 014.96;3 016.96;2025.04.08 14:54:14;3 016.96;-9.00;;300.00;[tp]
2025.04.08 08:15:13;Buy;3.00;XAUUSD;3 004.95;3 003.95;3 005.95;2025.04.08 08:16:28;3 003.95;-9.00;;-300.00;[sl]
2025.04.07 19:55:24;Sell;3.00;XAUUSD;2 971.15;2 972.15;2 970.15;2025.04.07 19:56:25;2 972.15;-9.00;;-300.00;[sl]
2025.04.07 16:35:09;Sell;3.00;XAUUSD;3 013.33;3 014.33;3 012.33;2025.04.07 16:35:09;3 012.33;-9.00;;300.00;[tp]
2025.04.04 13:00:02;Sell Stop;3.00;XAUUSD;3 078.49;3 079.49;3 077.49;2025.04.04 14:00:12;3 111.09;;;;cancelled
2025.04.03 18:00:06;Sell Stop;3.00;XAUUSD;3 054.33;3 055.33;3 053.33;2025.04.04 14:00:12;3 111.06;;;;cancelled
2025.04.03 05:00:05;Buy Stop;3.00;XAUUSD;3 167.66;3 166.66;3 168.66;2025.04.04 14:00:10;3 110.95;;;;cancelled
2025.04.03 20:00:06;Buy Stop;3.00;XAUUSD;3 135.54;3 134.54;3 136.54;2025.04.04 14:00:06;3 112.07;;;;cancelled
2025.04.04 03:00:03;Buy Stop;3.00;XAUUSD;3 119.67;3 118.67;3 120.67;2025.04.04 14:00:04;3 111.09;;;;cancelled
2025.04.04 11:16:45;Sell;3.00;XAUUSD;3 087.00;3 088.00;3 086.00;2025.04.04 11:16:59;3 088.00;-9.00;;-300.00;[sl]
2025.04.03 15:26:17;Sell;3.00;XAUUSD;3 076.75;3 077.75;3 075.75;2025.04.03 15:26:24;3 077.75;-9.00;;-300.00;[sl]
2025.04.03 13:58:34;Sell;3.00;XAUUSD;3 099.75;3 100.75;3 098.75;2025.04.03 13:58:37;3 098.75;-9.00;;300.00;[tp]
2025.04.03 13:58:18;Sell;3.00;XAUUSD;3 100.84;3 101.84;3 099.84;2025.04.03 13:58:34;3 099.84;-9.00;;300.00;[tp]
2025.04.03 13:27:34;Sell;3.00;XAUUSD;3 105.37;3 106.37;3 104.37;2025.04.03 13:27:58;3 106.37;-9.00;;-300.00;[sl]
2025.04.03 13:08:41;Sell;3.00;XAUUSD;3 116.56;3 117.56;3 115.56;2025.04.03 13:08:43;3 115.56;-9.00;;300.00;[tp]
2025.04.03 02:01:31;Buy;3.00;XAUUSD;3 149.04;3 148.04;3 150.04;2025.04.03 02:02:56;3 150.04;-9.00;;300.00;[tp]
2025.04.02 23:28:37;Buy;3.00;XAUUSD;3 135.76;3 134.76;3 136.76;2025.04.02 23:28:39;3 136.76;-9.00;;300.00;[tp]
2025.04.02 23:28:37;Buy;3.00;XAUUSD;3 134.34;3 133.34;3 135.34;2025.04.02 23:28:37;3 135.34;-9.00;;300.00;[tp]
2025.04.02 23:14:08;Sell;3.00;XAUUSD;3 108.79;3 109.79;3 107.79;2025.04.02 23:14:09;3 107.79;-9.00;;300.00;[tp]
2025.04.02 23:14:06;Sell;3.00;XAUUSD;3 110.20;3 111.20;3 109.20;2025.04.02 23:14:08;3 109.20;-9.00;;300.00;[tp]
2025.04.02 19:27:41;Buy;3.00;XAUUSD;3 133.95;3 132.95;3 134.95;2025.04.02 19:29:44;3 132.95;-9.00;;-300.00;[sl]
2025.03.31 01:05:03;Sell Stop;3.00;XAUUSD;3 067.40;3 068.40;3 066.40;2025.04.02 16:00:16;3 120.98;;;;cancelled
2025.03.31 01:05:04;Sell Stop;3.00;XAUUSD;3 066.03;3 067.03;3 065.03;2025.04.02 10:00:12;3 117.22;;;;cancelled
2025.04.01 17:22:47;Sell;3.00;XAUUSD;3 124.10;3 125.10;3 123.10;2025.04.01 17:23:02;3 125.10;-9.00;;-300.00;[sl]
2025.04.01 04:00:44;Buy;3.00;XAUUSD;3 128.02;3 127.02;3 129.02;2025.04.01 04:01:17;3 129.02;-9.00;;300.00;[tp]
2025.04.01 03:49:45;Buy;3.00;XAUUSD;3 127.20;3 126.20;3 128.20;2025.04.01 04:01:08;3 128.20;-9.00;;300.00;[tp]
2025.03.31 05:03:00;Buy;3.00;XAUUSD;3 097.83;3 096.83;3 098.83;2025.03.31 05:03:40;3 096.83;-9.00;;-300.00;[sl]
2025.03.25 08:00:00;Sell Stop;3.00;XAUUSD;3 007.56;3 008.56;3 006.56;2025.03.28 18:00:13;3 069.39;;;;cancelled
2025.03.24 23:00:01;Sell Stop;3.00;XAUUSD;3 002.49;3 003.49;3 001.49;2025.03.28 18:00:13;3 069.03;;;;cancelled
2025.03.26 20:00:00;Sell Stop;3.00;XAUUSD;3 012.33;3 013.33;3 011.33;2025.03.28 18:00:11;3 069.60;;;;cancelled
2025.03.27 18:00:03;Sell Stop;3.00;XAUUSD;3 033.43;3 034.43;3 032.43;2025.03.28 18:00:07;3 070.25;;;;cancelled
2025.03.28 13:00:03;Sell Stop;3.00;XAUUSD;3 066.03;3 067.03;3 065.03;2025.03.28 18:00:04;3 069.63;;;;cancelled
2025.03.28 17:04:25;Buy;3.00;XAUUSD;3 086.13;3 085.13;3 087.13;2025.03.28 17:04:32;3 085.13;-9.00;;-300.00;[sl]
2025.03.24 01:05:07;Sell Stop;3.00;XAUUSD;2 999.44;3 000.44;2 998.44;2025.03.28 13:00:07;3 072.99;;;;cancelled
2025.03.28 08:33:43;Buy;3.00;XAUUSD;3 077.62;3 076.62;3 078.62;2025.03.28 08:43:57;3 078.62;-9.00;;300.00;[tp]
2025.03.28 03:10:01;Buy;3.00;XAUUSD;3 059.93;3 058.93;3 060.93;2025.03.28 03:10:29;3 060.93;-9.00;;300.00;[tp]
2025.03.27 17:39:33;Buy;3.00;XAUUSD;3 055.97;3 054.97;3 056.97;2025.03.27 17:39:33;3 056.97;-9.00;;300.00;[tp]
2025.03.27 15:00:10;Buy;3.00;XAUUSD;3 055.87;3 054.87;3 056.87;2025.03.27 15:04:16;3 054.87;-9.00;;-300.00;[sl]
2025.03.27 13:16:02;Buy;3.00;XAUUSD;3 047.51;3 046.51;3 048.51;2025.03.27 13:16:26;3 048.51;-9.00;;300.00;[tp]
2025.03.27 12:55:25;Buy;3.00;XAUUSD;3 038.65;3 037.65;3 039.65;2025.03.27 12:56:40;3 039.65;-9.00;;300.00;[tp]
2025.03.27 07:36:43;Buy;3.00;XAUUSD;3 038.16;3 037.16;3 039.16;2025.03.27 07:37:51;3 037.16;-9.00;;-300.00;[sl]
2025.03.27 07:24:35;Buy;3.00;XAUUSD;3 036.01;3 035.01;3 037.01;2025.03.27 07:29:14;3 037.01;-9.00;;300.00;[tp]
2025.03.27 05:43:13;Buy;3.00;XAUUSD;3 032.10;3 031.10;3 033.10;2025.03.27 05:45:00;3 031.10;-9.00;;-300.00;[sl]
2025.03.27 02:49:56;Buy;3.00;XAUUSD;3 021.79;3 020.79;3 022.79;2025.03.27 03:01:53;3 022.79;-9.00;;300.00;[tp]
2025.03.26 18:02:18;Sell;3.00;XAUUSD;3 013.19;3 014.19;3 012.19;2025.03.26 18:03:18;3 014.19;-9.00;;-300.00;[sl]
2025.03.26 10:07:28;Buy;3.00;XAUUSD;3 027.21;3 026.21;3 028.21;2025.03.26 10:13:38;3 026.21;-9.00;;-300.00;[sl]
2025.03.26 07:01:45;Sell;3.00;XAUUSD;3 016.40;3 017.40;3 015.40;2025.03.26 07:17:54;3 017.40;-9.00;;-300.00;[sl]
2025.03.26 03:46:39;Sell;3.00;XAUUSD;3 017.84;3 018.84;3 016.84;2025.03.26 03:48:01;3 018.84;-9.00;;-300.00;[sl]
2025.03.25 17:03:36;Buy;3.00;XAUUSD;3 033.40;3 032.40;3 034.40;2025.03.25 17:03:50;3 032.40;-9.00;;-300.00;[sl]
2025.03.25 16:35:14;Buy;3.00;XAUUSD;3 026.57;3 025.57;3 027.57;2025.03.25 16:36:02;3 027.57;-9.00;;300.00;[tp]
2025.03.25 11:48:03;Buy;3.00;XAUUSD;3 021.15;3 020.15;3 022.15;2025.03.25 12:06:15;3 020.15;-9.00;;-300.00;[sl]
2025.03.25 06:31:56;Buy;3.00;XAUUSD;3 014.95;3 013.95;3 015.95;2025.03.25 06:42:12;3 015.95;-9.00;;300.00;[tp]
2025.03.24 21:06:03;Sell;3.00;XAUUSD;3 005.86;3 006.86;3 004.86;2025.03.24 21:07:19;3 004.86;-9.00;;300.00;[tp]
2025.03.24 17:32:42;Sell;3.00;XAUUSD;3 013.81;3 014.81;3 012.81;2025.03.24 17:33:30;3 012.81;-9.00;;300.00;[tp]
2025.03.24 10:08:53;Buy;3.00;XAUUSD;3 026.36;3 025.36;3 027.36;2025.03.24 10:12:06;3 025.36;-9.00;;-300.00;[sl]
2025.03.17 01:05:07;Sell Stop;3.00;XAUUSD;2 978.51;2 979.51;2 977.51;2025.03.21 18:00:06;3 016.08;;;;cancelled
2025.03.17 10:00:06;Sell Stop;3.00;XAUUSD;2 982.30;2 983.30;2 981.30;2025.03.21 18:00:05;3 016.08;;;;cancelled
2025.03.20 09:27:52;Buy Stop;3.00;XAUUSD;3 057.60;3 056.60;3 058.60;2025.03.21 18:00:04;3 016.23;;;;cancelled
2025.03.21 05:00:04;Buy Stop;3.00;XAUUSD;3 047.51;3 046.51;3 048.51;2025.03.21 18:00:03;3 016.27;;;;cancelled
2025.03.21 16:38:00;Sell;3.00;XAUUSD;3 021.90;3 022.90;3 020.90;2025.03.21 16:38:06;3 020.90;-9.00;;300.00;[tp]
2025.03.21 14:44:08;Buy;3.00;XAUUSD;3 034.81;3 033.81;3 035.81;2025.03.21 14:48:35;3 035.81;-9.00;;300.00;[tp]
2025.03.21 08:42:21;Sell;3.00;XAUUSD;3 022.86;3 023.86;3 021.86;2025.03.21 08:43:40;3 023.86;-9.00;;-300.00;[sl]
2025.03.21 08:42:03;Sell;3.00;XAUUSD;3 025.78;3 026.78;3 024.78;2025.03.21 08:42:06;3 024.78;-9.00;;300.00;[tp]
2025.03.21 02:04:34;Buy;3.00;XAUUSD;3 046.14;3 045.14;3 047.14;2025.03.21 02:10:30;3 045.14;-9.00;;-300.00;[sl]
2025.03.20 21:14:03;Buy;3.00;XAUUSD;3 043.27;3 042.27;3 044.27;2025.03.20 21:14:09;3 044.27;-9.00;;300.00;[tp]
2025.03.20 13:06:40;Sell;3.00;XAUUSD;3 038.71;3 039.71;3 037.71;2025.03.20 13:07:15;3 037.71;-9.00;;300.00;[tp]
2025.03.20 03:03:42;Buy;3.00;XAUUSD;3 052.16;3 051.16;3 053.16;2025.03.20 03:04:06;3 053.16;-9.00;;300.00;[tp]
2025.03.19 21:36:40;Buy;3.00;XAUUSD;3 045.42;3 044.42;3 046.42;2025.03.19 21:36:56;3 044.42;-9.00;;-300.00;[sl]
2025.03.19 21:24:34;Buy;3.00;XAUUSD;3 041.15;3 040.15;3 042.15;2025.03.19 21:25:09;3 040.15;-9.00;;-300.00;[sl]
2025.03.19 11:44:49;Sell;3.00;XAUUSD;3 027.42;3 028.42;3 026.42;2025.03.19 11:45:18;3 028.42;-9.00;;-300.00;[sl]
2025.03.19 06:55:31;Buy;3.00;XAUUSD;3 038.35;3 037.35;3 039.35;2025.03.19 06:58:08;3 037.35;-9.00;;-300.00;[sl]
2025.03.19 06:54:27;Buy;3.00;XAUUSD;3 038.03;3 037.03;3 039.03;2025.03.19 06:56:12;3 039.03;-9.00;;300.00;[tp]
2025.03.18 14:41:15;Buy;3.00;XAUUSD;3 028.54;3 027.54;3 029.54;2025.03.18 14:42:44;3 029.54;-9.00;;300.00;[tp]
2025.03.18 04:28:16;Buy;3.00;XAUUSD;3 005.01;3 004.01;3 006.01;2025.03.18 04:29:41;3 004.01;-9.00;;-300.00;[sl]
2025.03.17 23:12:43;Buy;3.00;XAUUSD;3 001.29;3 000.29;3 002.29;2025.03.18 01:13:31;3 000.29;-9.00;-115.92;-300.00;[sl]
2025.03.17 12:37:47;Buy;3.00;XAUUSD;2 994.18;2 993.18;2 995.18;2025.03.17 12:42:22;2 995.18;-9.00;;300.00;[tp]
2025.03.11 01:05:09;Sell Stop;3.00;XAUUSD;2 880.27;2 881.27;2 879.27;2025.03.14 18:00:12;2 985.67;;;;cancelled
2025.03.12 18:00:01;Sell Stop;3.00;XAUUSD;2 906.13;2 907.13;2 905.13;2025.03.14 18:00:11;2 985.50;;;;cancelled
2025.03.14 12:00:07;Sell Stop;3.00;XAUUSD;2 980.77;2 981.77;2 979.77;2025.03.14 18:00:10;2 985.39;;;;cancelled
2025.03.13 13:00:06;Sell Stop;3.00;XAUUSD;2 932.93;2 933.93;2 931.93;2025.03.14 18:00:10;2 985.23;;;;cancelled
2025.03.14 15:00:04;Buy Stop;3.00;XAUUSD;3 005.01;3 004.01;3 006.01;2025.03.14 18:00:09;2 985.58;;;;cancelled
2025.03.14 12:05:21;Buy;3.00;XAUUSD;2 993.97;2 992.97;2 994.97;2025.03.14 12:10:54;2 994.97;-9.00;;300.00;[tp]
2025.03.14 06:51:14;Buy;3.00;XAUUSD;2 990.23;2 989.23;2 991.23;2025.03.14 06:55:02;2 991.23;-9.00;;300.00;[tp]
2025.03.14 04:12:54;Buy;3.00;XAUUSD;2 990.04;2 989.04;2 991.04;2025.03.14 04:15:39;2 989.04;-9.00;;-300.00;[sl]
2025.03.13 22:40:18;Buy;3.00;XAUUSD;2 985.35;2 984.35;2 986.35;2025.03.13 22:41:22;2 984.35;-9.00;;-300.00;[sl]
2025.03.13 15:03:38;Buy;3.00;XAUUSD;2 948.95;2 947.95;2 949.95;2025.03.13 15:07:52;2 947.95;-9.00;;-300.00;[sl]
2025.03.13 12:23:57;Buy;3.00;XAUUSD;2 947.20;2 946.20;2 948.20;2025.03.13 12:25:40;2 946.20;-9.00;;-300.00;[sl]
2025.03.13 04:02:02;Buy;3.00;XAUUSD;2 940.58;2 939.58;2 941.58;2025.03.13 04:21:42;2 939.58;-9.00;;-300.00;[sl]
2025.03.12 19:08:18;Buy;3.00;XAUUSD;2 930.54;2 929.54;2 931.54;2025.03.12 19:08:36;2 931.54;-9.00;;300.00;[tp]
2025.03.12 18:09:44;Buy;3.00;XAUUSD;2 925.39;2 924.39;2 926.39;2025.03.12 18:11:56;2 926.39;-9.00;;300.00;[tp]
2025.03.12 16:24:44;Sell;3.00;XAUUSD;2 908.98;2 909.98;2 907.98;2025.03.12 16:24:44;2 907.98;-9.00;;300.00;[tp]
2025.03.12 11:59:18;Buy;3.00;XAUUSD;2 922.14;2 921.14;2 923.14;2025.03.12 12:00:48;2 923.14;-9.00;;300.00;[tp]
2025.03.12 11:52:40;Buy;3.00;XAUUSD;2 921.35;2 920.35;2 922.35;2025.03.12 11:53:07;2 920.35;-9.00;;-300.00;[sl]
2025.03.12 10:03:11;Sell;3.00;XAUUSD;2 910.83;2 911.83;2 909.83;2025.03.12 10:04:18;2 911.83;-9.00;;-300.00;[sl]
2025.03.12 09:09:09;Buy;3.00;XAUUSD;2 920.06;2 919.06;2 921.06;2025.03.12 09:12:41;2 921.06;-9.00;;300.00;[tp]
2025.03.11 16:38:31;Buy;3.00;XAUUSD;2 918.36;2 917.36;2 919.36;2025.03.11 16:38:42;2 919.36;-9.00;;300.00;[tp]
2025.03.11 15:40:29;Buy;3.00;XAUUSD;2 915.57;2 914.57;2 916.57;2025.03.11 15:41:00;2 914.57;-9.00;;-300.00;[sl]
2025.03.11 09:33:31;Buy;3.00;XAUUSD;2 900.56;2 899.56;2 901.56;2025.03.11 09:34:10;2 901.56;-9.00;;300.00;[tp]
2025.03.10 20:00:11;Sell;3.00;XAUUSD;2 895.60;2 896.60;2 894.60;2025.03.10 20:00:33;2 894.60;-9.00;;300.00;[tp]
2025.03.10 14:39:52;Sell;3.00;XAUUSD;2 896.79;2 897.79;2 895.79;2025.03.10 14:40:21;2 895.79;-9.00;;300.00;[tp]
2025.03.10 12:48:15;Buy;3.00;XAUUSD;2 915.48;2 914.48;2 916.48;2025.03.10 12:50:22;2 914.48;-9.00;;-300.00;[sl]
2025.03.10 12:00:06;Sell;3.00;XAUUSD;2 896.86;2 897.86;2 895.86;2025.03.10 12:00:44;2 897.86;-9.00;;-300.00;[sl]
2025.03.10 11:32:30;Sell;3.00;XAUUSD;2 902.06;2 903.06;2 901.06;2025.03.10 11:33:09;2 903.06;-9.00;;-300.00;[sl]
2025.03.10 10:54:21;Sell;3.00;XAUUSD;2 906.93;2 907.93;2 905.93;2025.03.10 10:54:52;2 905.93;-9.00;;300.00;[tp]
2025.03.10 08:24:10;Sell;3.00;XAUUSD;2 908.26;2 909.26;2 907.26;2025.03.10 08:29:33;2 907.26;-9.00;;300.00;[tp]
2025.03.03 12:00:09;Sell Stop;3.00;XAUUSD;2 858.94;2 859.94;2 857.94;2025.03.07 14:00:22;2 918.46;;;;cancelled
2025.03.04 11:00:07;Sell Stop;3.00;XAUUSD;2 884.45;2 885.45;2 883.45;2025.03.07 14:00:19;2 918.52;;;;cancelled
2025.03.07 04:00:07;Sell Stop;3.00;XAUUSD;2 896.86;2 897.86;2 895.86;2025.03.07 14:00:17;2 918.52;;;;cancelled
2025.03.06 14:00:09;Sell Stop;3.00;XAUUSD;2 891.24;2 892.24;2 890.24;2025.03.07 14:00:17;2 918.51;;;;cancelled
2025.03.05 20:00:07;Buy Stop;3.00;XAUUSD;2 929.97;2 928.97;2 930.97;2025.03.07 14:00:15;2 918.60;;;;cancelled
2025.03.06 06:00:07;Buy Stop;3.00;XAUUSD;2 926.63;2 925.63;2 927.63;2025.03.07 14:00:11;2 918.58;;;;cancelled
2025.03.07 13:00:07;Buy Stop;3.00;XAUUSD;2 923.03;2 922.03;2 924.03;2025.03.07 14:00:07;2 918.69;;;;cancelled
2025.03.07 10:54:09;Buy;3.00;XAUUSD;2 922.76;2 921.76;2 923.76;2025.03.07 11:06:42;2 921.76;-9.00;;-300.00;[sl]
2025.03.07 02:06:16;Sell;3.00;XAUUSD;2 908.45;2 909.45;2 907.45;2025.03.07 02:07:31;2 907.45;-9.00;;300.00;[tp]
2025.03.06 11:54:39;Sell;3.00;XAUUSD;2 894.39;2 895.39;2 893.39;2025.03.06 11:55:04;2 893.39;-9.00;;300.00;[tp]
2025.03.06 09:33:48;Sell;3.00;XAUUSD;2 914.68;2 915.68;2 913.68;2025.03.06 09:35:24;2 913.68;-9.00;;300.00;[tp]
2025.03.06 07:01:31;Sell;3.00;XAUUSD;2 915.94;2 916.94;2 914.94;2025.03.06 07:03:36;2 916.94;-9.00;;-300.00;[sl]
2025.03.05 18:20:46;Buy;3.00;XAUUSD;2 927.86;2 926.86;2 928.86;2025.03.05 18:23:08;2 926.86;-9.00;;-300.00;[sl]
2025.03.05 17:32:36;Buy;3.00;XAUUSD;2 922.58;2 921.58;2 923.58;2025.03.05 17:33:01;2 921.58;-9.00;;-300.00;[sl]
2025.03.05 15:44:07;Sell;3.00;XAUUSD;2 900.50;2 901.50;2 899.50;2025.03.05 15:44:08;2 899.50;-9.00;;300.00;[tp]
2025.03.05 15:44:02;Sell;3.00;XAUUSD;2 902.05;2 903.05;2 901.05;2025.03.05 15:44:07;2 901.05;-9.00;;300.00;[tp]
2025.03.05 15:34:24;Sell;3.00;XAUUSD;2 908.97;2 909.97;2 907.97;2025.03.05 15:34:26;2 907.97;-9.00;;300.00;[tp]
2025.03.03 01:05:05;Sell Stop;3.00;XAUUSD;2 832.69;2 833.69;2 831.69;2025.03.05 15:00:07;2 915.77;;;;cancelled
2025.03.05 10:16:38;Buy;3.00;XAUUSD;2 921.82;2 920.82;2 922.82;2025.03.05 10:17:00;2 920.82;-9.00;;-300.00;[sl]
2025.03.05 08:16:48;Buy;3.00;XAUUSD;2 920.56;2 919.56;2 921.56;2025.03.05 08:17:30;2 921.56;-9.00;;300.00;[tp]
2025.03.04 13:51:15;Buy;3.00;XAUUSD;2 921.30;2 920.30;2 922.30;2025.03.04 13:52:24;2 920.30;-9.00;;-300.00;[sl]
2025.03.04 09:27:05;Buy;3.00;XAUUSD;2 895.25;2 894.25;2 896.25;2025.03.04 09:27:34;2 896.25;-9.00;;300.00;[tp]
2025.03.04 09:22:22;Buy;3.00;XAUUSD;2 894.42;2 893.42;2 895.42;2025.03.04 09:27:06;2 895.42;-9.00;;300.00;[tp]
2025.03.03 23:22:46;Buy;3.00;XAUUSD;2 893.19;2 892.19;2 894.19;2025.03.03 23:28:18;2 894.19;-9.00;;300.00;[tp]
2025.03.03 16:32:01;Buy;3.00;XAUUSD;2 877.67;2 876.67;2 878.67;2025.03.03 16:32:18;2 876.67;-9.00;;-300.00;[sl]
2025.03.03 14:31:27;Buy;3.00;XAUUSD;2 876.88;2 875.88;2 877.88;2025.03.03 14:37:53;2 875.88;-9.00;;-300.00;[sl]
2025.02.24 18:00:06;Buy Stop;3.00;XAUUSD;2 956.23;2 955.23;2 957.23;2025.02.28 18:00:09;2 849.67;;;;cancelled
2025.02.25 03:00:04;Buy Stop;3.00;XAUUSD;2 953.70;2 952.70;2 954.70;2025.02.28 18:00:08;2 849.80;;;;cancelled
2025.02.25 18:00:04;Buy Stop;3.00;XAUUSD;2 944.87;2 943.87;2 945.87;2025.02.28 18:00:07;2 850.02;;;;cancelled
2025.02.27 03:00:03;Buy Stop;3.00;XAUUSD;2 920.82;2 919.82;2 921.82;2025.02.28 18:00:06;2 850.37;;;;cancelled
2025.02.26 05:00:08;Buy Stop;3.00;XAUUSD;2 930.24;2 929.24;2 931.24;2025.02.28 18:00:06;2 849.86;;;;cancelled
2025.02.28 15:55:37;Sell;3.00;XAUUSD;2 851.04;2 852.04;2 850.04;2025.02.28 15:56:01;2 852.04;-9.00;;-300.00;[sl]
2025.02.28 10:02:29;Sell;3.00;XAUUSD;2 857.03;2 858.03;2 856.03;2025.02.28 10:02:49;2 858.03;-9.00;;-300.00;[sl]
2025.02.28 05:38:19;Sell;3.00;XAUUSD;2 867.75;2 868.75;2 866.75;2025.02.28 05:41:21;2 868.75;-9.00;;-300.00;[sl]
2025.02.28 04:01:13;Sell;3.00;XAUUSD;2 871.32;2 872.32;2 870.32;2025.02.28 04:01:41;2 872.32;-9.00;;-300.00;[sl]
2025.02.27 16:46:47;Sell;3.00;XAUUSD;2 876.93;2 877.93;2 875.93;2025.02.27 16:46:52;2 875.93;-9.00;;300.00;[tp]
2025.02.27 09:44:09;Sell;3.00;XAUUSD;2 888.58;2 889.58;2 887.58;2025.02.27 09:44:43;2 889.58;-9.00;;-300.00;[sl]
2025.02.27 09:44:16;Sell;3.00;XAUUSD;2 888.19;2 889.19;2 887.19;2025.02.27 09:44:41;2 889.19;-9.00;;-300.00;[sl]
2025.02.27 07:36:40;Sell;3.00;XAUUSD;2 890.83;2 891.83;2 889.83;2025.02.27 07:38:45;2 889.83;-9.00;;300.00;[tp]
2025.02.26 23:00:58;Buy;3.00;XAUUSD;2 916.78;2 915.78;2 917.78;2025.02.26 23:10:06;2 917.78;-9.00;;300.00;[tp]
2025.02.26 22:58:06;Buy;3.00;XAUUSD;2 916.78;2 915.78;2 917.78;2025.02.26 23:10:06;2 917.78;-9.00;;300.00;[tp]
2025.02.26 15:58:19;Sell;3.00;XAUUSD;2 905.84;2 906.84;2 904.84;2025.02.26 15:58:55;2 906.84;-9.00;;-300.00;[sl]
2025.02.26 08:10:30;Sell;3.00;XAUUSD;2 912.66;2 913.66;2 911.66;2025.02.26 08:10:35;2 911.66;-9.00;;300.00;[tp]
2025.02.25 17:21:27;Sell;3.00;XAUUSD;2 916.75;2 917.75;2 915.75;2025.02.25 17:22:03;2 917.75;-9.00;;-300.00;[sl]
2025.02.25 17:17:48;Sell;3.00;XAUUSD;2 921.40;2 922.40;2 920.40;2025.02.25 17:18:00;2 922.40;-9.00;;-300.00;[sl]
2025.02.25 17:17:21;Sell;3.00;XAUUSD;2 924.09;2 925.09;2 923.09;2025.02.25 17:17:40;2 923.09;-9.00;;300.00;[tp]
2025.02.25 14:33:02;Sell;3.00;XAUUSD;2 929.51;2 930.51;2 928.51;2025.02.25 14:33:38;2 928.51;-9.00;;300.00;[tp]
2025.02.25 09:52:57;Sell;3.00;XAUUSD;2 930.77;2 931.77;2 929.77;2025.02.25 09:53:29;2 931.77;-9.00;;-300.00;[sl]
2025.02.25 08:31:07;Sell;3.00;XAUUSD;2 935.03;2 936.03;2 934.03;2025.02.25 08:46:27;2 936.03;-9.00;;-300.00;[sl]
2025.02.25 05:23:55;Sell;3.00;XAUUSD;2 945.31;2 946.31;2 944.31;2025.02.25 05:35:19;2 944.31;-9.00;;300.00;[tp]
2025.02.24 16:40:12;Sell;3.00;XAUUSD;2 934.97;2 935.97;2 933.97;2025.02.24 16:40:14;2 935.97;-9.00;;-300.00;[sl]
2025.02.24 14:02:10;Buy;3.00;XAUUSD;2 949.79;2 948.79;2 950.79;2025.02.24 14:02:25;2 950.79;-9.00;;300.00;[tp]
2025.02.24 14:01:15;Buy;3.00;XAUUSD;2 948.74;2 947.74;2 949.74;2025.02.24 14:02:10;2 949.74;-9.00;;300.00;[tp]
2025.02.24 09:50:26;Buy;3.00;XAUUSD;2 944.84;2 943.84;2 945.84;2025.02.24 09:52:41;2 943.84;-9.00;;-300.00;[sl]
2025.02.24 05:01:53;Buy;3.00;XAUUSD;2 942.90;2 941.90;2 943.90;2025.02.24 05:04:39;2 941.90;-9.00;;-300.00;[sl]
2025.02.24 03:24:44;Sell;3.00;XAUUSD;2 921.60;2 922.60;2 920.60;2025.02.24 03:25:29;2 922.60;-9.00;;-300.00;[sl]
2025.02.18 05:00:05;Sell Stop;3.00;XAUUSD;2 891.99;2 892.99;2 890.99;2025.02.21 18:00:10;2 928.11;;;;cancelled
2025.02.18 15:00:06;Sell Stop;3.00;XAUUSD;2 907.17;2 908.17;2 906.17;2025.02.21 18:00:09;2 928.17;;;;cancelled
2025.02.21 12:00:07;Sell Stop;3.00;XAUUSD;2 916.75;2 917.75;2 915.75;2025.02.21 18:00:08;2 928.19;;;;cancelled
2025.02.20 13:00:01;Buy Stop;3.00;XAUUSD;2 954.91;2 953.91;2 955.91;2025.02.21 18:00:08;2 928.16;;;;cancelled
2025.02.21 05:00:08;Buy Stop;3.00;XAUUSD;2 949.79;2 948.79;2 950.79;2025.02.21 18:00:07;2 928.12;;;;cancelled
2025.02.21 16:46:38;Buy;3.00;XAUUSD;2 936.21;2 935.21;2 937.21;2025.02.21 16:47:01;2 937.21;-9.00;;300.00;[tp]
2025.02.21 10:21:41;Sell;3.00;XAUUSD;2 918.63;2 919.63;2 917.63;2025.02.21 10:21:54;2 917.63;-9.00;;300.00;[tp]
2025.02.21 10:12:27;Sell;3.00;XAUUSD;2 924.14;2 925.14;2 923.14;2025.02.21 10:17:39;2 923.14;-9.00;;300.00;[tp]
2025.02.21 07:07:32;Sell;3.00;XAUUSD;2 926.50;2 927.50;2 925.50;2025.02.21 07:09:27;2 927.50;-9.00;;-300.00;[sl]
2025.02.17 01:05:06;Sell Stop;3.00;XAUUSD;2 877.11;2 878.11;2 876.11;2025.02.21 06:00:13;2 931.17;;;;cancelled
2025.02.20 08:07:18;Buy;3.00;XAUUSD;2 947.09;2 946.09;2 948.09;2025.02.20 08:08:12;2 946.09;-9.00;;-300.00;[sl]
2025.02.20 08:00:00;Buy;3.00;XAUUSD;2 947.09;2 946.09;2 948.09;2025.02.20 08:00:17;2 946.09;-9.00;;-300.00;[sl]
2025.02.20 07:20:10;Buy;3.00;XAUUSD;2 944.14;2 943.14;2 945.14;2025.02.20 07:20:59;2 945.14;-9.00;;300.00;[tp]
2025.02.20 05:02:46;Buy;3.00;XAUUSD;2 942.37;2 941.37;2 943.37;2025.02.20 05:07:04;2 941.37;-9.00;;-300.00;[sl]
2025.02.20 02:01:52;Buy;3.00;XAUUSD;2 937.36;2 936.36;2 938.36;2025.02.20 02:07:00;2 938.36;-9.00;;300.00;[tp]
2025.02.19 18:00:23;Sell;3.00;XAUUSD;2 924.10;2 925.10;2 923.10;2025.02.19 18:00:34;2 925.10;-9.00;;-300.00;[sl]
2025.02.19 10:36:11;Buy;3.00;XAUUSD;2 939.75;2 938.75;2 940.75;2025.02.19 10:42:10;2 938.75;-9.00;;-300.00;[sl]
2025.02.19 10:37:42;Buy;3.00;XAUUSD;2 940.09;2 939.09;2 941.09;2025.02.19 10:41:57;2 939.09;-9.00;;-300.00;[sl]
2025.02.19 03:48:13;Buy;3.00;XAUUSD;2 936.93;2 935.93;2 937.93;2025.02.19 03:48:31;2 937.93;-9.00;;300.00;[tp]
2025.02.18 21:31:04;Buy;3.00;XAUUSD;2 933.78;2 932.78;2 934.78;2025.02.18 21:35:40;2 934.78;-9.00;;300.00;[tp]
2025.02.18 14:40:58;Buy;3.00;XAUUSD;2 915.76;2 914.76;2 916.76;2025.02.18 14:41:20;2 916.76;-9.00;;300.00;[tp]
2025.02.18 05:02:42;Buy;3.00;XAUUSD;2 906.45;2 905.45;2 907.45;2025.02.18 05:04:41;2 905.45;-9.00;;-300.00;[sl]
2025.02.18 04:40:26;Buy;3.00;XAUUSD;2 904.13;2 903.13;2 905.13;2025.02.18 04:41:52;2 905.13;-9.00;;300.00;[tp]
2025.02.17 11:17:49;Buy;3.00;XAUUSD;2 905.33;2 904.33;2 906.33;2025.02.17 11:18:20;2 904.33;-9.00;;-300.00;[sl]
2025.02.10 01:05:10;Sell Stop;3.00;XAUUSD;2 852.57;2 853.57;2 851.57;2025.02.14 18:00:08;2 901.72;;;;cancelled
2025.02.12 17:00:06;Sell Stop;3.00;XAUUSD;2 864.24;2 865.24;2 863.24;2025.02.14 18:00:07;2 901.75;;;;cancelled
2025.02.10 01:05:11;Sell Stop;3.00;XAUUSD;2 834.19;2 835.19;2 833.19;2025.02.14 18:00:07;2 901.77;;;;cancelled
2025.02.11 06:00:04;Buy Stop;3.00;XAUUSD;2 942.69;2 941.69;2 943.69;2025.02.14 18:00:06;2 901.79;;;;cancelled
2025.02.14 14:00:07;Buy Stop;3.00;XAUUSD;2 940.09;2 939.09;2 941.09;2025.02.14 18:00:05;2 901.74;;;;cancelled
2025.02.14 17:22:37;Sell;3.00;XAUUSD;2 905.88;2 906.88;2 904.88;2025.02.14 17:22:50;2 904.88;-9.00;;300.00;[tp]
2025.02.14 15:43:34;Sell;3.00;XAUUSD;2 923.32;2 924.32;2 922.32;2025.02.14 15:43:37;2 922.32;-9.00;;300.00;[tp]
2025.02.14 08:34:49;Buy;3.00;XAUUSD;2 933.83;2 932.83;2 934.83;2025.02.14 08:41:50;2 934.83;-9.00;;300.00;[tp]
2025.02.14 03:09:02;Buy;3.00;XAUUSD;2 932.38;2 931.38;2 933.38;2025.02.14 03:11:20;2 933.38;-9.00;;300.00;[tp]
2025.02.13 20:56:26;Buy;3.00;XAUUSD;2 922.90;2 921.90;2 923.90;2025.02.13 20:57:15;2 923.90;-9.00;;300.00;[tp]
2025.02.13 20:54:17;Buy;3.00;XAUUSD;2 921.43;2 920.43;2 922.43;2025.02.13 20:56:22;2 922.43;-9.00;;300.00;[tp]
2025.02.13 15:31:15;Sell;3.00;XAUUSD;2 909.43;2 910.43;2 908.43;2025.02.13 15:31:23;2 908.43;-9.00;;300.00;[tp]
2025.02.13 05:15:55;Buy;3.00;XAUUSD;2 909.31;2 908.31;2 910.31;2025.02.13 05:16:58;2 910.31;-9.00;;300.00;[tp]
2025.02.12 19:14:25;Buy;3.00;XAUUSD;2 908.64;2 907.64;2 909.64;2025.02.12 19:15:09;2 907.64;-9.00;;-300.00;[sl]
2025.02.12 18:48:14;Buy;3.00;XAUUSD;2 898.05;2 897.05;2 899.05;2025.02.12 18:49:10;2 899.05;-9.00;;300.00;[tp]
2025.02.12 12:43:16;Sell;3.00;XAUUSD;2 881.77;2 882.77;2 880.77;2025.02.12 12:43:33;2 880.77;-9.00;;300.00;[tp]
2025.02.12 12:32:47;Sell;3.00;XAUUSD;2 883.58;2 884.58;2 882.58;2025.02.12 12:33:17;2 882.58;-9.00;;300.00;[tp]
2025.02.12 02:42:14;Sell;3.00;XAUUSD;2 894.15;2 895.15;2 893.15;2025.02.12 02:47:29;2 893.15;-9.00;;300.00;[tp]
2025.02.11 14:08:25;Sell;3.00;XAUUSD;2 901.92;2 902.92;2 900.92;2025.02.11 14:09:10;2 900.92;-9.00;;300.00;[tp]
2025.02.11 01:05:00;Buy;3.00;XAUUSD;2 911.98;2 910.98;2 912.98;2025.02.11 01:10:33;2 910.98;-9.00;;-300.00;[sl]
2025.02.10 17:19:22;Buy;3.00;XAUUSD;2 910.99;2 909.99;2 911.99;2025.02.10 17:23:54;2 909.99;-9.00;;-300.00;[sl]
2025.02.10 14:13:29;Buy;3.00;XAUUSD;2 906.32;2 905.32;2 907.32;2025.02.10 14:21:36;2 905.32;-9.00;;-300.00;[sl]
2025.02.10 08:46:44;Buy;3.00;XAUUSD;2 886.84;2 885.84;2 887.84;2025.02.10 08:46:44;2 887.84;-9.00;;300.00;[tp]
2025.02.10 06:11:32;Buy;3.00;XAUUSD;2 876.63;2 875.63;2 877.63;2025.02.10 06:30:48;2 877.63;-9.00;;300.00;[tp]
2025.02.10 03:01:57;Buy;3.00;XAUUSD;2 870.50;2 869.50;2 871.50;2025.02.10 03:02:53;2 871.50;-9.00;;300.00;[tp]
2025.02.03 07:00:04;Sell Stop;3.00;XAUUSD;2 772.19;2 773.19;2 771.19;2025.02.07 14:00:15;2 867.96;;;;cancelled
2025.02.04 11:00:05;Sell Stop;3.00;XAUUSD;2 807.24;2 808.24;2 806.24;2025.02.07 14:00:12;2 867.81;;;;cancelled
2025.02.07 11:00:10;Sell Stop;3.00;XAUUSD;2 859.02;2 860.02;2 858.02;2025.02.07 14:00:11;2 867.78;;;;cancelled
2025.02.06 19:00:04;Sell Stop;3.00;XAUUSD;2 834.19;2 835.19;2 833.19;2025.02.07 14:00:11;2 867.79;;;;cancelled
2025.02.05 20:00:07;Buy Stop;3.00;XAUUSD;2 882.34;2 881.34;2 883.34;2025.02.07 14:00:10;2 867.89;;;;cancelled
2025.02.07 13:00:04;Buy Stop;3.00;XAUUSD;2 870.71;2 869.71;2 871.71;2025.02.07 14:00:09;2 868.10;;;;cancelled
2025.02.06 06:00:06;Buy Stop;3.00;XAUUSD;2 873.33;2 872.33;2 874.33;2025.02.07 14:00:09;2 868.11;;;;cancelled
2025.02.07 11:10:28;Buy;3.00;XAUUSD;2 870.66;2 869.66;2 871.66;2025.02.07 11:10:37;2 869.66;-9.00;;-300.00;[sl]
2025.02.07 05:03:52;Buy;3.00;XAUUSD;2 870.33;2 869.33;2 871.33;2025.02.07 05:05:06;2 869.33;-9.00;;-300.00;[sl]
2025.02.07 01:22:14;Buy;3.00;XAUUSD;2 857.44;2 856.44;2 858.44;2025.02.07 01:40:36;2 858.44;-9.00;;300.00;[tp]
2025.02.06 17:00:26;Sell;3.00;XAUUSD;2 839.77;2 840.77;2 838.77;2025.02.06 17:00:41;2 838.77;-9.00;;300.00;[tp]
2025.02.06 16:49:48;Sell;3.00;XAUUSD;2 848.82;2 849.82;2 847.82;2025.02.06 16:50:00;2 847.82;-9.00;;300.00;[tp]
2025.02.06 08:57:36;Sell;3.00;XAUUSD;2 858.64;2 859.64;2 857.64;2025.02.06 08:57:40;2 859.64;-9.00;;-300.00;[sl]
2025.02.06 08:50:48;Sell;3.00;XAUUSD;2 860.03;2 861.03;2 859.03;2025.02.06 08:52:28;2 861.03;-9.00;;-300.00;[sl]
2025.02.05 17:28:08;Buy;3.00;XAUUSD;2 877.07;2 876.07;2 878.07;2025.02.05 17:32:01;2 876.07;-9.00;;-300.00;[sl]
2025.02.05 02:32:54;Buy;3.00;XAUUSD;2 845.51;2 844.51;2 846.51;2025.02.05 02:34:33;2 846.51;-9.00;;300.00;[tp]
2025.02.04 15:21:51;Buy;3.00;XAUUSD;2 830.68;2 829.68;2 831.68;2025.02.04 15:22:19;2 831.68;-9.00;;300.00;[tp]
2025.02.04 15:12:33;Buy;3.00;XAUUSD;2 824.67;2 823.67;2 825.67;2025.02.04 15:15:13;2 823.67;-9.00;;-300.00;[sl]
2025.02.04 14:51:44;Buy;3.00;XAUUSD;2 821.87;2 820.87;2 822.87;2025.02.04 14:54:41;2 822.87;-9.00;;300.00;[tp]
2025.02.04 08:23:24;Sell;3.00;XAUUSD;2 812.23;2 813.23;2 811.23;2025.02.04 08:27:09;2 811.23;-9.00;;300.00;[tp]
2025.02.03 16:36:22;Buy;3.00;XAUUSD;2 817.18;2 816.18;2 818.18;2025.02.03 16:36:33;2 818.18;-9.00;;300.00;[tp]
2025.02.03 13:03:15;Buy;3.00;XAUUSD;2 800.87;2 799.87;2 801.87;2025.02.03 13:09:02;2 801.87;-9.00;;300.00;[tp]
2025.02.03 03:09:15;Sell;3.00;XAUUSD;2 784.88;2 785.88;2 783.88;2025.02.03 03:10:25;2 785.88;-9.00;;-300.00;[sl]
2025.02.03 01:24:31;Sell;3.00;XAUUSD;2 791.09;2 792.09;2 790.09;2025.02.03 01:24:37;2 792.09;-9.00;;-300.00;[sl]
2025.02.03 01:22:01;Sell;3.00;XAUUSD;2 794.39;2 795.39;2 793.39;2025.02.03 01:22:04;2 793.39;-9.00;;300.00;[tp]
2025.01.28 12:00:05;Sell Stop;3.00;XAUUSD;2 734.81;2 735.81;2 733.81;2025.01.31 18:00:30;2 808.72;;;;cancelled
2025.01.27 21:00:04;Sell Stop;3.00;XAUUSD;2 730.55;2 731.55;2 729.55;2025.01.31 18:00:30;2 808.74;;;;cancelled
2025.01.30 09:00:07;Sell Stop;3.00;XAUUSD;2 758.72;2 759.72;2 757.72;2025.01.31 18:00:29;2 808.71;;;;cancelled
2025.01.29 23:00:01;Sell Stop;3.00;XAUUSD;2 744.88;2 745.88;2 743.88;2025.01.31 18:00:29;2 808.75;;;;cancelled
2025.01.31 14:00:08;Sell Stop;3.00;XAUUSD;2 791.09;2 792.09;2 790.09;2025.01.31 18:00:28;2 808.69;;;;cancelled
2025.01.31 14:01:00;Buy;3.00;XAUUSD;2 801.00;2 800.00;2 802.00;2025.01.31 14:04:12;2 802.00;-9.00;;300.00;[tp]
2025.01.31 09:25:02;Buy;3.00;XAUUSD;2 799.57;2 798.57;2 800.57;2025.01.31 09:27:04;2 798.57;-9.00;;-300.00;[sl]
2025.01.31 02:05:22;Buy;3.00;XAUUSD;2 798.59;2 797.59;2 799.59;2025.01.31 02:09:49;2 797.59;-9.00;;-300.00;[sl]
2025.01.30 16:00:02;Buy;3.00;XAUUSD;2 786.04;2 785.04;2 787.04;2025.01.30 16:00:46;2 785.04;-9.00;;-300.00;[sl]
2025.01.30 10:12:40;Buy;3.00;XAUUSD;2 772.09;2 771.09;2 773.09;2025.01.30 10:13:26;2 771.09;-9.00;;-300.00;[sl]
2025.01.30 08:58:03;Buy;3.00;XAUUSD;2 766.09;2 765.09;2 767.09;2025.01.30 09:01:04;2 765.09;-9.00;;-300.00;[sl]
2025.01.30 08:58:03;Buy;3.00;XAUUSD;2 766.19;2 765.19;2 767.19;2025.01.30 08:59:47;2 765.19;-9.00;;-300.00;[sl]
2025.01.30 08:56:21;Buy;3.00;XAUUSD;2 763.40;2 762.40;2 764.40;2025.01.30 08:56:44;2 764.40;-9.00;;300.00;[tp]
2025.01.30 06:03:35;Buy;3.00;XAUUSD;2 762.58;2 761.58;2 763.58;2025.01.30 06:31:20;2 761.58;-9.00;;-300.00;[sl]
2025.01.29 21:00:27;Sell;3.00;XAUUSD;2 748.39;2 749.39;2 747.39;2025.01.29 21:00:51;2 747.39;-9.00;;300.00;[tp]
2025.01.29 17:27:31;Sell;3.00;XAUUSD;2 752.25;2 753.25;2 751.25;2025.01.29 17:27:54;2 751.25;-9.00;;300.00;[tp]
2025.01.29 12:45:34;Sell;3.00;XAUUSD;2 757.45;2 758.45;2 756.45;2025.01.29 12:56:26;2 758.45;-9.00;;-300.00;[sl]
2025.01.29 03:01:35;Buy;3.00;XAUUSD;2 765.03;2 764.03;2 766.03;2025.01.29 03:12:41;2 766.03;-9.00;;300.00;[tp]
2025.01.28 14:59:51;Buy;3.00;XAUUSD;2 745.21;2 744.21;2 746.21;2025.01.28 15:01:38;2 746.21;-9.00;;300.00;[tp]
2025.01.28 12:07:43;Buy;3.00;XAUUSD;2 745.21;2 744.21;2 746.21;2025.01.28 12:10:29;2 744.21;-9.00;;-300.00;[sl]
2025.01.28 10:14:21;Sell;3.00;XAUUSD;2 737.85;2 738.85;2 736.85;2025.01.28 10:16:52;2 738.85;-9.00;;-300.00;[sl]
2025.01.28 03:02:25;Buy;3.00;XAUUSD;2 745.21;2 744.21;2 746.21;2025.01.28 03:02:39;2 744.21;-9.00;;-300.00;[sl]
2025.01.27 16:31:04;Sell;3.00;XAUUSD;2 747.32;2 748.32;2 746.32;2025.01.27 16:31:05;2 746.32;-9.00;;300.00;[tp]
2025.01.27 07:42:17;Sell;3.00;XAUUSD;2 753.88;2 754.88;2 752.88;2025.01.27 07:45:35;2 754.88;-9.00;;-300.00;[sl]
2025.01.27 03:41:24;Sell;3.00;XAUUSD;2 764.88;2 765.88;2 763.88;2025.01.27 03:42:36;2 763.88;-9.00;;300.00;[tp]
2025.01.20 17:00:05;Sell Stop;3.00;XAUUSD;2 701.67;2 702.67;2 700.67;2025.01.24 18:00:03;2 774.85;;;;cancelled
2025.01.21 05:00:13;Sell Stop;3.00;XAUUSD;2 702.71;2 703.71;2 701.71;2025.01.24 18:00:02;2 774.89;;;;cancelled
2025.01.23 17:00:07;Sell Stop;3.00;XAUUSD;2 735.89;2 736.89;2 734.89;2025.01.24 18:00:01;2 775.22;;;;cancelled
2025.01.21 15:00:07;Sell Stop;3.00;XAUUSD;2 716.61;2 717.61;2 715.61;2025.01.24 18:00:01;2 775.17;;;;cancelled
2025.01.24 12:00:05;Sell Stop;3.00;XAUUSD;2 770.06;2 771.06;2 769.06;2025.01.24 18:00:00;2 775.33;;;;cancelled
2025.01.24 15:02:40;Buy;3.00;XAUUSD;2 780.16;2 779.16;2 781.16;2025.01.24 15:05:23;2 779.16;-9.00;;-300.00;[sl]
2025.01.24 13:32:09;Buy;3.00;XAUUSD;2 778.36;2 777.36;2 779.36;2025.01.24 13:35:27;2 779.36;-9.00;;300.00;[tp]
2025.01.24 08:08:45;Buy;3.00;XAUUSD;2 777.38;2 776.38;2 778.38;2025.01.24 08:27:32;2 776.38;-9.00;;-300.00;[sl]
2025.01.24 04:00:24;Buy;3.00;XAUUSD;2 763.42;2 762.42;2 764.42;2025.01.24 04:00:27;2 764.42;-9.00;;300.00;[tp]
2025.01.24 02:40:33;Buy;3.00;XAUUSD;2 758.92;2 757.92;2 759.92;2025.01.24 02:42:06;2 759.92;-9.00;;300.00;[tp]
2025.01.23 18:45:08;Buy;3.00;XAUUSD;2 755.60;2 754.60;2 756.60;2025.01.23 18:46:02;2 756.60;-9.00;;300.00;[tp]
2025.01.23 15:14:52;Sell;3.00;XAUUSD;2 740.95;2 741.95;2 739.95;2025.01.23 15:15:16;2 741.95;-9.00;;-300.00;[sl]
2025.01.23 11:25:23;Sell;3.00;XAUUSD;2 745.53;2 746.53;2 744.53;2025.01.23 11:25:42;2 744.53;-9.00;;300.00;[tp]
2025.01.23 11:20:52;Sell;3.00;XAUUSD;2 749.45;2 750.45;2 748.45;2025.01.23 11:21:32;2 748.45;-9.00;;300.00;[tp]
2025.01.23 05:21:12;Sell;3.00;XAUUSD;2 750.43;2 751.43;2 749.43;2025.01.23 06:08:25;2 751.43;-9.00;;-300.00;[sl]
2025.01.20 05:00:07;Sell Stop;3.00;XAUUSD;2 689.31;2 690.31;2 688.31;2025.01.22 18:00:08;2 759.12;;;;cancelled
2025.01.22 11:21:51;Buy;3.00;XAUUSD;2 758.67;2 757.67;2 759.67;2025.01.22 11:22:40;2 759.67;-9.00;;300.00;[tp]
2025.01.22 05:30:04;Buy;3.00;XAUUSD;2 749.98;2 748.98;2 750.98;2025.01.22 05:30:06;2 748.98;-9.00;;-300.00;[sl]
2025.01.22 02:41:56;Buy;3.00;XAUUSD;2 745.97;2 744.97;2 746.97;2025.01.22 02:46:25;2 746.97;-9.00;;300.00;[tp]
2025.01.21 23:51:43;Buy;3.00;XAUUSD;2 745.97;2 744.97;2 746.97;2025.01.21 23:53:04;2 744.97;-9.00;;-300.00;[sl]
2025.01.21 16:40:23;Buy;3.00;XAUUSD;2 732.97;2 731.97;2 733.97;2025.01.21 16:43:56;2 733.97;-9.00;;300.00;[tp]
2025.01.21 13:08:57;Sell;3.00;XAUUSD;2 717.93;2 718.93;2 716.93;2025.01.21 13:15:41;2 718.93;-9.00;;-300.00;[sl]
2025.01.21 04:39:24;Buy;3.00;XAUUSD;2 724.80;2 723.80;2 725.80;2025.01.21 04:49:12;2 723.80;-9.00;;-300.00;[sl]
2025.01.21 03:55:38;Buy;3.00;XAUUSD;2 717.47;2 716.47;2 718.47;2025.01.21 03:56:09;2 718.47;-9.00;;300.00;[tp]
2025.01.21 03:55:37;Buy;3.00;XAUUSD;2 717.36;2 716.36;2 718.36;2025.01.21 03:56:08;2 718.36;-9.00;;300.00;[tp]
2025.01.21 03:41:06;Buy;3.00;XAUUSD;2 713.86;2 712.86;2 714.86;2025.01.21 03:42:15;2 714.86;-9.00;;300.00;[tp]
2025.01.20 03:02:37;Sell;3.00;XAUUSD;2 691.33;2 692.33;2 690.33;2025.01.20 03:05:13;2 690.33;-9.00;;300.00;[tp]
2025.01.14 18:00:04;Sell Stop;3.00;XAUUSD;2 659.90;2 660.90;2 658.90;2025.01.17 18:00:10;2 714.05;;;;cancelled
2025.01.15 19:00:07;Sell Stop;3.00;XAUUSD;2 676.79;2 677.79;2 675.79;2025.01.17 18:00:09;2 714.02;;;;cancelled
2025.01.15 06:00:03;Sell Stop;3.00;XAUUSD;2 669.32;2 670.32;2 668.32;2025.01.17 18:00:09;2 714.03;;;;cancelled
2025.01.16 21:00:06;Buy Stop;3.00;XAUUSD;2 724.80;2 723.80;2 725.80;2025.01.17 18:00:08;2 713.98;;;;cancelled
2025.01.16 10:00:05;Sell Stop;3.00;XAUUSD;2 689.95;2 690.95;2 688.95;2025.01.17 18:00:08;2 714.02;;;;cancelled
2025.01.17 07:00:06;Buy Stop;3.00;XAUUSD;2 717.47;2 716.47;2 718.47;2025.01.17 18:00:07;2 714.21;;;;cancelled
2025.01.17 16:32:27;Sell;3.00;XAUUSD;2 702.87;2 703.87;2 701.87;2025.01.17 16:32:39;2 703.87;-9.00;;-300.00;[sl]
2025.01.17 09:48:30;Sell;3.00;XAUUSD;2 709.92;2 710.92;2 708.92;2025.01.17 09:53:14;2 708.92;-9.00;;300.00;[tp]
2025.01.17 03:02:02;Sell;3.00;XAUUSD;2 712.41;2 713.41;2 711.41;2025.01.17 03:02:45;2 711.41;-9.00;;300.00;[tp]
2025.01.13 23:00:07;Sell Stop;3.00;XAUUSD;2 656.79;2 657.79;2 655.79;2025.01.17 03:00:13;2 714.55;;;;cancelled
2025.01.16 15:27:52;Buy;3.00;XAUUSD;2 711.27;2 710.27;2 712.27;2025.01.16 15:29:42;2 710.27;-9.00;;-300.00;[sl]
2025.01.16 10:18:57;Buy;3.00;XAUUSD;2 702.20;2 701.20;2 703.20;2025.01.16 10:25:20;2 703.20;-9.00;;300.00;[tp]
2025.01.16 02:18:11;Buy;3.00;XAUUSD;2 697.90;2 696.90;2 698.90;2025.01.16 02:24:48;2 696.90;-9.00;;-300.00;[sl]
2025.01.15 22:54:00;Buy;3.00;XAUUSD;2 696.08;2 695.08;2 697.08;2025.01.15 23:11:58;2 697.08;-9.00;;300.00;[tp]
2025.01.15 15:30:03;Buy;3.00;XAUUSD;2 691.31;2 690.31;2 692.31;2025.01.15 15:30:04;2 690.31;-9.00;;-300.00;[sl]
2025.01.15 15:30:02;Buy;3.00;XAUUSD;2 689.06;2 688.06;2 690.06;2025.01.15 15:30:03;2 690.06;-9.00;;300.00;[tp]
2025.01.15 08:00:02;Buy;3.00;XAUUSD;2 679.58;2 678.58;2 680.58;2025.01.15 08:11:04;2 680.58;-9.00;;300.00;[tp]
2025.01.14 21:36:18;Buy;3.00;XAUUSD;2 675.33;2 674.33;2 676.33;2025.01.14 21:52:28;2 674.33;-9.00;;-300.00;[sl]
2025.01.14 15:38:04;Sell;3.00;XAUUSD;2 664.43;2 665.43;2 663.43;2025.01.14 15:38:13;2 665.43;-9.00;;-300.00;[sl]
2025.01.14 11:39:22;Sell;3.00;XAUUSD;2 667.19;2 668.19;2 666.19;2025.01.14 11:40:26;2 666.19;-9.00;;300.00;[tp]
2025.01.14 10:30:07;Buy;3.00;XAUUSD;2 675.33;2 674.33;2 676.33;2025.01.14 10:30:07;2 674.33;-9.00;;-300.00;[sl]
2025.01.14 05:11:51;Buy;3.00;XAUUSD;2 672.22;2 671.22;2 673.22;2025.01.14 05:17:14;2 671.22;-9.00;;-300.00;[sl]
2025.01.13 17:57:53;Sell;3.00;XAUUSD;2 662.79;2 663.79;2 661.79;2025.01.13 17:58:15;2 661.79;-9.00;;300.00;[tp]
2025.01.13 17:55:30;Sell;3.00;XAUUSD;2 663.79;2 664.79;2 662.79;2025.01.13 17:57:53;2 662.79;-9.00;;300.00;[tp]
2025.01.13 15:42:14;Sell;3.00;XAUUSD;2 664.12;2 665.12;2 663.12;2025.01.13 15:42:19;2 665.12;-9.00;;-300.00;[sl]
2025.01.13 12:04:52;Sell;3.00;XAUUSD;2 679.34;2 680.34;2 678.34;2025.01.13 12:05:07;2 680.34;-9.00;;-300.00;[sl]
2025.01.10 17:00:08;Sell Stop;3.00;XAUUSD;2 664.12;2 665.12;2 663.12;2025.01.10 18:00:14;2 692.42;;;;cancelled
2025.01.10 17:03:28;Sell Stop;3.00;XAUUSD;2 664.12;2 665.12;2 663.12;2025.01.10 18:00:13;2 692.40;;;;cancelled
2025.01.10 17:06:49;Sell Stop;3.00;XAUUSD;2 664.12;2 665.12;2 663.12;2025.01.10 18:00:12;2 692.40;;;;cancelled
2025.01.10 17:10:10;Sell Stop;3.00;XAUUSD;2 664.12;2 665.12;2 663.12;2025.01.10 18:00:11;2 692.45;;;;cancelled
2025.01.10 17:13:31;Sell Stop;3.00;XAUUSD;2 664.12;2 665.12;2 663.12;2025.01.10 18:00:10;2 692.48;;;;cancelled
2025.01.09 21:00:24;Sell Stop;3.00;XAUUSD;2 662.79;2 663.79;2 661.79;2025.01.10 17:52:17;2 693.37;;;;cancelled
2025.01.09 08:00:18;Sell Stop;3.00;XAUUSD;2 655.53;2 656.53;2 654.53;2025.01.10 17:52:16;2 692.89;;;;cancelled
2025.01.08 16:00:09;Sell Stop;3.00;XAUUSD;2 645.88;2 646.88;2 644.88;2025.01.10 17:52:15;2 692.94;;;;cancelled
2025.01.08 09:00:15;Sell Stop;3.00;XAUUSD;2 645.29;2 646.29;2 644.29;2025.01.10 17:52:15;2 692.92;;;;cancelled
2025.01.07 03:00:10;Sell Stop;3.00;XAUUSD;2 632.59;2 633.59;2 631.59;2025.01.10 17:52:14;2 692.77;;;;cancelled
2025.01.10 15:58:03;Buy;3.00;XAUUSD;2 683.16;2 682.16;2 684.16;2025.01.10 15:59:05;2 682.16;-9.00;;-300.00;[sl]
2025.01.10 08:46:20;Buy;3.00;XAUUSD;2 678.23;2 677.23;2 679.23;2025.01.10 08:50:01;2 677.23;-9.00;;-300.00;[sl]
2025.01.10 07:39:17;Buy;3.00;XAUUSD;2 674.83;2 673.83;2 675.83;2025.01.10 07:44:32;2 675.83;-9.00;;300.00;[tp]
2025.01.06 18:00:08;Sell Stop;3.00;XAUUSD;2 614.57;2 615.57;2 613.57;2025.01.09 21:04:27;2 670.79;;;;cancelled
2025.01.09 13:27:23;Buy;3.00;XAUUSD;2 670.14;2 669.14;2 671.14;2025.01.09 13:27:24;2 671.14;-9.00;;300.00;[tp]
2025.01.09 12:37:26;Buy;3.00;XAUUSD;2 666.97;2 665.97;2 667.97;2025.01.09 12:38:06;2 667.97;-9.00;;300.00;[tp]
2025.01.09 06:33:33;Sell;3.00;XAUUSD;2 656.40;2 657.40;2 655.40;2025.01.09 06:51:29;2 657.40;-9.00;;-300.00;[sl]
2025.01.08 16:13:04;Buy;3.00;XAUUSD;2 664.27;2 663.27;2 665.27;2025.01.08 16:13:56;2 663.27;-9.00;;-300.00;[sl]
2025.01.08 15:01:26;Buy;3.00;XAUUSD;2 655.22;2 654.22;2 656.22;2025.01.08 15:01:53;2 656.22;-9.00;;300.00;[tp]
2025.01.08 15:01:26;Buy;3.00;XAUUSD;2 655.22;2 654.22;2 656.22;2025.01.08 15:01:53;2 656.22;-9.00;;300.00;[tp]
2025.01.08 15:01:26;Buy;3.00;XAUUSD;2 655.22;2 654.22;2 656.22;2025.01.08 15:01:53;2 656.22;-9.00;;300.00;[tp]
2025.01.08 15:01:26;Buy;3.00;XAUUSD;2 655.22;2 654.22;2 656.22;2025.01.08 15:01:53;2 656.22;-9.00;;300.00;[tp]
2025.01.08 15:01:26;Buy;3.00;XAUUSD;2 655.22;2 654.22;2 656.22;2025.01.08 15:01:53;2 656.22;-9.00;;300.00;[tp]
2025.01.07 18:00:07;Buy Stop;3.00;XAUUSD;2 664.27;2 663.27;2 665.27;2025.01.08 14:41:30;2 649.73;;;;cancelled
2025.01.06 01:05:06;Buy Stop;3.00;XAUUSD;2 665.36;2 664.36;2 666.36;2025.01.08 14:41:20;2 649.86;;;;cancelled
2025.01.08 11:32:16;Buy;3.00;XAUUSD;2 654.51;2 653.51;2 655.51;2025.01.08 11:36:49;2 653.51;-9.00;;-300.00;[sl]
2025.01.08 11:11:30;Buy;3.00;XAUUSD;2 654.51;2 653.51;2 655.51;2025.01.08 11:14:45;2 653.51;-9.00;;-300.00;[sl]
2025.01.08 11:11:30;Buy;3.00;XAUUSD;2 654.51;2 653.51;2 655.51;2025.01.08 11:14:45;2 653.51;-9.00;;-300.00;[sl]
2025.01.08 11:11:30;Buy;3.00;XAUUSD;2 654.51;2 653.51;2 655.51;2025.01.08 11:14:45;2 653.51;-9.00;;-300.00;[sl]
2025.01.08 11:11:30;Buy;3.00;XAUUSD;2 654.51;2 653.51;2 655.51;2025.01.08 11:14:45;2 653.51;-9.00;;-300.00;[sl]
2025.01.07 14:07:19;Buy;3.00;XAUUSD;2 649.47;2 648.47;2 650.47;2025.01.07 14:07:47;2 650.47;-9.00;;300.00;[tp]
2025.01.07 13:09:20;Buy;3.00;XAUUSD;2 646.76;2 645.76;2 647.76;2025.01.07 13:10:37;2 645.76;-9.00;;-300.00;[sl]
2025.01.07 07:21:03;Buy;3.00;XAUUSD;2 641.20;2 640.20;2 642.20;2025.01.07 07:22:29;2 642.20;-9.00;;300.00;[tp]
2025.01.06 15:44:26;Sell;3.00;XAUUSD;2 625.20;2 626.20;2 624.20;2025.01.06 15:45:35;2 624.20;-9.00;;300.00;[tp]
2025.01.06 13:33:40;Buy;3.00;XAUUSD;2 647.44;2 646.44;2 648.44;2025.01.06 13:36:43;2 646.44;-9.00;;-300.00;[sl]
2025.01.06 06:17:12;Sell;3.00;XAUUSD;2 636.72;2 637.72;2 635.72;2025.01.06 06:18:13;2 637.72;-9.00;;-300.00;[sl]
2024.12.30 20:00:05;Sell Stop;2.00;XAUUSD;2 596.19;2 597.19;2 595.19;2025.01.03 14:00:15;2 657.68;;;;cancelled
2024.12.31 10:00:06;Sell Stop;2.00;XAUUSD;2 602.66;2 603.66;2 601.66;2025.01.03 14:00:11;2 657.29;;;;cancelled
2024.12.31 17:00:06;Sell Stop;3.00;XAUUSD;2 605.49;2 606.49;2 604.49;2025.01.03 14:00:10;2 657.28;;;;cancelled
2025.01.02 04:00:11;Sell Stop;3.00;XAUUSD;2 621.73;2 622.73;2 620.73;2025.01.03 14:00:09;2 657.28;;;;cancelled
2025.01.03 13:23:58;Sell Stop;3.00;XAUUSD;2 649.91;2 650.91;2 648.91;2025.01.03 14:00:08;2 657.30;;;;cancelled
2025.01.03 07:00:05;Buy Stop;3.00;XAUUSD;2 665.36;2 664.36;2 666.36;2025.01.03 14:00:06;2 657.41;;;;cancelled
2025.01.03 02:04:40;Buy;3.00;XAUUSD;2 660.50;2 659.50;2 661.50;2025.01.03 02:20:53;2 659.50;-9.00;;-300.00;[sl]
2025.01.02 22:28:34;Buy;3.00;XAUUSD;2 660.50;2 659.50;2 661.50;2025.01.02 22:35:10;2 659.50;-9.00;;-300.00;[sl]
2025.01.02 14:45:50;Buy;3.00;XAUUSD;2 646.30;2 645.30;2 647.30;2025.01.02 14:48:01;2 645.30;-9.00;;-300.00;[sl]
2025.01.02 11:01:43;Buy;2.00;XAUUSD;2 638.23;2 637.23;2 639.23;2025.01.02 11:02:24;2 639.23;-6.00;;200.00;[tp]
2025.01.02 10:07:04;Buy;3.00;XAUUSD;2 636.62;2 635.62;2 637.62;2025.01.02 10:09:20;2 635.62;-9.00;;-300.00;[sl]
2025.01.02 03:05:03;Buy;2.00;XAUUSD;2 628.05;2 627.05;2 629.05;2025.01.02 03:06:28;2 629.05;-6.00;;200.00;[tp]
2025.01.02 02:44:05;Buy;3.00;XAUUSD;2 627.55;2 626.55;2 628.55;2025.01.02 02:56:05;2 626.55;-9.00;;-300.00;[sl]
2024.12.31 17:35:04;Buy;2.00;XAUUSD;2 622.61;2 621.61;2 623.61;2024.12.31 17:39:09;2 623.61;-6.00;;200.00;[tp]
2024.12.31 16:37:30;Buy;3.00;XAUUSD;2 617.83;2 616.83;2 618.83;2024.12.31 16:38:01;2 616.83;-9.00;;-300.00;[sl]
2024.12.31 09:44:44;Buy;2.00;XAUUSD;2 611.59;2 610.59;2 612.59;2024.12.31 09:45:27;2 612.59;-6.00;;200.00;[tp]
2024.12.31 03:26:05;Buy;2.00;XAUUSD;2 609.55;2 608.55;2 610.55;2024.12.31 03:30:00;2 610.55;-6.00;;200.00;[tp]
2024.12.30 15:58:04;Sell;2.00;XAUUSD;2 609.18;2 610.18;2 608.18;2024.12.30 15:58:04;2 608.18;-6.00;;200.00;[tp]
2024.12.30 13:00:08;Sell;2.00;XAUUSD;2 609.40;2 610.40;2 608.40;2024.12.30 13:05:51;2 610.40;-6.00;;-200.00;[sl]
2024.12.30 08:30:04;Buy Stop;4.60;XAUUSD;2 628.04;2 625.64;2 638.04;2024.12.30 11:06:10;2 613.02;;;;cancelled
2024.12.30 10:50:23;Sell;4.60;XAUUSD;2 612.77;2 611.65;2 602.77;2024.12.30 10:50:27;2 611.65;-13.80;;515.20;[sl]
2024.12.27 12:30:06;Buy Stop;4.60;XAUUSD;2 638.22;2 635.82;2 648.22;2024.12.27 15:00:09;2 625.98;;;;cancelled
2024.12.27 06:00:07;Buy Stop;4.61;XAUUSD;2 639.17;2 636.77;2 649.17;2024.12.27 12:30:05;2 628.10;;;;cancelled
2024.12.27 10:06:22;Sell;4.61;XAUUSD;2 628.96;2 628.96;2 618.96;2024.12.27 10:06:28;2 628.96;-13.83;;0.00;[sl]
2024.12.27 06:00:09;Sell Stop;4.61;XAUUSD;2 621.61;2 624.01;2 611.61;2024.12.27 07:30:06;2 634.14;;;;cancelled
2024.12.26 18:45:01;Sell Stop;4.61;XAUUSD;2 621.61;2 624.01;2 611.61;2024.12.26 22:00:06;2 635.06;;;;cancelled
2024.12.26 20:45:11;Buy Stop;4.61;XAUUSD;2 639.17;2 636.77;2 649.17;2024.12.26 22:00:05;2 635.11;;;;cancelled
2024.12.26 15:45:05;Sell;4.61;XAUUSD;2 623.64;2 623.64;2 613.64;2024.12.26 15:46:33;2 623.64;-13.83;;0.00;[sl]
2024.12.26 13:07:04;Buy;4.61;XAUUSD;2 629.62;2 629.62;2 639.62;2024.12.26 13:07:21;2 629.62;-13.83;;0.00;[sl]
2024.12.26 06:00:07;Sell Stop;4.61;XAUUSD;2 610.20;2 612.60;2 600.20;2024.12.26 12:30:10;2 627.46;;;;cancelled
2024.12.24 20:15:16;Sell Stop;4.61;XAUUSD;2 610.20;2 612.60;2 600.20;2024.12.26 01:05:00;2 615.90;;;;cancelled
2024.12.24 12:00:08;Buy Stop;4.61;XAUUSD;2 621.48;2 619.08;2 631.48;2024.12.26 01:05:00;2 616.06;;;;cancelled
2024.12.24 06:00:35;Sell Stop;4.61;XAUUSD;2 608.21;2 610.61;2 598.21;2024.12.24 20:00:03;2 617.18;;;;cancelled
2024.12.24 06:00:35;Buy Stop;4.61;XAUUSD;2 633.33;2 630.93;2 643.33;2024.12.24 12:00:07;2 613.57;;;;cancelled
2024.12.23 21:00:20;Sell Stop;4.61;XAUUSD;2 608.21;2 610.61;2 598.21;2024.12.23 22:00:19;2 611.81;;;;cancelled
2024.12.23 12:00:33;Buy Stop;4.59;XAUUSD;2 633.33;2 630.93;2 643.33;2024.12.23 22:00:19;2 611.81;;;;cancelled
2024.12.23 17:04:39;Sell;4.59;XAUUSD;2 613.14;2 612.89;2 603.14;2024.12.23 17:05:20;2 612.89;-13.77;;114.75;[sl]
2024.12.23 13:07:08;Sell;4.55;XAUUSD;2 617.42;2 617.42;2 607.42;2024.12.23 13:07:42;2 617.42;-13.65;;0.00;[sl]
2024.12.23 08:42:32;Buy;4.55;XAUUSD;2 631.90;2 632.36;2 641.90;2024.12.23 08:45:00;2 632.36;-13.65;;209.30;[sl]
2024.12.20 13:15:17;Buy Stop;4.55;XAUUSD;2 607.73;2 605.33;2 617.73;2024.12.20 15:00:01;2 604.00;;;;cancelled
2024.12.20 06:00:07;Sell Stop;4.54;XAUUSD;2 589.65;2 592.05;2 579.65;2024.12.20 15:00:01;2 604.01;;;;cancelled
2024.12.20 08:28:03;Buy;4.54;XAUUSD;2 603.99;2 604.19;2 613.99;2024.12.20 08:28:33;2 604.19;-13.62;;90.80;[sl]
2024.12.19 20:30:14;Sell Stop;4.54;XAUUSD;2 587.01;2 589.41;2 577.01;2024.12.19 22:00:04;2 597.08;;;;cancelled
2024.12.19 15:45:02;Buy Stop;4.54;XAUUSD;2 626.44;2 624.04;2 636.44;2024.12.19 22:00:04;2 597.29;;;;cancelled
2024.12.19 06:00:12;Sell Stop;4.52;XAUUSD;2 583.12;2 585.52;2 573.12;2024.12.19 20:30:13;2 592.61;;;;cancelled
2024.12.19 09:30:05;Buy Stop;4.54;XAUUSD;2 649.67;2 647.27;2 659.67;2024.12.19 15:45:01;2 601.63;;;;cancelled
2024.12.19 09:23:48;Buy;4.52;XAUUSD;2 618.14;2 618.33;2 628.14;2024.12.19 09:24:32;2 618.33;-13.56;;85.88;[sl]
2024.12.19 06:00:11;Buy Stop;4.52;XAUUSD;2 649.67;2 647.27;2 659.67;2024.12.19 06:45:10;2 608.02;;;;cancelled
2024.12.18 13:45:05;Buy Stop;4.52;XAUUSD;2 649.67;2 647.27;2 659.67;2024.12.18 22:00:08;2 604.64;;;;cancelled
2024.12.18 15:07:52;Sell;4.52;XAUUSD;2 642.13;2 642.13;2 632.13;2024.12.18 15:08:03;2 642.13;-13.56;;0.00;[sl]
2024.12.18 06:45:28;Buy Stop;4.53;XAUUSD;2 651.75;2 649.35;2 661.75;2024.12.18 13:45:04;2 646.76;;;;cancelled
2024.12.18 10:15:03;Sell Stop;4.52;XAUUSD;2 633.11;2 635.51;2 623.11;2024.12.18 13:00:21;2 648.63;;;;cancelled
2024.12.18 10:01:21;Sell;4.53;XAUUSD;2 642.75;2 642.75;2 632.75;2024.12.18 10:01:32;2 642.75;-13.59;;0.00;[sl]
2024.12.18 06:00:09;Sell Stop;4.53;XAUUSD;2 633.11;2 635.51;2 623.11;2024.12.18 09:30:16;2 645.61;;;;cancelled
2024.12.18 06:00:08;Buy Stop;4.53;XAUUSD;2 657.10;2 654.70;2 667.10;2024.12.18 06:45:27;2 645.79;;;;cancelled
2024.12.17 19:00:09;Sell Stop;4.53;XAUUSD;2 633.11;2 635.51;2 623.11;2024.12.17 22:00:00;2 645.44;;;;cancelled
2024.12.17 12:30:08;Buy Stop;4.53;XAUUSD;2 657.10;2 654.70;2 667.10;2024.12.17 22:00:00;2 645.52;;;;cancelled
2024.12.17 06:45:08;Buy Stop;4.50;XAUUSD;2 658.68;2 656.28;2 668.68;2024.12.17 12:30:06;2 642.35;;;;cancelled
2024.12.17 08:23:39;Sell;4.50;XAUUSD;2 648.64;2 648.31;2 638.64;2024.12.17 08:23:46;2 648.31;-13.50;;148.50;[sl]
2024.12.17 06:00:11;Buy Stop;4.50;XAUUSD;2 664.46;2 662.06;2 674.46;2024.12.17 06:45:07;2 652.46;;;;cancelled
2024.12.16 17:00:08;Buy Stop;4.50;XAUUSD;2 664.46;2 662.06;2 674.46;2024.12.16 22:00:12;2 653.00;;;;cancelled
2024.12.16 21:30:03;Sell Stop;4.50;XAUUSD;2 648.64;2 651.04;2 638.64;2024.12.16 22:00:11;2 652.92;;;;cancelled
2024.12.16 06:00:08;Sell Stop;4.50;XAUUSD;2 643.61;2 646.01;2 633.61;2024.12.16 21:30:02;2 653.45;;;;cancelled
2024.12.16 10:00:08;Buy Stop;4.50;XAUUSD;2 692.80;2 690.40;2 702.80;2024.12.16 17:00:07;2 654.20;;;;cancelled
2024.12.16 09:44:52;Buy;4.50;XAUUSD;2 655.66;2 655.67;2 665.66;2024.12.16 09:47:01;2 655.67;-13.50;;4.50;[sl]
2024.12.16 06:00:07;Buy Stop;4.50;XAUUSD;2 692.80;2 690.40;2 702.80;2024.12.16 06:15:01;2 653.68;;;;cancelled
2024.12.13 06:15:09;Buy Stop;4.50;XAUUSD;2 692.80;2 690.40;2 702.80;2024.12.13 15:00:10;2 672.91;;;;cancelled
2024.12.13 10:57:40;Sell;4.50;XAUUSD;2 675.16;2 675.16;2 665.16;2024.12.13 10:59:35;2 675.16;-13.50;;0.00;[sl]
2024.12.13 06:00:13;Buy Stop;4.50;XAUUSD;2 720.48;2 718.08;2 730.48;2024.12.13 06:15:07;2 687.64;;;;cancelled
2024.12.12 20:45:22;Sell Stop;4.50;XAUUSD;2 675.16;2 677.56;2 665.16;2024.12.12 22:00:21;2 683.34;;;;cancelled
2024.12.12 12:15:24;Buy Stop;4.49;XAUUSD;2 720.48;2 718.08;2 730.48;2024.12.12 22:00:21;2 683.42;;;;cancelled
2024.12.12 15:56:35;Sell;4.49;XAUUSD;2 700.26;2 700.07;2 690.26;2024.12.12 15:56:43;2 700.07;-13.47;;85.31;[sl]
2024.12.12 06:00:05;Buy Stop;4.49;XAUUSD;2 726.20;2 723.80;2 736.20;2024.12.12 12:15:23;2 713.46;;;;cancelled
2024.12.12 06:00:08;Sell Stop;4.49;XAUUSD;2 675.58;2 677.98;2 665.58;2024.12.12 06:30:24;2 714.38;;;;cancelled
2024.12.11 10:30:16;Sell Stop;4.29;XAUUSD;2 675.58;2 677.98;2 665.58;2024.12.11 22:00:07;2 718.32;;;;cancelled
2024.12.11 16:52:55;Buy;4.32;XAUUSD;2 704.40;2 706.36;2 714.40;2024.12.11 16:55:30;2 706.36;-12.96;;846.72;[sl]
2024.12.11 15:34:09;Buy;4.29;XAUUSD;2 700.04;2 700.34;2 710.04;2024.12.11 15:34:19;2 700.34;-12.87;;128.70;[sl]
2024.12.11 07:30:06;Buy Stop;4.29;XAUUSD;2 704.40;2 702.00;2 714.40;2024.12.11 15:15:10;2 697.00;;;;cancelled
2024.12.11 06:00:04;Sell Stop;4.29;XAUUSD;2 661.25;2 663.65;2 651.25;2024.12.11 10:30:15;2 695.00;;;;cancelled
2024.12.10 13:15:08;Sell Stop;4.29;XAUUSD;2 661.25;2 663.65;2 651.25;2024.12.10 22:00:08;2 691.92;;;;cancelled
2024.12.10 06:00:24;Sell Stop;4.28;XAUUSD;2 656.77;2 659.17;2 646.77;2024.12.10 13:15:08;2 672.86;;;;cancelled
2024.12.10 12:39:47;Buy;4.28;XAUUSD;2 673.80;2 673.90;2 683.80;2024.12.10 12:39:51;2 673.90;-12.84;;42.80;[sl]
2024.12.10 06:00:23;Buy Stop;4.28;XAUUSD;2 676.42;2 674.02;2 686.42;2024.12.10 09:00:18;2 670.19;;;;cancelled
2024.12.09 06:00:22;Sell Stop;4.29;XAUUSD;2 627.53;2 629.93;2 617.53;2024.12.09 22:00:21;2 659.72;;;;cancelled
2024.12.09 20:15:08;Buy Stop;4.28;XAUUSD;2 676.42;2 674.02;2 686.42;2024.12.09 22:00:20;2 659.77;;;;cancelled
2024.12.09 09:34:03;Buy;4.29;XAUUSD;2 650.56;2 650.56;2 660.56;2024.12.09 09:34:37;2 650.56;-12.87;;0.00;[sl]
2024.12.06 06:00:24;Sell Stop;4.27;XAUUSD;2 613.22;2 615.62;2 603.22;2024.12.06 15:00:17;2 639.02;;;;cancelled
2024.12.06 14:00:18;Buy Stop;4.29;XAUUSD;2 645.67;2 643.27;2 655.67;2024.12.06 15:00:16;2 638.96;;;;cancelled
2024.12.06 10:58:44;Buy;4.27;XAUUSD;2 644.59;2 644.87;2 654.59;2024.12.06 10:59:30;2 644.87;-12.81;;119.56;[sl]
2024.12.05 18:00:19;Buy Stop;4.27;XAUUSD;2 654.55;2 652.15;2 664.55;2024.12.05 22:00:24;2 630.24;;;;cancelled
2024.12.05 10:45:17;Buy Stop;4.14;XAUUSD;2 655.56;2 653.16;2 665.56;2024.12.05 18:00:18;2 640.92;;;;cancelled
2024.12.05 16:58:08;Sell;4.14;XAUUSD;2 641.95;2 640.50;2 631.95;2024.12.05 16:58:36;2 640.50;-12.42;;600.30;[sl]
2024.12.05 06:00:24;Buy Stop;4.11;XAUUSD;2 657.22;2 654.82;2 667.22;2024.12.05 10:45:16;2 646.47;;;;cancelled
2024.12.05 10:17:34;Sell;4.11;XAUUSD;2 644.72;2 644.28;2 634.72;2024.12.05 10:25:57;2 644.28;-12.33;;180.84;[sl]
2024.12.05 06:00:26;Sell Stop;4.11;XAUUSD;2 632.43;2 634.83;2 622.43;2024.12.05 08:00:01;2 652.98;;;;cancelled
2024.12.04 18:00:02;Sell Stop;4.11;XAUUSD;2 632.43;2 634.83;2 622.43;2024.12.04 22:00:23;2 651.64;;;;cancelled
2024.12.04 20:30:26;Buy Stop;4.11;XAUUSD;2 657.22;2 654.82;2 667.22;2024.12.04 22:00:20;2 651.69;;;;cancelled
2024.12.04 16:25:46;Buy;4.00;XAUUSD;2 651.42;2 651.96;2 661.42;2024.12.04 16:28:00;2 651.96;-12.00;;216.00;[sl]
2024.12.04 15:03:27;Sell;4.01;XAUUSD;2 635.17;2 634.42;2 625.17;2024.12.04 15:04:05;2 634.42;-12.03;;300.75;[sl]
2024.12.04 14:51:19;Sell;4.00;XAUUSD;2 636.71;2 636.61;2 626.71;2024.12.04 14:51:44;2 636.61;-12.00;;40.00;[sl]
2024.12.04 06:00:04;Sell Stop;4.00;XAUUSD;2 635.17;2 637.57;2 625.17;2024.12.04 13:30:21;2 646.68;;;;cancelled
2024.12.04 06:00:02;Buy Stop;4.00;XAUUSD;2 655.68;2 653.28;2 665.68;2024.12.04 11:45:18;2 640.84;;;;cancelled
2024.12.03 20:15:12;Sell Stop;4.00;XAUUSD;2 635.17;2 637.57;2 625.17;2024.12.03 22:00:08;2 640.80;;;;cancelled
2024.12.03 19:30:07;Buy Stop;4.00;XAUUSD;2 655.68;2 653.28;2 665.68;2024.12.03 22:00:08;2 640.87;;;;cancelled
2024.12.03 06:45:03;Sell Stop;3.98;XAUUSD;2 634.14;2 636.54;2 624.14;2024.12.03 20:15:12;2 645.00;;;;cancelled
2024.12.03 15:49:08;Buy;4.00;XAUUSD;2 650.08;2 650.08;2 660.08;2024.12.03 15:49:41;2 650.08;-12.00;;0.00;[sl]
2024.12.03 08:10:21;Buy;3.98;XAUUSD;2 645.27;2 645.53;2 655.27;2024.12.03 08:11:45;2 645.53;-11.94;;103.48;[sl]
2024.12.03 06:00:10;Sell Stop;3.98;XAUUSD;2 633.58;2 635.98;2 623.58;2024.12.03 06:45:02;2 639.66;;;;cancelled
2024.12.03 06:00:07;Buy Stop;3.98;XAUUSD;2 651.84;2 649.44;2 661.84;2024.12.03 06:15:05;2 640.74;;;;cancelled
2024.12.02 10:15:15;Sell Stop;3.98;XAUUSD;2 621.94;2 624.34;2 611.94;2024.12.02 22:00:13;2 637.30;;;;cancelled
2024.12.02 19:00:17;Buy Stop;3.98;XAUUSD;2 651.84;2 649.44;2 661.84;2024.12.02 22:00:12;2 637.35;;;;cancelled
2024.12.02 06:00:07;Buy Stop;3.96;XAUUSD;2 666.30;2 663.90;2 676.30;2024.12.02 19:00:16;2 641.28;;;;cancelled
2024.12.02 07:22:45;Sell;3.96;XAUUSD;2 622.98;2 622.66;2 612.98;2024.12.02 07:23:40;2 622.66;-11.88;;126.72;[sl]
2024.11.29 11:00:02;Buy Stop;3.96;XAUUSD;2 666.30;2 663.90;2 676.30;2024.11.29 15:00:03;2 659.64;;;;cancelled
2024.11.29 13:45:10;Sell Stop;3.96;XAUUSD;2 654.59;2 656.99;2 644.59;2024.11.29 15:00:01;2 659.67;;;;cancelled
2024.11.29 06:00:22;Sell Stop;3.96;XAUUSD;2 634.08;2 636.48;2 624.08;2024.11.29 13:45:09;2 662.21;;;;cancelled
2024.11.28 20:30:11;Sell Stop;3.96;XAUUSD;2 636.25;2 638.65;2 626.25;2024.11.29 01:05:00;2 638.95;;;;cancelled
2024.11.28 15:30:07;Buy Stop;3.96;XAUUSD;2 649.70;2 647.30;2 659.70;2024.11.29 01:05:00;2 639.04;;;;cancelled
2024.11.28 06:30:12;Sell Stop;3.96;XAUUSD;2 621.01;2 623.41;2 611.01;2024.11.28 20:30:10;2 641.12;;;;cancelled
2024.11.28 06:00:24;Buy Stop;3.96;XAUUSD;2 658.24;2 655.84;2 668.24;2024.11.28 15:30:06;2 645.08;;;;cancelled
2024.11.28 06:00:25;Sell Stop;3.96;XAUUSD;2 616.78;2 619.18;2 606.78;2024.11.28 06:30:12;2 633.59;;;;cancelled
2024.11.27 18:45:01;Buy Stop;3.96;XAUUSD;2 658.24;2 655.84;2 668.24;2024.11.27 22:00:04;2 634.82;;;;cancelled
2024.11.27 06:00:07;Sell Stop;3.96;XAUUSD;2 616.78;2 619.18;2 606.78;2024.11.27 22:00:04;2 634.74;;;;cancelled
2024.11.27 14:12:23;Buy;3.96;XAUUSD;2 653.90;2 653.95;2 663.90;2024.11.27 14:13:38;2 653.95;-11.88;;19.80;[sl]
2024.11.27 07:31:01;Buy;3.96;XAUUSD;2 641.95;2 641.98;2 651.95;2024.11.27 07:31:10;2 641.98;-11.88;;11.88;[sl]
2024.11.26 18:00:11;Buy Stop;3.96;XAUUSD;2 641.95;2 639.55;2 651.95;2024.11.26 22:00:17;2 628.11;;;;cancelled
2024.11.26 19:30:20;Sell Stop;3.96;XAUUSD;2 616.78;2 619.18;2 606.78;2024.11.26 22:00:16;2 628.06;;;;cancelled
2024.11.26 12:45:30;Sell Stop;3.96;XAUUSD;2 610.87;2 613.27;2 600.87;2024.11.26 19:30:19;2 627.64;;;;cancelled
2024.11.26 06:00:09;Sell Stop;3.92;XAUUSD;2 605.28;2 607.68;2 595.28;2024.11.26 12:45:30;2 630.16;;;;cancelled
2024.11.26 12:35:18;Buy;3.92;XAUUSD;2 632.21;2 632.64;2 642.21;2024.11.26 12:36:51;2 632.64;-11.76;;168.56;[sl]
2024.11.26 06:00:07;Buy Stop;3.92;XAUUSD;2 688.79;2 686.39;2 698.79;2024.11.26 06:30:05;2 628.26;;;;cancelled
2024.11.25 16:45:02;Buy Stop;3.92;XAUUSD;2 688.79;2 686.39;2 698.79;2024.11.25 22:00:19;2 625.76;;;;cancelled
2024.11.25 06:00:23;Buy Stop;3.67;XAUUSD;2 721.38;2 718.98;2 731.38;2024.11.25 16:45:01;2 634.22;;;;cancelled
2024.11.25 16:15:19;Sell;3.67;XAUUSD;2 658.24;2 654.93;2 648.24;2024.11.25 16:15:51;2 654.93;-11.01;;1 214.77;[sl]
2024.11.22 06:00:23;Sell Stop;3.67;XAUUSD;2 660.48;2 662.88;2 650.48;2024.11.22 15:00:08;2 702.39;;;;cancelled
2024.11.21 21:30:19;Buy Stop;3.67;XAUUSD;2 673.55;2 671.15;2 683.55;2024.11.21 22:00:21;2 670.11;;;;cancelled
2024.11.21 18:00:10;Sell Stop;3.87;XAUUSD;2 660.48;2 662.88;2 650.48;2024.11.21 22:00:21;2 670.06;;;;cancelled
2024.11.21 21:09:41;Buy;3.87;XAUUSD;2 673.55;2 671.15;2 683.55;2024.11.21 21:21:30;2 671.15;-11.61;;-928.80;[sl]
2024.11.21 06:00:16;Sell Stop;3.81;XAUUSD;2 618.89;2 621.29;2 608.89;2024.11.21 18:00:09;2 667.88;;;;cancelled
2024.11.21 08:18:04;Buy;3.81;XAUUSD;2 660.50;2 661.23;2 670.50;2024.11.21 08:20:19;2 661.23;-11.43;;278.13;[sl]
2024.11.20 13:00:21;Sell Stop;4.02;XAUUSD;2 618.89;2 621.29;2 608.89;2024.11.20 22:00:17;2 650.67;;;;cancelled
2024.11.20 16:21:32;Buy;4.00;XAUUSD;2 641.83;2 639.43;2 651.83;2024.11.20 16:21:58;2 639.43;-12.00;;-960.00;[sl]
2024.11.20 10:00:05;Sell;4.00;XAUUSD;2 620.95;2 620.70;2 610.95;2024.11.20 10:01:31;2 620.70;-12.00;;100.00;[sl]
2024.11.19 18:00:17;Buy Stop;4.00;XAUUSD;2 639.46;2 637.06;2 649.46;2024.11.19 22:00:07;2 630.91;;;;cancelled
2024.11.19 20:30:19;Sell Stop;4.00;XAUUSD;2 620.95;2 623.35;2 610.95;2024.11.19 22:00:06;2 630.74;;;;cancelled
2024.11.19 12:15:14;Sell Stop;4.00;XAUUSD;2 617.75;2 620.15;2 607.75;2024.11.19 20:30:19;2 627.13;;;;cancelled
2024.11.19 06:00:23;Sell Stop;3.97;XAUUSD;2 559.52;2 561.92;2 549.52;2024.11.19 12:15:14;2 634.13;;;;cancelled
2024.11.19 08:51:42;Buy;3.97;XAUUSD;2 625.56;2 625.94;2 635.56;2024.11.19 08:54:02;2 625.94;-11.91;;150.86;[sl]
2024.11.18 06:00:30;Sell Stop;4.15;XAUUSD;2 559.52;2 561.92;2 549.52;2024.11.18 22:00:05;2 609.86;;;;cancelled
2024.11.18 21:00:13;Buy Stop;3.97;XAUUSD;2 615.09;2 612.69;2 625.09;2024.11.18 22:00:04;2 609.93;;;;cancelled
2024.11.18 15:04:30;Buy;3.94;XAUUSD;2 597.33;2 597.72;2 607.33;2024.11.18 15:05:10;2 597.72;-11.82;;153.66;[sl]
2024.11.18 11:51:40;Buy;4.15;XAUUSD;2 597.33;2 594.93;2 607.33;2024.11.18 11:52:33;2 594.93;-12.45;;-996.00;[sl]
2024.11.15 06:00:27;Buy Stop;4.12;XAUUSD;2 577.51;2 575.11;2 587.51;2024.11.15 15:00:06;2 569.73;;;;cancelled
2024.11.15 11:15:07;Sell Stop;4.15;XAUUSD;2 554.47;2 556.87;2 544.47;2024.11.15 15:00:05;2 569.49;;;;cancelled
2024.11.15 08:00:14;Sell Stop;4.15;XAUUSD;2 536.81;2 539.21;2 526.81;2024.11.15 11:15:06;2 567.89;;;;cancelled
2024.11.15 07:50:19;Sell;4.12;XAUUSD;2 563.11;2 562.71;2 553.11;2024.11.15 07:51:09;2 562.71;-12.36;;164.80;[sl]
2024.11.15 06:00:28;Sell Stop;4.12;XAUUSD;2 536.81;2 539.21;2 526.81;2024.11.15 06:45:08;2 569.07;;;;cancelled
2024.11.14 21:30:17;Buy Stop;4.12;XAUUSD;2 577.51;2 575.11;2 587.51;2024.11.14 22:00:06;2 573.54;;;;cancelled
2024.11.14 14:45:18;Sell Stop;4.12;XAUUSD;2 536.81;2 539.21;2 526.81;2024.11.14 22:00:06;2 573.73;;;;cancelled
2024.11.14 06:00:23;Buy Stop;4.12;XAUUSD;2 618.87;2 616.47;2 628.87;2024.11.14 21:30:17;2 574.67;;;;cancelled
2024.11.13 18:30:16;Buy Stop;4.12;XAUUSD;2 618.87;2 616.47;2 628.87;2024.11.13 22:00:08;2 580.95;;;;cancelled
2024.11.13 17:00:35;Sell;4.09;XAUUSD;2 601.07;2 600.73;2 591.07;2024.11.13 17:00:44;2 600.73;-12.27;;139.06;[sl]
2024.11.13 16:53:25;Sell;4.19;XAUUSD;2 601.07;2 603.47;2 591.07;2024.11.13 16:54:57;2 603.47;-12.57;;-1 005.60;[sl]
2024.11.13 15:30:01;Buy;4.19;XAUUSD;2 613.27;2 614.64;2 623.27;2024.11.13 15:30:09;2 614.64;-12.57;;574.03;[sl]
2024.11.13 06:00:05;Sell Stop;4.19;XAUUSD;2 592.52;2 594.92;2 582.52;2024.11.13 13:15:11;2 609.75;;;;cancelled
2024.11.13 06:00:03;Buy Stop;4.19;XAUUSD;2 617.06;2 614.66;2 627.06;2024.11.13 08:00:08;2 605.67;;;;cancelled
2024.11.12 15:15:11;Sell Stop;4.19;XAUUSD;2 589.70;2 592.10;2 579.70;2024.11.12 22:00:05;2 598.14;;;;cancelled
2024.11.12 19:30:03;Buy Stop;4.19;XAUUSD;2 617.06;2 614.66;2 627.06;2024.11.12 22:00:04;2 598.12;;;;cancelled
2024.11.12 06:45:09;Buy Stop;4.12;XAUUSD;2 627.15;2 624.75;2 637.15;2024.11.12 19:30:01;2 594.31;;;;cancelled
2024.11.12 07:30:21;Sell;4.12;XAUUSD;2 610.69;2 609.88;2 600.69;2024.11.12 07:30:34;2 609.88;-12.36;;333.72;[sl]
2024.11.12 06:00:10;Buy Stop;4.12;XAUUSD;2 675.31;2 672.91;2 685.31;2024.11.12 06:45:08;2 616.27;;;;cancelled
2024.11.11 15:15:23;Buy Stop;4.12;XAUUSD;2 675.31;2 672.91;2 685.31;2024.11.11 22:00:15;2 619.60;;;;cancelled
2024.11.11 06:00:28;Buy Stop;4.02;XAUUSD;2 704.10;2 701.70;2 714.10;2024.11.11 15:15:23;2 656.71;;;;cancelled
2024.11.11 11:20:59;Sell;4.02;XAUUSD;2 666.54;2 665.26;2 656.54;2024.11.11 11:21:31;2 665.26;-12.06;;514.56;[sl]
2024.11.08 12:15:15;Sell Stop;4.02;XAUUSD;2 680.33;2 682.73;2 670.33;2024.11.08 15:00:09;2 691.68;;;;cancelled
2024.11.08 06:00:08;Buy Stop;3.99;XAUUSD;2 710.38;2 707.98;2 720.38;2024.11.08 15:00:09;2 691.58;;;;cancelled
2024.11.08 08:29:00;Sell;3.99;XAUUSD;2 687.52;2 687.24;2 677.52;2024.11.08 08:29:51;2 687.24;-11.97;;111.72;[sl]
2024.11.07 06:15:04;Sell Stop;4.00;XAUUSD;2 643.27;2 645.67;2 633.27;2024.11.07 22:00:09;2 693.98;;;;cancelled
2024.11.07 12:30:21;Buy Stop;3.99;XAUUSD;2 749.70;2 747.30;2 759.70;2024.11.07 22:00:08;2 694.07;;;;cancelled
2024.11.07 12:24:07;Buy;4.00;XAUUSD;2 667.64;2 667.64;2 677.64;2024.11.07 12:24:27;2 667.64;-12.00;;0.00;[sl]
2024.11.07 06:00:01;Buy Stop;4.00;XAUUSD;2 749.70;2 747.30;2 759.70;2024.11.07 12:15:30;2 665.27;;;;cancelled
2024.11.06 06:45:16;Buy Stop;3.70;XAUUSD;2 749.70;2 747.30;2 759.70;2024.11.06 22:00:12;2 667.44;;;;cancelled
2024.11.06 19:30:13;Sell Stop;4.00;XAUUSD;2 652.42;2 654.82;2 642.42;2024.11.06 22:00:11;2 667.39;;;;cancelled
2024.11.06 13:55:19;Sell;3.81;XAUUSD;2 701.39;2 699.06;2 691.39;2024.11.06 13:56:07;2 699.06;-11.43;;887.73;[sl]
2024.11.06 08:24:08;Sell;3.70;XAUUSD;2 730.61;2 729.04;2 720.61;2024.11.06 08:24:39;2 729.04;-11.10;;580.90;[sl]
2024.11.05 19:30:15;Buy Stop;3.70;XAUUSD;2 750.01;2 747.61;2 760.01;2024.11.05 22:00:12;2 740.02;;;;cancelled
2024.11.05 20:30:17;Sell Stop;3.70;XAUUSD;2 733.06;2 735.46;2 723.06;2024.11.05 22:00:11;2 739.92;;;;cancelled
2024.11.05 07:45:25;Sell Stop;3.67;XAUUSD;2 724.74;2 727.14;2 714.74;2024.11.05 20:30:16;2 741.00;;;;cancelled
2024.11.05 16:30:07;Buy;3.70;XAUUSD;2 748.23;2 748.23;2 758.23;2024.11.05 16:32:23;2 748.23;-11.10;;0.00;[sl]
2024.11.05 15:49:22;Buy;3.67;XAUUSD;2 745.08;2 745.47;2 755.08;2024.11.05 15:50:02;2 745.47;-11.01;;143.13;[sl]
2024.11.05 06:00:21;Buy Stop;3.67;XAUUSD;2 748.23;2 745.83;2 758.23;2024.11.05 14:15:26;2 742.40;;;;cancelled
2024.11.04 19:00:15;Buy Stop;3.86;XAUUSD;2 748.23;2 745.83;2 758.23;2024.11.04 22:00:18;2 737.98;;;;cancelled
2024.11.04 19:11:04;Sell;3.82;XAUUSD;2 731.92;2 734.32;2 721.92;2024.11.04 19:13:47;2 734.32;-11.46;;-916.80;[sl]
2024.11.04 15:48:02;Buy;3.82;XAUUSD;2 745.27;2 745.84;2 755.27;2024.11.04 15:48:30;2 745.84;-11.46;;217.74;[sl]
2024.11.04 06:00:14;Sell Stop;3.81;XAUUSD;2 730.50;2 732.90;2 720.50;2024.11.04 13:45:07;2 739.30;;;;cancelled
2024.11.04 12:11:22;Buy;3.81;XAUUSD;2 744.83;2 745.03;2 754.83;2024.11.04 12:13:03;2 745.03;-11.43;;76.20;[sl]
2024.11.04 06:00:14;Buy Stop;3.81;XAUUSD;2 762.22;2 759.82;2 772.22;2024.11.04 12:00:08;2 743.54;;;;cancelled
2024.11.01 06:00:12;Sell Stop;3.81;XAUUSD;2 731.56;2 733.96;2 721.56;2024.11.01 15:00:11;2 752.97;;;;cancelled
2024.11.01 12:00:06;Buy Stop;3.81;XAUUSD;2 757.73;2 755.33;2 767.73;2024.11.01 15:00:10;2 752.96;;;;cancelled
2024.11.01 06:00:11;Buy Stop;3.81;XAUUSD;2 790.12;2 787.72;2 800.12;2024.11.01 12:00:06;2 753.70;;;;cancelled
2024.10.31 07:00:07;Buy Stop;3.78;XAUUSD;2 790.12;2 787.72;2 800.12;2024.10.31 22:00:02;2 747.47;;;;cancelled
2024.10.31 21:00:07;Sell Stop;3.81;XAUUSD;2 731.56;2 733.96;2 721.56;2024.10.31 22:00:01;2 747.29;;;;cancelled
2024.10.31 16:00:54;Sell;3.78;XAUUSD;2 770.92;2 770.60;2 760.92;2024.10.31 16:01:12;2 770.60;-11.34;;120.96;[sl]
2024.10.30 19:30:00;Sell Stop;3.99;XAUUSD;2 770.92;2 773.32;2 760.92;2024.10.30 22:00:06;2 787.53;;;;cancelled
2024.10.30 20:21:40;Buy;3.79;XAUUSD;2 787.53;2 787.53;2 797.53;2024.10.30 20:22:55;2 787.53;-11.37;;0.00;[sl]
2024.10.30 19:52:53;Buy;3.99;XAUUSD;2 787.53;2 785.13;2 797.53;2024.10.30 20:02:01;2 785.13;-11.97;;-957.60;[sl]
2024.10.30 06:00:08;Sell Stop;3.99;XAUUSD;2 746.35;2 748.75;2 736.35;2024.10.30 19:30:00;2 785.45;;;;cancelled
2024.10.30 12:45:12;Buy Stop;3.99;XAUUSD;2 789.79;2 787.39;2 799.79;2024.10.30 19:15:11;2 785.30;;;;cancelled
2024.10.30 08:32:38;Buy;3.99;XAUUSD;2 782.17;2 782.17;2 792.17;2024.10.30 08:32:59;2 782.17;-11.97;;0.00;[sl]
2024.10.29 17:15:05;Sell Stop;3.99;XAUUSD;2 746.35;2 748.75;2 736.35;2024.10.29 22:00:07;2 772.86;;;;cancelled
2024.10.29 14:45:07;Sell Stop;3.91;XAUUSD;2 739.87;2 742.27;2 729.87;2024.10.29 17:15:05;2 766.31;;;;cancelled
2024.10.29 16:36:54;Buy;4.12;XAUUSD;2 757.74;2 758.69;2 767.74;2024.10.29 16:37:30;2 758.69;-12.36;;391.40;[sl]
2024.10.29 14:26:21;Sell;4.12;XAUUSD;2 746.36;2 748.76;2 736.36;2024.10.29 14:30:31;2 748.76;-12.36;;-988.80;[sl]
2024.10.29 06:00:09;Sell Stop;4.12;XAUUSD;2 739.87;2 742.27;2 729.87;2024.10.29 14:15:10;2 751.14;;;;cancelled
2024.10.28 16:15:03;Sell Stop;4.12;XAUUSD;2 727.90;2 730.30;2 717.90;2024.10.28 22:00:12;2 741.87;;;;cancelled
2024.10.28 20:45:00;Buy Stop;4.12;XAUUSD;2 745.97;2 743.57;2 755.97;2024.10.28 22:00:11;2 742.02;;;;cancelled
2024.10.28 17:45:32;Buy;4.12;XAUUSD;2 744.56;2 744.61;2 754.56;2024.10.28 17:45:40;2 744.61;-12.36;;20.60;[sl]
2024.10.28 07:15:10;Sell Stop;4.12;XAUUSD;2 724.74;2 727.14;2 714.74;2024.10.28 16:15:03;2 737.47;;;;cancelled
2024.10.28 06:00:07;Buy Stop;4.12;XAUUSD;2 747.75;2 745.35;2 757.75;2024.10.28 12:45:02;2 731.83;;;;cancelled
2024.10.28 06:00:09;Sell Stop;4.12;XAUUSD;2 717.07;2 719.47;2 707.07;2024.10.28 07:15:10;2 730.23;;;;cancelled
2024.10.25 13:30:09;Buy Stop;4.12;XAUUSD;2 732.60;2 730.20;2 742.60;2024.10.25 15:00:11;2 723.89;;;;cancelled
2024.10.25 07:45:06;Buy Stop;3.80;XAUUSD;2 743.32;;;2024.10.25 13:30:08;2 718.00;;;;cancelled
2024.10.25 08:45:09;Buy Stop;3.80;XAUUSD;2 743.32;;;2024.10.25 13:15:05;2 719.42;;;;cancelled
2024.10.25 06:45:07;Buy Stop;3.80;XAUUSD;2 743.32;;;2024.10.25 13:15:04;2 719.42;;;;cancelled
2024.10.25 09:15:09;Buy Stop;3.80;XAUUSD;2 743.32;;;2024.10.25 13:00:13;2 721.69;;;;cancelled
2024.10.25 08:15:08;Buy Stop;3.80;XAUUSD;2 743.32;;;2024.10.25 13:00:12;2 721.71;;;;cancelled
2024.10.25 07:15:06;Buy Stop;3.80;XAUUSD;2 743.32;;;2024.10.25 13:00:12;2 721.68;;;;cancelled
2024.10.25 06:15:05;Buy Stop;3.80;XAUUSD;2 743.32;;;2024.10.25 13:00:11;2 721.61;;;;cancelled
2024.10.25 09:30:05;Buy Stop;3.80;XAUUSD;2 743.32;;;2024.10.25 12:45:16;2 720.08;;;;cancelled
2024.10.25 09:00:09;Buy Stop;3.80;XAUUSD;2 743.32;;;2024.10.25 12:45:15;2 720.07;;;;cancelled
2024.10.25 08:30:10;Buy Stop;3.80;XAUUSD;2 743.32;;;2024.10.25 12:45:14;2 720.05;;;;cancelled
2024.10.25 08:00:02;Buy Stop;3.80;XAUUSD;2 743.32;;;2024.10.25 12:45:14;2 720.06;;;;cancelled
2024.10.25 07:30:03;Buy Stop;3.80;XAUUSD;2 743.32;;;2024.10.25 12:45:13;2 720.05;;;;cancelled
2024.10.25 07:00:05;Buy Stop;3.80;XAUUSD;2 743.32;;;2024.10.25 12:45:13;2 720.05;;;;cancelled
2024.10.25 06:30:11;Buy Stop;3.80;XAUUSD;2 743.32;;;2024.10.25 12:45:12;2 720.04;;;;cancelled
2024.10.25 06:00:10;Buy Stop;3.80;XAUUSD;2 743.32;;;2024.10.25 12:45:12;2 720.05;;;;cancelled
2024.10.25 11:20:24;Sell;3.80;XAUUSD;2 722.48;2 721.44;2 712.48;2024.10.25 11:22:00;2 721.44;-11.40;;395.20;[sl]
2024.10.25 11:20:24;Sell;3.80;XAUUSD;2 722.48;2 721.42;2 712.48;2024.10.25 11:22:00;2 721.42;-11.40;;402.80;[sl]
2024.10.25 11:20:24;Sell;3.80;XAUUSD;2 722.48;2 721.50;2 712.48;2024.10.25 11:21:56;2 721.50;-11.40;;372.40;[sl]
2024.10.25 11:20:24;Sell;3.80;XAUUSD;2 722.48;2 721.50;2 712.48;2024.10.25 11:21:56;2 721.50;-11.40;;372.40;[sl]
2024.10.25 11:20:24;Sell;3.80;XAUUSD;2 722.48;2 722.42;2 712.48;2024.10.25 11:21:19;2 722.42;-11.40;;22.80;[sl]
2024.10.25 11:20:24;Sell;3.80;XAUUSD;2 722.48;2 722.42;2 712.48;2024.10.25 11:21:19;2 722.42;-11.40;;22.80;[sl]
2024.10.25 11:20:24;Sell;3.80;XAUUSD;2 722.48;2 722.42;2 712.48;2024.10.25 11:21:19;2 722.42;-11.40;;22.80;[sl]
2024.10.25 11:20:24;Sell;3.80;XAUUSD;2 722.48;2 722.42;2 712.48;2024.10.25 11:21:19;2 722.42;-11.40;;22.80;[sl]
2024.10.25 09:33:26;Sell Stop;3.80;XAUUSD;2 722.48;;;2024.10.25 11:20:24;2 722.35;;;;deleted [no money]
2024.10.25 09:18:30;Sell Stop;3.80;XAUUSD;2 722.48;;;2024.10.25 11:20:24;2 722.35;;;;deleted [no money]
2024.10.25 09:03:30;Sell Stop;3.80;XAUUSD;2 722.48;;;2024.10.25 11:20:24;2 722.35;;;;deleted [no money]
2024.10.25 08:48:30;Sell Stop;3.80;XAUUSD;2 722.48;;;2024.10.25 11:20:24;2 722.35;;;;deleted [no money]
2024.10.25 08:33:31;Sell Stop;3.80;XAUUSD;2 722.48;;;2024.10.25 11:20:24;2 722.35;;;;deleted [no money]
2024.10.25 08:18:29;Sell Stop;3.80;XAUUSD;2 722.48;;;2024.10.25 11:20:24;2 722.35;;;;deleted [no money]
2024.10.25 08:03:23;Sell Stop;3.80;XAUUSD;2 722.48;;;2024.10.25 11:20:24;2 722.35;;;;deleted [no money]
2024.10.24 19:30:25;Buy Stop;3.80;XAUUSD;2 743.32;2 740.92;2 753.32;2024.10.24 22:00:05;2 735.14;;;;cancelled
2024.10.24 20:30:05;Sell Stop;3.80;XAUUSD;2 722.48;2 724.88;2 712.48;2024.10.24 22:00:04;2 735.24;;;;cancelled
2024.10.24 06:00:03;Sell Stop;3.79;XAUUSD;2 708.74;2 711.14;2 698.74;2024.10.24 20:30:04;2 735.89;;;;cancelled
2024.10.24 08:00:04;Buy Stop;3.80;XAUUSD;2 758.47;2 756.07;2 768.47;2024.10.24 19:30:23;2 728.01;;;;cancelled
2024.10.24 07:36:41;Buy;3.79;XAUUSD;2 726.77;2 726.86;2 736.77;2024.10.24 07:50:58;2 726.86;-11.37;;34.11;[sl]
2024.10.24 06:00:02;Buy Stop;3.79;XAUUSD;2 758.47;2 756.07;2 768.47;2024.10.24 07:30:20;2 726.17;;;;cancelled
2024.10.23 14:30:05;Buy Stop;3.79;XAUUSD;2 758.47;2 756.07;2 768.47;2024.10.23 22:00:10;2 714.28;;;;cancelled
2024.10.23 21:15:20;Sell Stop;3.79;XAUUSD;2 708.74;;;2024.10.23 22:00:09;2 714.20;;;;cancelled
2024.10.23 16:14:11;Sell;3.79;XAUUSD;2 737.96;2 737.92;2 727.96;2024.10.23 16:14:36;2 737.92;-11.37;;15.16;[sl]
2024.10.23 06:00:25;Sell Stop;3.78;XAUUSD;2 729.55;2 731.95;2 719.55;2024.10.23 08:00:08;2 750.17;;;;cancelled
2024.10.23 07:19:13;Buy;3.78;XAUUSD;2 748.90;2 749.08;2 758.90;2024.10.23 07:19:30;2 749.08;-11.34;;68.04;[sl]
2024.10.22 17:45:06;Sell Stop;3.78;XAUUSD;2 729.55;2 731.95;2 719.55;2024.10.22 22:00:10;2 744.21;;;;cancelled
2024.10.22 06:00:20;Sell Stop;3.98;XAUUSD;2 714.21;2 716.61;2 704.21;2024.10.22 17:45:05;2 740.37;;;;cancelled
2024.10.22 16:35:03;Buy;3.98;XAUUSD;2 740.59;2 738.19;2 750.59;2024.10.22 16:36:02;2 738.19;-11.94;;-955.20;[sl]
2024.10.21 19:45:07;Buy Stop;3.94;XAUUSD;2 740.59;2 738.19;2 750.59;2024.10.21 22:00:09;2 716.48;;;;cancelled
2024.10.21 21:56:03;Sell;3.94;XAUUSD;2 716.96;2 716.40;2 706.96;2024.10.21 21:56:38;2 716.40;-11.82;;220.64;[sl]
2024.10.21 17:50:46;Sell;3.92;XAUUSD;2 723.63;2 723.41;2 713.63;2024.10.21 17:51:03;2 723.41;-11.76;;86.24;[sl]
2024.10.21 06:00:02;Sell Stop;3.93;XAUUSD;2 701.71;2 704.11;2 691.71;2024.10.21 12:00:15;2 731.72;;;;cancelled
2024.10.21 11:21:18;Buy;3.93;XAUUSD;2 732.84;2 732.84;2 742.84;2024.10.21 11:21:50;2 732.84;-11.79;;0.00;[sl]
2024.10.18 11:45:13;Buy Stop;3.93;XAUUSD;2 714.08;2 711.68;2 724.08;2024.10.18 15:00:10;2 710.16;;;;cancelled
2024.10.18 14:30:05;Sell Stop;3.93;XAUUSD;2 701.71;2 704.11;2 691.71;2024.10.18 15:00:09;2 710.17;;;;cancelled
2024.10.18 06:00:10;Sell Stop;3.93;XAUUSD;2 673.20;2 675.60;2 663.20;2024.10.18 14:30:04;2 709.11;;;;cancelled
2024.10.17 21:00:03;Buy Stop;3.93;XAUUSD;2 696.75;2 694.35;2 706.75;2024.10.17 22:00:10;2 689.41;;;;cancelled
2024.10.17 18:30:13;Sell Stop;3.93;XAUUSD;2 673.20;2 675.60;2 663.20;2024.10.17 22:00:10;2 689.33;;;;cancelled
2024.10.17 16:54:03;Buy;3.92;XAUUSD;2 688.79;2 688.86;2 698.79;2024.10.17 16:54:09;2 688.86;-11.76;;27.44;[sl]
2024.10.17 15:30:00;Sell;3.87;XAUUSD;2 677.01;2 676.37;2 667.01;2024.10.17 15:30:15;2 676.37;-11.61;;247.68;[sl]
2024.10.17 06:00:13;Sell Stop;3.82;XAUUSD;2 666.78;2 669.18;2 656.78;2024.10.17 15:15:03;2 679.95;;;;cancelled
2024.10.17 13:23:52;Buy;3.85;XAUUSD;2 685.77;2 686.09;2 695.77;2024.10.17 13:25:23;2 686.09;-11.55;;123.20;[sl]
2024.10.17 09:40:06;Buy;3.82;XAUUSD;2 684.90;2 685.28;2 694.90;2024.10.17 09:40:29;2 685.28;-11.46;;145.16;[sl]
2024.10.17 06:00:12;Buy Stop;3.82;XAUUSD;2 685.41;2 683.01;2 695.41;2024.10.17 08:00:03;2 679.08;;;;cancelled
2024.10.16 19:30:14;Buy Stop;3.82;XAUUSD;2 685.41;2 683.01;2 695.41;2024.10.16 22:00:06;2 674.68;;;;cancelled
2024.10.16 06:45:11;Sell Stop;3.81;XAUUSD;2 658.72;2 661.12;2 648.72;2024.10.16 22:00:06;2 674.61;;;;cancelled
2024.10.16 16:00:24;Buy;3.82;XAUUSD;2 682.78;2 682.78;2 692.78;2024.10.16 16:00:49;2 682.78;-11.46;;0.00;[sl]
2024.10.16 08:47:04;Buy;3.81;XAUUSD;2 670.10;2 670.28;2 680.10;2024.10.16 08:53:45;2 670.28;-11.43;;68.58;[sl]
2024.10.16 06:00:07;Sell Stop;3.81;XAUUSD;2 645.65;2 648.05;2 635.65;2024.10.16 06:45:10;2 667.11;;;;cancelled
2024.10.15 17:45:07;Sell Stop;3.81;XAUUSD;2 645.65;2 648.05;2 635.65;2024.10.15 22:00:05;2 664.76;;;;cancelled
2024.10.15 11:30:08;Sell Stop;3.81;XAUUSD;2 638.09;2 640.49;2 628.09;2024.10.15 17:45:06;2 659.45;;;;cancelled
2024.10.15 10:32:02;Buy;3.77;XAUUSD;2 653.38;2 653.76;2 663.38;2024.10.15 10:32:49;2 653.76;-11.31;;143.26;[sl]
2024.10.15 07:02:20;Sell;3.77;XAUUSD;2 644.01;2 643.84;2 634.01;2024.10.15 07:04:03;2 643.84;-11.31;;64.09;[sl]
2024.10.14 12:15:05;Buy Stop;3.77;XAUUSD;2 666.85;2 664.45;2 676.85;2024.10.14 22:00:09;2 648.52;;;;cancelled
2024.10.14 21:45:06;Sell Stop;3.77;XAUUSD;2 644.01;2 646.41;2 634.01;2024.10.14 22:00:08;2 648.53;;;;cancelled
2024.10.14 08:00:07;Sell Stop;3.72;XAUUSD;2 643.21;2 645.61;2 633.21;2024.10.14 21:45:05;2 650.36;;;;cancelled
2024.10.14 09:22:15;Buy;3.72;XAUUSD;2 661.44;2 662.13;2 671.44;2024.10.14 09:22:40;2 662.13;-11.16;;256.68;[sl]
2024.10.14 06:00:22;Sell Stop;3.72;XAUUSD;2 636.22;2 638.62;2 626.22;2024.10.14 08:00:07;2 659.16;;;;cancelled
2024.10.11 06:00:10;Sell Stop;3.72;XAUUSD;2 603.47;2 605.87;2 593.47;2024.10.11 15:00:18;2 645.01;;;;cancelled
2024.10.11 12:15:07;Buy Stop;3.72;XAUUSD;2 647.25;2 644.85;2 657.25;2024.10.11 15:00:17;2 645.03;;;;cancelled
2024.10.10 15:45:08;Sell Stop;3.72;XAUUSD;2 610.27;2 612.67;2 600.27;2024.10.10 22:00:09;2 626.39;;;;cancelled
2024.10.10 20:00:09;Buy Stop;3.72;XAUUSD;2 629.85;2 627.45;2 639.85;2024.10.10 22:00:08;2 626.45;;;;cancelled
2024.10.10 15:30:01;Sell;3.38;XAUUSD;2 610.27;2 605.44;2 600.27;2024.10.10 15:30:07;2 605.44;-10.14;;1 632.54;[sl]
2024.10.10 06:00:15;Sell Stop;3.39;XAUUSD;2 605.20;2 607.60;2 595.20;2024.10.10 13:15:06;2 617.00;;;;cancelled
2024.10.10 10:43:06;Buy;3.39;XAUUSD;2 616.91;2 616.91;2 626.91;2024.10.10 10:43:13;2 616.91;-10.17;;0.00;[sl]
2024.10.10 06:00:14;Buy Stop;3.39;XAUUSD;2 622.43;2 620.03;2 632.43;2024.10.10 09:00:11;2 613.22;;;;cancelled
2024.10.09 17:15:05;Buy Stop;3.57;XAUUSD;2 622.43;2 620.03;2 632.43;2024.10.09 22:00:02;2 606.63;;;;cancelled
2024.10.09 21:22:30;Sell;3.57;XAUUSD;2 605.29;2 607.69;2 595.29;2024.10.09 21:25:27;2 607.69;-10.71;;-856.80;[sl]
2024.10.09 11:30:18;Buy Stop;3.55;XAUUSD;2 624.35;2 621.95;2 634.35;2024.10.09 17:15:05;2 607.73;;;;cancelled
2024.10.09 16:36:12;Sell;3.55;XAUUSD;2 609.18;2 608.86;2 599.18;2024.10.09 16:36:19;2 608.86;-10.65;;113.60;[sl]
2024.10.09 06:00:10;Sell Stop;3.74;XAUUSD;2 604.78;2 607.18;2 594.78;2024.10.09 13:00:10;2 617.86;;;;cancelled
2024.10.09 08:35:16;Buy;3.74;XAUUSD;2 624.25;2 621.85;2 634.25;2024.10.09 08:44:12;2 621.85;-11.22;;-897.60;[sl]
2024.10.09 06:00:09;Buy Stop;3.74;XAUUSD;2 653.07;2 650.67;2 663.07;2024.10.09 07:15:09;2 617.01;;;;cancelled
2024.10.08 21:30:20;Sell Stop;3.74;XAUUSD;2 604.78;2 607.18;2 594.78;2024.10.08 22:00:03;2 615.68;;;;cancelled
2024.10.08 18:15:18;Buy Stop;3.74;XAUUSD;2 653.07;2 650.67;2 663.07;2024.10.08 22:00:03;2 615.70;;;;cancelled
2024.10.08 17:27:09;Sell;3.71;XAUUSD;2 628.59;2 628.24;2 618.59;2024.10.08 17:27:31;2 628.24;-11.13;;129.85;[sl]
2024.10.08 14:20:49;Buy;3.70;XAUUSD;2 649.14;2 649.14;2 659.14;2024.10.08 14:21:10;2 649.14;-11.10;;0.00;[sl]
2024.10.08 10:02:47;Sell;3.70;XAUUSD;2 633.81;2 633.67;2 623.81;2024.10.08 10:02:54;2 633.67;-11.10;;51.80;[sl]
2024.10.07 17:45:09;Buy Stop;3.70;XAUUSD;2 659.71;2 657.31;2 669.71;2024.10.07 22:00:07;2 640.88;;;;cancelled
2024.10.07 18:45:08;Sell Stop;3.70;XAUUSD;2 637.80;2 640.20;2 627.80;2024.10.07 22:00:06;2 640.81;;;;cancelled
2024.10.07 06:00:19;Buy Stop;3.67;XAUUSD;2 670.23;2 667.83;2 680.23;2024.10.07 17:45:08;2 646.21;;;;cancelled
2024.10.07 15:54:36;Sell;3.71;XAUUSD;2 639.74;2 639.72;2 629.74;2024.10.07 15:55:29;2 639.72;-11.13;;7.42;[sl]
2024.10.07 08:30:10;Sell Stop;3.71;XAUUSD;2 632.03;2 634.43;2 622.03;2024.10.07 12:00:14;2 652.20;;;;cancelled
2024.10.07 08:22:20;Sell;3.67;XAUUSD;2 643.89;2 643.38;2 633.89;2024.10.07 08:22:31;2 643.38;-11.01;;187.17;[sl]
2024.10.07 06:00:20;Sell Stop;3.67;XAUUSD;2 632.03;2 634.43;2 622.03;2024.10.07 07:45:10;2 648.19;;;;cancelled
2024.10.04 11:45:07;Buy Stop;3.67;XAUUSD;2 667.85;2 665.45;2 677.85;2024.10.04 15:00:12;2 661.41;;;;cancelled
2024.10.04 06:00:08;Sell Stop;3.67;XAUUSD;2 654.37;2 656.77;2 644.37;2024.10.04 15:00:12;2 661.35;;;;cancelled
2024.10.03 18:45:02;Buy Stop;3.67;XAUUSD;2 662.91;2 660.51;2 672.91;2024.10.03 22:00:07;2 657.29;;;;cancelled
2024.10.03 17:15:09;Sell Stop;3.67;XAUUSD;2 641.02;2 643.42;2 631.02;2024.10.03 22:00:07;2 657.23;;;;cancelled
2024.10.03 18:31:17;Buy;3.67;XAUUSD;2 654.35;2 654.40;2 664.35;2024.10.03 18:31:23;2 654.40;-11.01;;18.35;[sl]
2024.10.03 06:00:07;Buy Stop;3.75;XAUUSD;2 662.91;2 660.51;2 672.91;2024.10.03 18:30:05;2 651.11;;;;cancelled
2024.10.03 17:00:00;Sell;3.56;XAUUSD;2 641.02;2 639.54;2 631.02;2024.10.03 17:00:05;2 639.54;-10.68;;526.88;[sl]
2024.10.03 12:10:33;Sell;3.75;XAUUSD;2 641.17;2 643.57;2 631.17;2024.10.03 12:12:53;2 643.57;-11.25;;-900.00;[sl]
2024.10.02 20:00:03;Buy Stop;3.75;XAUUSD;2 663.40;2 661.00;2 673.40;2024.10.02 22:00:05;2 654.05;;;;cancelled
2024.10.02 21:15:08;Sell Stop;3.75;XAUUSD;2 641.17;2 643.57;2 631.17;2024.10.02 22:00:04;2 654.11;;;;cancelled
2024.10.02 15:30:10;Sell Stop;3.75;XAUUSD;2 624.71;2 627.11;2 614.71;2024.10.02 21:15:08;2 652.25;;;;cancelled
2024.10.02 06:00:08;Buy Stop;3.74;XAUUSD;2 673.20;2 670.80;2 683.20;2024.10.02 20:00:02;2 649.88;;;;cancelled
2024.10.02 15:28:49;Sell;3.74;XAUUSD;2 644.57;2 644.39;2 634.57;2024.10.02 15:28:56;2 644.39;-11.22;;67.32;[sl]
2024.10.02 06:00:09;Sell Stop;3.74;XAUUSD;2 624.71;2 627.11;2 614.71;2024.10.02 11:45:09;2 652.54;;;;cancelled
2024.10.01 06:00:05;Sell Stop;3.54;XAUUSD;2 624.71;2 627.11;2 614.71;2024.10.01 22:00:08;2 661.27;;;;cancelled
2024.10.01 19:48:40;Buy;3.69;XAUUSD;2 671.94;2 672.59;2 681.94;2024.10.01 19:48:50;2 672.59;-11.07;;239.85;[sl]
2024.10.01 16:33:43;Buy;3.54;XAUUSD;2 660.67;2 662.67;2 670.67;2024.10.01 16:35:18;2 662.67;-10.62;;708.00;[sl]
2024.09.30 13:15:23;Buy Stop;3.52;XAUUSD;2 660.67;2 658.27;2 670.67;2024.09.30 22:00:05;2 631.32;;;;cancelled
2024.09.30 21:14:07;Sell;3.53;XAUUSD;2 628.82;2 628.58;2 618.82;2024.09.30 21:14:09;2 628.58;-10.59;;84.72;[sl]
2024.09.30 13:18:54;Sell;3.52;XAUUSD;2 647.37;2 647.18;2 637.37;2024.09.30 13:19:13;2 647.18;-10.56;;66.88;[sl]
2024.09.30 06:00:12;Buy Stop;3.52;XAUUSD;2 666.04;2 663.64;2 676.04;2024.09.30 13:15:23;2 648.97;;;;cancelled
2024.09.30 06:00:13;Sell Stop;3.52;XAUUSD;2 643.14;2 645.54;2 633.14;2024.09.30 07:45:09;2 655.12;;;;cancelled
2024.09.27 09:45:04;Buy Stop;3.52;XAUUSD;2 674.03;2 671.63;2 684.03;2024.09.27 15:00:07;2 666.37;;;;cancelled
2024.09.27 06:00:06;Buy Stop;3.47;XAUUSD;2 677.89;2 675.49;2 687.89;2024.09.27 09:45:04;2 664.96;;;;cancelled
2024.09.27 08:30:01;Sell;3.47;XAUUSD;2 666.27;2 665.59;2 656.27;2024.09.27 08:30:07;2 665.59;-10.41;;235.96;[sl]
2024.09.27 06:00:07;Sell Stop;3.47;XAUUSD;2 654.88;2 657.28;2 644.88;2024.09.27 07:30:05;2 670.79;;;;cancelled
2024.09.26 17:30:02;Buy Stop;3.47;XAUUSD;2 685.63;2 683.23;2 695.63;2024.09.26 22:00:03;2 675.94;;;;cancelled
2024.09.26 19:45:17;Sell Stop;3.47;XAUUSD;2 654.88;2 657.28;2 644.88;2024.09.26 22:00:01;2 675.99;;;;cancelled
2024.09.26 06:00:07;Sell Stop;3.47;XAUUSD;2 649.71;2 652.11;2 639.71;2024.09.26 19:45:15;2 668.59;;;;cancelled
2024.09.26 11:07:10;Buy;3.47;XAUUSD;2 667.49;2 667.49;2 677.49;2024.09.26 11:07:15;2 667.49;-10.41;;0.00;[sl]
2024.09.25 20:30:06;Buy Stop;3.47;XAUUSD;2 667.49;2 665.09;2 677.49;2024.09.25 22:00:02;2 660.10;;;;cancelled
2024.09.25 08:45:07;Buy Stop;3.43;XAUUSD;2 670.59;2 668.19;2 680.59;2024.09.25 20:30:05;2 660.71;;;;cancelled
2024.09.25 19:46:27;Sell;3.43;XAUUSD;2 651.30;2 650.68;2 641.30;2024.09.25 19:46:33;2 650.68;-10.29;;212.66;[sl]
2024.09.25 08:46:13;Sell;3.43;XAUUSD;2 655.56;2 655.56;2 645.56;2024.09.25 08:50:45;2 655.56;-10.29;;0.00;[sl]
2024.09.25 06:00:14;Sell Stop;3.43;XAUUSD;2 622.67;2 625.07;2 612.67;2024.09.25 07:30:06;2 659.27;;;;cancelled
2024.09.24 13:30:09;Sell Stop;3.33;XAUUSD;2 622.67;2 625.07;2 612.67;2024.09.24 22:00:08;2 657.00;;;;cancelled
2024.09.24 17:44:14;Buy;3.33;XAUUSD;2 640.15;2 641.63;2 650.15;2024.09.24 17:44:44;2 641.63;-9.99;;492.84;[sl]
2024.09.24 10:39:17;Sell;3.32;XAUUSD;2 623.89;2 623.63;2 613.89;2024.09.24 10:39:23;2 623.63;-9.96;;86.32;[sl]
2024.09.24 06:00:08;Sell Stop;3.29;XAUUSD;2 613.89;2 616.29;2 603.89;2024.09.24 06:45:09;2 634.83;;;;cancelled
2024.09.24 06:42:29;Buy;3.29;XAUUSD;2 634.90;2 635.24;2 644.90;2024.09.24 06:42:34;2 635.24;-9.87;;111.86;[sl]
2024.09.23 13:45:06;Sell Stop;3.30;XAUUSD;2 613.89;2 616.29;2 603.89;2024.09.23 22:00:11;2 627.13;;;;cancelled
2024.09.23 20:15:09;Buy Stop;3.29;XAUUSD;2 634.90;2 632.50;2 644.90;2024.09.23 22:00:10;2 627.20;;;;cancelled
2024.09.23 16:42:01;Buy;3.30;XAUUSD;2 631.44;2 631.46;2 641.44;2024.09.23 16:45:09;2 631.46;-9.90;;6.60;[sl]
2024.09.23 10:37:01;Sell;3.27;XAUUSD;2 616.11;2 615.77;2 606.11;2024.09.23 10:37:22;2 615.77;-9.81;;111.18;[sl]
2024.09.23 06:00:08;Sell Stop;3.27;XAUUSD;2 584.86;2 587.26;2 574.86;2024.09.23 07:00:06;2 628.27;;;;cancelled
2024.09.20 07:15:05;Sell Stop;3.27;XAUUSD;2 584.86;2 587.26;2 574.86;2024.09.20 15:00:08;2 613.65;;;;cancelled
2024.09.20 06:00:04;Sell Stop;3.28;XAUUSD;2 569.81;2 572.21;2 559.81;2024.09.20 07:15:05;2 592.67;;;;cancelled
2024.09.20 06:02:29;Buy;3.28;XAUUSD;2 592.69;2 592.71;2 602.69;2024.09.20 06:03:01;2 592.71;-9.84;;6.56;[sl]
2024.09.19 19:45:22;Sell Stop;3.28;XAUUSD;2 569.81;2 572.21;2 559.81;2024.09.19 22:00:00;2 588.21;;;;cancelled
2024.09.19 15:30:12;Buy Stop;3.28;XAUUSD;2 594.92;2 592.52;2 604.92;2024.09.19 22:00:00;2 588.07;;;;cancelled
2024.09.19 06:00:15;Sell Stop;3.28;XAUUSD;2 546.86;2 549.26;2 536.86;2024.09.19 19:45:21;2 591.82;;;;cancelled
2024.09.19 06:00:14;Buy Stop;3.28;XAUUSD;2 600.20;2 597.80;2 610.20;2024.09.19 15:30:11;2 587.52;;;;cancelled
2024.09.18 21:15:07;Sell Stop;3.28;XAUUSD;2 568.09;2 570.49;2 558.09;2024.09.18 22:00:05;2 575.64;;;;cancelled
2024.09.18 21:00:06;Buy;3.45;XAUUSD;2 580.76;2 578.36;2 590.76;2024.09.18 21:00:07;2 578.36;-10.35;;-828.00;[sl]
2024.09.18 20:50:28;Sell;3.45;XAUUSD;2 568.09;2 568.06;2 558.09;2024.09.18 20:50:37;2 568.06;-10.35;;10.35;[sl]
2024.09.18 11:15:01;Sell Stop;3.43;XAUUSD;2 565.77;2 568.17;2 555.77;2024.09.18 20:15:08;2 572.53;;;;cancelled
2024.09.18 13:31:20;Buy;3.43;XAUUSD;2 576.53;2 576.79;2 586.53;2024.09.18 13:32:39;2 576.79;-10.29;;89.18;[sl]
2024.09.18 06:00:11;Sell Stop;3.62;XAUUSD;2 560.74;2 563.14;2 550.74;2024.09.18 11:15:00;2 569.61;;;;cancelled
2024.09.18 07:05:06;Buy;3.62;XAUUSD;2 576.53;2 574.13;2 586.53;2024.09.18 07:15:23;2 574.13;-10.86;;-868.80;[sl]
2024.09.18 06:00:09;Buy Stop;3.62;XAUUSD;2 582.25;2 579.85;2 592.25;2024.09.18 07:00:07;2 576.03;;;;cancelled
2024.09.17 20:15:13;Buy Stop;3.62;XAUUSD;2 582.25;2 579.85;2 592.25;2024.09.17 22:00:08;2 570.35;;;;cancelled
2024.09.17 12:45:07;Buy Stop;3.62;XAUUSD;2 586.96;2 584.56;2 596.96;2024.09.17 20:15:13;2 563.38;;;;cancelled
2024.09.17 12:23:00;Sell;3.61;XAUUSD;2 574.62;2 574.46;2 564.62;2024.09.17 12:23:38;2 574.46;-10.83;;57.76;[sl]
2024.09.17 09:46:52;Buy;3.80;XAUUSD;2 586.35;2 583.95;2 596.35;2024.09.17 10:11:49;2 583.95;-11.40;;-912.00;[sl]
2024.09.17 06:00:12;Buy Stop;3.80;XAUUSD;2 589.37;2 586.97;2 599.37;2024.09.17 08:30:07;2 576.22;;;;cancelled
2024.09.17 07:39:47;Sell;3.80;XAUUSD;2 575.24;2 575.24;2 565.24;2024.09.17 07:40:52;2 575.24;-11.40;;0.00;[sl]
2024.09.16 19:45:09;Buy Stop;3.80;XAUUSD;2 589.37;2 586.97;2 599.37;2024.09.16 22:00:10;2 581.12;;;;cancelled
2024.09.16 16:45:04;Sell Stop;3.80;XAUUSD;2 575.24;2 577.64;2 565.24;2024.09.16 22:00:10;2 581.09;;;;cancelled
2024.09.16 12:45:09;Buy Stop;3.72;XAUUSD;2 589.67;2 587.27;2 599.67;2024.09.16 19:45:08;2 582.73;;;;cancelled
2024.09.16 13:51:01;Sell;3.76;XAUUSD;2 577.58;2 577.02;2 567.58;2024.09.16 13:52:27;2 577.02;-11.28;;210.56;[sl]
2024.09.16 13:36:36;Sell;3.72;XAUUSD;2 579.61;2 579.06;2 569.61;2024.09.16 13:41:21;2 579.06;-11.16;;204.60;[sl]
2024.09.16 06:00:08;Sell Stop;3.67;XAUUSD;2 577.58;2 579.98;2 567.58;2024.09.16 13:15:09;2 584.65;;;;cancelled
2024.09.16 06:04:57;Buy;3.67;XAUUSD;2 586.10;2 586.79;2 596.10;2024.09.16 06:06:01;2 586.79;-11.01;;253.23;[sl]
2024.09.13 06:00:19;Sell Stop;3.67;XAUUSD;2 513.07;2 515.47;2 503.07;2024.09.13 15:00:20;2 566.75;;;;cancelled
2024.09.12 17:00:01;Sell Stop;3.67;XAUUSD;2 513.07;2 515.47;2 503.07;2024.09.12 22:00:04;2 555.83;;;;cancelled
2024.09.12 21:15:39;Buy;3.67;XAUUSD;2 555.16;2 555.23;2 565.16;2024.09.12 21:35:58;2 555.23;-11.01;;25.69;[sl]
2024.09.12 08:45:08;Sell Stop;3.61;XAUUSD;2 511.07;2 513.47;2 501.07;2024.09.12 17:00:00;2 545.14;;;;cancelled
2024.09.12 15:20:00;Buy;3.61;XAUUSD;2 522.29;2 523.07;2 532.29;2024.09.12 15:20:50;2 523.07;-10.83;;281.58;[sl]
2024.09.12 06:00:03;Buy Stop;3.61;XAUUSD;2 529.08;2 526.68;2 539.08;2024.09.12 12:00:07;2 517.61;;;;cancelled
2024.09.12 06:00:04;Sell Stop;3.61;XAUUSD;2 500.92;2 503.32;2 490.92;2024.09.12 08:45:08;2 518.53;;;;cancelled
2024.09.11 12:30:07;Buy Stop;3.61;XAUUSD;2 529.08;2 526.68;2 539.08;2024.09.11 22:00:05;2 511.50;;;;cancelled
2024.09.11 20:00:05;Sell Stop;3.61;XAUUSD;2 500.92;2 503.32;2 490.92;2024.09.11 22:00:04;2 511.45;;;;cancelled
2024.09.11 06:00:02;Sell Stop;3.75;XAUUSD;2 500.91;2 503.31;2 490.91;2024.09.11 20:00:04;2 515.12;;;;cancelled
2024.09.11 09:02:13;Buy;3.56;XAUUSD;2 522.55;2 523.21;2 532.55;2024.09.11 09:02:24;2 523.21;-10.68;;234.96;[sl]
2024.09.11 08:25:01;Buy;3.75;XAUUSD;2 522.55;2 520.15;2 532.55;2024.09.11 08:40:35;2 520.15;-11.25;;-900.00;[sl]
2024.09.10 21:30:00;Buy Stop;3.75;XAUUSD;2 518.47;2 516.07;2 528.47;2024.09.10 22:00:04;2 516.42;;;;cancelled
2024.09.10 20:30:02;Sell Stop;3.75;XAUUSD;2 500.91;2 503.31;2 490.91;2024.09.10 22:00:04;2 516.26;;;;cancelled
2024.09.10 14:30:01;Sell Stop;3.75;XAUUSD;2 500.18;2 502.58;2 490.18;2024.09.10 20:30:02;2 513.75;;;;cancelled
2024.09.10 11:32:39;Sell;3.74;XAUUSD;2 500.83;2 500.62;2 490.83;2024.09.10 11:33:10;2 500.62;-11.22;;78.54;[sl]
2024.09.10 06:00:04;Sell Stop;3.94;XAUUSD;2 485.61;2 488.01;2 475.61;2024.09.10 11:00:10;2 502.32;;;;cancelled
2024.09.10 10:38:20;Buy;3.94;XAUUSD;2 507.71;2 505.31;2 517.71;2024.09.10 10:41:37;2 505.31;-11.82;;-945.60;[sl]
2024.09.09 12:30:06;Sell Stop;4.12;XAUUSD;2 485.61;2 488.01;2 475.61;2024.09.09 22:00:05;2 504.57;;;;cancelled
2024.09.09 19:59:31;Buy;4.15;XAUUSD;2 505.31;2 502.91;2 515.31;2024.09.09 20:03:47;2 502.91;-12.45;;-996.00;[sl]
2024.09.09 15:25:17;Buy;4.12;XAUUSD;2 500.54;2 500.89;2 510.54;2024.09.09 15:25:46;2 500.89;-12.36;;144.20;[sl]
2024.09.09 06:00:15;Sell Stop;4.12;XAUUSD;2 485.17;2 487.57;2 475.17;2024.09.09 12:30:05;2 496.24;;;;cancelled
2024.09.09 06:00:15;Buy Stop;4.12;XAUUSD;2 529.21;2 526.81;2 539.21;2024.09.09 09:45:08;2 492.31;;;;cancelled
2024.09.06 12:00:05;Buy Stop;4.08;XAUUSD;2 521.88;;;2024.09.06 15:00:15;2 516.19;;;;cancelled
2024.09.06 11:45:04;Buy Stop;4.08;XAUUSD;2 521.88;;;2024.09.06 15:00:15;2 516.19;;;;cancelled
2024.09.06 12:15:05;Buy Stop;4.08;XAUUSD;2 521.88;;;2024.09.06 15:00:14;2 516.18;;;;cancelled
2024.09.06 12:30:10;Buy Stop;4.08;XAUUSD;2 521.88;;;2024.09.06 15:00:11;2 516.24;;;;cancelled
2024.09.06 13:01:08;Buy Stop;4.08;XAUUSD;2 521.88;;;2024.09.06 15:00:10;2 516.09;;;;cancelled
2024.09.06 12:45:06;Buy Stop;4.08;XAUUSD;2 521.88;;;2024.09.06 15:00:10;2 516.19;;;;cancelled
2024.09.06 13:30:04;Buy Stop;4.08;XAUUSD;2 521.88;;;2024.09.06 15:00:09;2 516.09;;;;cancelled
2024.09.06 13:15:08;Buy Stop;4.08;XAUUSD;2 521.88;;;2024.09.06 15:00:09;2 516.10;;;;cancelled
2024.09.06 14:03:36;Buy Stop;4.08;XAUUSD;2 521.88;;;2024.09.06 15:00:08;2 516.10;;;;cancelled
2024.09.06 13:45:27;Buy Stop;4.08;XAUUSD;2 521.88;;;2024.09.06 15:00:08;2 516.10;;;;cancelled
2024.09.06 14:18:41;Buy Stop;4.08;XAUUSD;2 521.88;;;2024.09.06 15:00:07;2 516.10;;;;cancelled
2024.09.06 14:50:33;Sell;4.08;XAUUSD;2 515.55;2 515.02;2 505.55;2024.09.06 14:51:37;2 515.02;-12.24;;216.24;[sl]
2024.09.06 08:00:08;Sell Stop;4.08;XAUUSD;2 513.05;2 515.45;2 503.05;2024.09.06 14:00:16;2 518.87;;;;cancelled
2024.09.06 06:00:08;Sell Stop;4.08;XAUUSD;2 504.00;2 506.40;2 494.00;2024.09.06 08:00:07;2 518.69;;;;cancelled
2024.09.05 21:00:05;Sell Stop;4.08;XAUUSD;2 504.00;2 506.40;2 494.00;2024.09.05 22:00:12;2 515.61;;;;cancelled
2024.09.05 18:30:05;Buy Stop;4.08;XAUUSD;2 523.52;2 521.12;2 533.52;2024.09.05 22:00:12;2 515.66;;;;cancelled
2024.09.05 10:45:11;Sell Stop;4.08;XAUUSD;2 493.86;2 496.26;2 483.86;2024.09.05 21:00:05;2 515.37;;;;cancelled
2024.09.05 06:00:10;Sell Stop;4.08;XAUUSD;2 491.55;2 493.95;2 481.55;2024.09.05 10:45:11;2 506.22;;;;cancelled
2024.09.05 08:49:21;Buy;4.08;XAUUSD;2 499.35;2 499.35;2 509.35;2024.09.05 08:49:29;2 499.35;-12.24;;0.00;[sl]
2024.09.05 06:00:10;Buy Stop;4.08;XAUUSD;2 500.34;2 497.94;2 510.34;2024.09.05 07:15:09;2 494.53;;;;cancelled
2024.09.04 15:00:11;Sell Stop;4.08;XAUUSD;2 471.93;2 474.33;2 461.93;2024.09.04 22:00:11;2 494.31;;;;cancelled
2024.09.04 20:45:12;Buy Stop;4.08;XAUUSD;2 500.34;2 497.94;2 510.34;2024.09.04 22:00:10;2 494.55;;;;cancelled
2024.09.04 17:01:29;Buy;4.05;XAUUSD;2 496.92;2 496.97;2 506.92;2024.09.04 17:01:31;2 496.97;-12.15;;20.25;[sl]
2024.09.04 11:54:56;Sell;4.05;XAUUSD;2 473.43;2 473.02;2 463.43;2024.09.04 11:59:57;2 473.02;-12.15;;166.05;[sl]
2024.09.04 06:00:08;Buy Stop;4.05;XAUUSD;2 506.32;2 503.92;2 516.32;2024.09.04 08:30:08;2 496.01;;;;cancelled
2024.09.03 14:30:01;Buy Stop;4.04;XAUUSD;2 506.32;2 503.92;2 516.32;2024.09.03 22:00:06;2 489.36;;;;cancelled
2024.09.03 20:15:09;Sell Stop;4.05;XAUUSD;2 473.43;2 475.83;2 463.43;2024.09.03 22:00:05;2 489.33;;;;cancelled
2024.09.03 14:45:38;Sell;4.04;XAUUSD;2 489.73;2 489.66;2 479.73;2024.09.03 14:47:55;2 489.66;-12.12;;28.28;[sl]
2024.09.03 06:00:17;Buy Stop;4.04;XAUUSD;2 507.33;2 504.93;2 517.33;2024.09.03 14:30:01;2 495.54;;;;cancelled
2024.09.02 14:45:08;Buy Stop;4.04;XAUUSD;2 507.33;2 504.93;2 517.33;2024.09.03 01:05:59;2 499.35;;;;cancelled
2024.09.02 08:45:11;Sell Stop;4.03;XAUUSD;2 490.10;2 492.50;2 480.10;2024.09.03 01:05:59;2 499.25;;;;cancelled
2024.09.02 11:44:21;Buy;4.03;XAUUSD;2 505.01;2 505.26;2 515.01;2024.09.02 11:44:36;2 505.26;-12.09;;100.75;[sl]
2024.09.02 06:00:12;Buy Stop;4.03;XAUUSD;2 526.88;2 524.48;2 536.88;2024.09.02 06:30:25;2 495.24;;;;cancelled
2024.08.30 10:00:06;Sell Stop;4.03;XAUUSD;2 512.26;2 514.66;2 502.26;2024.08.30 15:00:06;2 519.59;;;;cancelled
2024.08.30 06:00:07;Buy Stop;4.03;XAUUSD;2 528.72;2 526.32;2 538.72;2024.08.30 15:00:06;2 519.64;;;;cancelled
2024.08.30 06:00:11;Sell Stop;4.03;XAUUSD;2 503.68;2 506.08;2 493.68;2024.08.30 10:00:05;2 517.64;;;;cancelled
2024.08.29 18:45:12;Sell Stop;4.03;XAUUSD;2 503.68;2 506.08;2 493.68;2024.08.29 22:00:08;2 523.00;;;;cancelled
2024.08.29 06:00:13;Sell Stop;3.81;XAUUSD;2 493.70;2 496.10;2 483.70;2024.08.29 18:45:12;2 522.24;;;;cancelled
2024.08.29 18:09:07;Buy;3.99;XAUUSD;2 524.44;2 524.91;2 534.44;2024.08.29 18:09:24;2 524.91;-11.97;;187.53;[sl]
2024.08.29 13:00:08;Buy Stop;3.99;XAUUSD;2 529.05;2 526.65;2 539.05;2024.08.29 15:45:07;2 505.69;;;;cancelled
2024.08.29 12:51:46;Buy;3.85;XAUUSD;2 521.23;2 522.99;2 531.23;2024.08.29 12:51:51;2 522.99;-11.55;;677.60;[sl]
2024.08.29 06:45:24;Buy Stop;3.85;XAUUSD;2 529.05;2 526.65;2 539.05;2024.08.29 12:15:05;2 518.35;;;;cancelled
2024.08.29 06:30:22;Buy;3.81;XAUUSD;2 515.37;2 515.97;2 525.37;2024.08.29 06:40:19;2 515.97;-11.43;;228.60;[sl]
2024.08.29 06:00:09;Buy Stop;3.81;XAUUSD;2 529.05;2 526.65;2 539.05;2024.08.29 06:15:08;2 512.92;;;;cancelled
2024.08.28 18:30:00;Sell Stop;3.81;XAUUSD;2 493.70;2 496.10;2 483.70;2024.08.28 22:00:10;2 508.09;;;;cancelled
2024.08.28 06:00:06;Buy Stop;4.22;XAUUSD;2 529.05;2 526.65;2 539.05;2024.08.28 22:00:10;2 508.07;;;;cancelled
2024.08.28 13:48:53;Sell;4.01;XAUUSD;2 503.34;2 505.74;2 493.34;2024.08.28 13:54:57;2 505.74;-12.03;;-962.40;[sl]
2024.08.28 09:03:04;Sell;4.22;XAUUSD;2 503.57;2 505.97;2 493.57;2024.08.28 09:05:28;2 505.97;-12.66;;-1 012.80;[sl]
2024.08.27 14:00:02;Sell Stop;4.45;XAUUSD;2 503.57;2 505.97;2 493.57;2024.08.27 22:00:09;2 524.44;;;;cancelled
2024.08.27 17:13:26;Buy;4.45;XAUUSD;2 517.57;2 515.17;2 527.57;2024.08.27 17:14:18;2 515.17;-13.35;;-1 068.00;[sl]
2024.08.27 06:00:18;Buy Stop;4.45;XAUUSD;2 526.86;2 524.46;2 536.86;2024.08.27 13:00:02;2 508.92;;;;cancelled
2024.08.27 10:59:32;Sell;4.45;XAUUSD;2 505.88;2 505.88;2 495.88;2024.08.27 10:59:46;2 505.88;-13.35;;0.00;[sl]
2024.08.26 18:00:09;Buy Stop;4.45;XAUUSD;2 526.86;2 524.46;2 536.86;2024.08.26 22:00:11;2 517.34;;;;cancelled
2024.08.26 20:00:14;Sell Stop;4.45;XAUUSD;2 510.68;2 513.08;2 500.68;2024.08.26 22:00:08;2 517.04;;;;cancelled
2024.08.26 11:00:12;Sell Stop;4.45;XAUUSD;2 508.78;2 511.18;2 498.78;2024.08.26 20:00:13;2 520.17;;;;cancelled
2024.08.26 06:00:16;Sell Stop;4.45;XAUUSD;2 494.46;2 496.86;2 484.46;2024.08.26 11:00:11;2 520.82;;;;cancelled
2024.08.26 10:23:28;Buy;4.45;XAUUSD;2 518.37;2 518.37;2 528.37;2024.08.26 10:24:09;2 518.37;-13.35;;0.00;[sl]
2024.08.23 06:00:22;Sell Stop;4.45;XAUUSD;2 470.81;2 473.21;2 460.81;2024.08.23 15:00:10;2 501.60;;;;cancelled
2024.08.23 06:00:21;Buy Stop;4.45;XAUUSD;2 519.17;2 516.77;2 529.17;2024.08.23 15:00:10;2 501.66;;;;cancelled
2024.08.22 06:00:14;Buy Stop;4.36;XAUUSD;2 519.17;2 516.77;2 529.17;2024.08.22 22:00:10;2 482.29;;;;cancelled
2024.08.22 20:15:07;Sell Stop;4.45;XAUUSD;2 470.81;2 473.21;2 460.81;2024.08.22 22:00:09;2 482.25;;;;cancelled
2024.08.22 16:21:22;Sell;4.44;XAUUSD;2 494.05;2 493.92;2 484.05;2024.08.22 16:21:24;2 493.92;-13.32;;57.72;[sl]
2024.08.22 14:38:41;Sell;4.36;XAUUSD;2 499.37;2 498.44;2 489.37;2024.08.22 14:38:45;2 498.44;-13.08;;405.48;[sl]
2024.08.22 06:00:15;Sell Stop;4.36;XAUUSD;2 494.05;2 496.45;2 484.05;2024.08.22 10:30:09;2 506.33;;;;cancelled
2024.08.21 20:00:11;Sell Stop;4.36;XAUUSD;2 494.05;2 496.45;2 484.05;2024.08.21 22:00:01;2 516.27;;;;cancelled
2024.08.21 08:15:08;Buy Stop;4.35;XAUUSD;2 519.97;2 517.57;2 529.97;2024.08.21 22:00:01;2 516.37;;;;cancelled
2024.08.21 16:32:08;Sell;4.35;XAUUSD;2 504.52;2 504.36;2 494.52;2024.08.21 16:32:13;2 504.36;-13.05;;69.60;[sl]
2024.08.21 10:42:28;Sell;4.35;XAUUSD;2 510.93;2 510.89;2 500.93;2024.08.21 10:42:56;2 510.89;-13.05;;17.40;[sl]
2024.08.21 06:00:11;Sell Stop;4.35;XAUUSD;2 500.88;2 503.28;2 490.88;2024.08.21 07:30:08;2 516.17;;;;cancelled
2024.08.20 19:30:21;Buy Stop;4.35;XAUUSD;2 531.69;2 529.29;2 541.69;2024.08.20 22:00:05;2 513.43;;;;cancelled
2024.08.20 12:00:01;Sell Stop;4.35;XAUUSD;2 497.36;2 499.76;2 487.36;2024.08.20 22:00:05;2 513.38;;;;cancelled
2024.08.20 09:15:11;Sell Stop;4.35;XAUUSD;2 485.68;2 488.08;2 475.68;2024.08.20 12:00:01;2 519.94;;;;cancelled
2024.08.20 10:37:35;Buy;4.35;XAUUSD;2 508.27;2 508.27;2 518.27;2024.08.20 10:37:38;2 508.27;-13.05;;0.00;[sl]
2024.08.20 09:08:38;Sell;4.35;XAUUSD;2 498.75;2 498.70;2 488.75;2024.08.20 09:08:47;2 498.70;-13.05;;21.75;[sl]
2024.08.20 06:00:11;Sell Stop;4.35;XAUUSD;2 485.68;2 488.08;2 475.68;2024.08.20 08:00:11;2 500.92;;;;cancelled
2024.08.19 19:30:04;Sell Stop;4.35;XAUUSD;2 485.68;2 488.08;2 475.68;2024.08.19 22:00:01;2 504.27;;;;cancelled
2024.08.19 19:41:06;Buy;4.35;XAUUSD;2 507.20;2 507.20;2 517.20;2024.08.19 19:41:46;2 507.20;-13.05;;0.00;[sl]
2024.08.19 06:00:09;Buy Stop;4.29;XAUUSD;2 510.16;2 507.76;2 520.16;2024.08.19 14:30:25;2 488.66;;;;cancelled
2024.08.19 13:22:01;Sell;4.29;XAUUSD;2 495.02;2 494.27;2 485.02;2024.08.19 13:22:20;2 494.27;-12.87;;321.75;[sl]
2024.08.19 06:00:10;Sell Stop;4.29;XAUUSD;2 450.79;2 453.19;2 440.79;2024.08.19 07:15:11;2 502.78;;;;cancelled
2024.08.16 09:15:05;Sell Stop;4.18;XAUUSD;2 450.79;2 453.19;2 440.79;2024.08.16 15:00:08;2 472.32;;;;cancelled
2024.08.16 10:52:29;Buy;4.18;XAUUSD;2 461.64;2 462.87;2 471.64;2024.08.16 10:52:57;2 462.87;-12.54;;514.14;[sl]
2024.08.16 06:00:15;Sell Stop;4.18;XAUUSD;2 432.21;2 434.61;2 422.21;2024.08.16 09:15:04;2 456.37;;;;cancelled
2024.08.15 18:15:11;Buy Stop;4.18;XAUUSD;2 470.10;2 467.70;2 480.10;2024.08.15 22:00:04;2 458.45;;;;cancelled
2024.08.15 19:00:11;Sell Stop;4.18;XAUUSD;2 432.21;2 434.61;2 422.21;2024.08.15 22:00:03;2 458.40;;;;cancelled
2024.08.15 13:15:07;Buy Stop;4.16;XAUUSD;2 480.01;2 477.61;2 490.01;2024.08.15 18:15:11;2 458.03;;;;cancelled
2024.08.15 16:00:25;Sell;4.09;XAUUSD;2 438.15;2 437.88;2 428.15;2024.08.15 16:00:27;2 437.88;-12.27;;110.43;[sl]
2024.08.15 13:04:30;Buy;4.13;XAUUSD;2 458.90;2 459.26;2 468.90;2024.08.15 13:05:07;2 459.26;-12.39;;148.68;[sl]
2024.08.15 07:15:08;Buy Stop;4.13;XAUUSD;2 480.01;2 477.61;2 490.01;2024.08.15 12:15:04;2 456.58;;;;cancelled
2024.08.15 06:54:42;Buy;4.09;XAUUSD;2 454.30;2 454.81;2 464.30;2024.08.15 07:02:52;2 454.81;-12.27;;208.59;[sl]
2024.08.15 06:00:09;Buy Stop;4.09;XAUUSD;2 480.01;2 477.61;2 490.01;2024.08.15 06:45:08;2 452.91;;;;cancelled
2024.08.14 15:45:03;Buy Stop;3.98;XAUUSD;2 478.75;2 476.35;2 488.75;2024.08.14 22:00:09;2 447.70;;;;cancelled
2024.08.14 16:20:42;Sell;4.15;XAUUSD;2 455.35;2 454.06;2 445.35;2024.08.14 16:20:47;2 454.06;-12.45;;535.35;[sl]
2024.08.14 15:30:02;Buy;4.20;XAUUSD;2 478.75;2 476.35;2 488.75;2024.08.14 15:30:10;2 476.35;-12.60;;-1 008.00;[sl]
2024.08.14 11:34:31;Buy;4.15;XAUUSD;2 472.59;2 473.15;2 482.59;2024.08.14 11:38:10;2 473.15;-12.45;;232.40;[sl]
2024.08.14 06:00:09;Buy Stop;4.15;XAUUSD;2 475.70;2 473.30;2 485.70;2024.08.14 07:15:06;2 462.55;;;;cancelled
2024.08.13 19:15:29;Sell Stop;4.15;XAUUSD;2 458.97;2 461.37;2 448.97;2024.08.13 22:00:06;2 467.69;;;;cancelled
2024.08.13 19:45:08;Buy Stop;4.15;XAUUSD;2 475.70;2 473.30;2 485.70;2024.08.13 22:00:05;2 467.80;;;;cancelled
2024.08.13 06:00:23;Buy Stop;4.15;XAUUSD;2 476.94;2 474.54;2 486.94;2024.08.13 19:45:08;2 468.14;;;;cancelled
2024.08.13 11:00:11;Sell Stop;4.15;XAUUSD;2 458.50;2 460.90;2 448.50;2024.08.13 19:15:28;2 470.43;;;;cancelled
2024.08.13 08:15:08;Sell Stop;4.15;XAUUSD;2 423.90;2 426.30;2 413.90;2024.08.13 11:00:11;2 464.16;;;;cancelled
2024.08.13 07:49:36;Sell;4.15;XAUUSD;2 460.87;2 460.77;2 450.87;2024.08.13 08:07:02;2 460.77;-12.45;;41.50;[sl]
2024.08.13 06:00:27;Sell Stop;4.15;XAUUSD;2 423.90;2 426.30;2 413.90;2024.08.13 07:15:03;2 464.74;;;;cancelled
2024.08.12 08:00:07;Sell Stop;4.15;XAUUSD;2 423.90;2 426.30;2 413.90;2024.08.12 22:00:07;2 470.43;;;;cancelled
2024.08.12 15:30:09;Buy;4.15;XAUUSD;2 445.13;2 445.13;2 455.13;2024.08.12 15:30:18;2 445.13;-12.45;;0.00;[sl]
2024.08.12 09:53:01;Buy;4.15;XAUUSD;2 437.07;2 437.07;2 447.07;2024.08.12 09:55:03;2 437.07;-12.45;;0.00;[sl]
2024.08.12 06:00:11;Sell Stop;4.15;XAUUSD;2 421.12;2 423.52;2 411.12;2024.08.12 08:00:07;2 433.61;;;;cancelled
2024.08.09 12:00:09;Sell Stop;4.13;XAUUSD;2 416.93;2 419.33;2 406.93;2024.08.09 15:00:10;2 426.96;;;;cancelled
2024.08.09 13:43:49;Buy;4.13;XAUUSD;2 429.01;2 429.31;2 439.01;2024.08.09 13:43:54;2 429.31;-12.39;;123.90;[sl]
2024.08.09 06:00:02;Sell Stop;4.13;XAUUSD;2 380.06;2 382.46;2 370.06;2024.08.09 12:00:06;2 424.62;;;;cancelled
2024.08.08 06:00:08;Sell Stop;4.09;XAUUSD;2 380.06;2 382.46;2 370.06;2024.08.08 22:00:04;2 424.03;;;;cancelled
2024.08.08 20:30:18;Buy;4.12;XAUUSD;2 424.38;2 424.51;2 434.38;2024.08.08 20:30:25;2 424.51;-12.36;;53.56;[sl]
2024.08.08 14:05:28;Buy;4.10;XAUUSD;2 407.12;2 407.36;2 417.12;2024.08.08 14:05:36;2 407.36;-12.30;;98.40;[sl]
2024.08.08 13:42:53;Buy;4.09;XAUUSD;2 400.77;2 400.90;2 410.77;2024.08.08 13:43:00;2 400.90;-12.27;;53.17;[sl]
2024.08.08 06:00:07;Buy Stop;4.09;XAUUSD;2 407.12;2 404.72;2 417.12;2024.08.08 12:15:07;2 396.54;;;;cancelled
2024.08.07 18:45:13;Buy Stop;4.09;XAUUSD;2 407.12;2 404.72;2 417.12;2024.08.07 22:00:12;2 386.28;;;;cancelled
2024.08.07 07:15:09;Sell Stop;4.10;XAUUSD;2 379.07;2 381.47;2 369.07;2024.08.07 22:00:12;2 386.23;;;;cancelled
2024.08.07 13:45:05;Buy Stop;4.09;XAUUSD;2 416.35;2 413.95;2 426.35;2024.08.07 18:45:13;2 393.17;;;;cancelled
2024.08.07 13:40:14;Buy;4.10;XAUUSD;2 397.60;2 397.60;2 407.60;2024.08.07 13:40:15;2 397.60;-12.30;;0.00;[sl]
2024.08.07 06:00:05;Buy Stop;4.10;XAUUSD;2 416.35;2 413.95;2 426.35;2024.08.07 12:15:02;2 395.30;;;;cancelled
2024.08.06 16:00:11;Buy Stop;4.10;XAUUSD;2 416.35;2 413.95;2 426.35;2024.08.06 22:00:03;2 392.98;;;;cancelled
2024.08.06 21:15:01;Sell Stop;4.10;XAUUSD;2 381.64;2 384.04;2 371.64;2024.08.06 22:00:02;2 392.87;;;;cancelled
2024.08.06 06:45:05;Buy Stop;3.95;XAUUSD;2 418.39;2 415.99;2 428.39;2024.08.06 16:00:11;2 395.48;;;;cancelled
2024.08.06 15:38:08;Sell;3.95;XAUUSD;2 394.87;2 393.06;2 384.87;2024.08.06 15:38:18;2 393.06;-11.85;;714.95;[sl]
2024.08.06 06:00:07;Sell Stop;3.95;XAUUSD;2 364.34;2 366.74;2 354.34;2024.08.06 12:15:06;2 412.05;;;;cancelled
2024.08.06 06:00:06;Buy Stop;3.95;XAUUSD;2 458.84;2 456.44;2 468.84;2024.08.06 06:45:04;2 408.88;;;;cancelled
2024.08.05 10:15:04;Buy Stop;3.85;XAUUSD;2 458.84;2 456.44;2 468.84;2024.08.05 22:00:09;2 405.86;;;;cancelled
2024.08.05 18:30:11;Sell Stop;3.95;XAUUSD;2 364.34;2 366.74;2 354.34;2024.08.05 22:00:08;2 405.61;;;;cancelled
2024.08.05 13:55:55;Sell;3.93;XAUUSD;2 413.97;2 413.72;2 403.97;2024.08.05 13:56:04;2 413.72;-11.79;;98.25;[sl]
2024.08.05 12:15:58;Sell;3.85;XAUUSD;2 422.21;2 421.13;2 412.21;2024.08.05 12:16:10;2 421.13;-11.55;;415.80;[sl]
2024.08.05 06:15:18;Sell Stop;3.79;XAUUSD;2 413.97;2 416.37;2 403.97;2024.08.05 12:15:08;2 424.82;;;;cancelled
2024.08.05 06:47:40;Buy;3.79;XAUUSD;2 447.68;2 448.44;2 457.68;2024.08.05 06:47:43;2 448.44;-11.37;;288.04;[sl]
2024.08.05 06:00:14;Sell Stop;3.79;XAUUSD;2 410.85;2 413.25;2 400.85;2024.08.05 06:15:18;2 444.62;;;;cancelled
2024.08.02 12:00:17;Buy Stop;3.79;XAUUSD;2 468.50;2 466.10;2 478.50;2024.08.02 15:00:01;2 459.36;;;;cancelled
2024.08.02 07:15:05;Sell Stop;3.79;XAUUSD;2 435.04;2 437.44;2 425.04;2024.08.02 15:00:01;2 459.29;;;;cancelled
2024.08.02 08:48:41;Buy;3.79;XAUUSD;2 462.33;2 462.33;2 472.33;2024.08.02 08:48:42;2 462.33;-11.37;;0.00;[sl]
2024.08.02 06:00:05;Sell Stop;3.79;XAUUSD;2 434.99;2 437.39;2 424.99;2024.08.02 07:15:04;2 456.15;;;;cancelled
2024.08.01 20:00:12;Buy Stop;3.79;XAUUSD;2 462.33;2 459.93;2 472.33;2024.08.01 22:00:22;2 439.56;;;;cancelled
2024.08.01 15:45:08;Sell Stop;3.75;XAUUSD;2 430.28;2 432.68;2 420.28;2024.08.01 22:00:22;2 439.52;;;;cancelled
2024.08.01 17:00:53;Buy;3.69;XAUUSD;2 458.39;2 458.98;2 468.39;2024.08.01 17:01:01;2 458.98;-11.07;;217.71;[sl]
2024.08.01 11:30:07;Sell Stop;3.75;XAUUSD;2 403.92;2 406.32;2 393.92;2024.08.01 15:45:08;2 453.10;;;;cancelled
2024.08.01 11:28:29;Sell;3.69;XAUUSD;2 437.37;2 436.60;2 427.37;2024.08.01 11:28:45;2 436.60;-11.07;;284.13;[sl]
2024.08.01 06:00:08;Sell Stop;3.69;XAUUSD;2 403.92;2 406.32;2 393.92;2024.08.01 08:45:02;2 446.61;;;;cancelled
2024.07.31 07:00:05;Sell Stop;3.85;XAUUSD;2 403.92;2 406.32;2 393.92;2024.07.31 22:00:04;2 433.47;;;;cancelled
2024.07.31 21:37:36;Buy;3.68;XAUUSD;2 429.07;2 429.19;2 439.07;2024.07.31 21:37:37;2 429.19;-11.04;;44.16;[sl]
2024.07.31 20:21:41;Buy;3.88;XAUUSD;2 429.07;2 426.67;2 439.07;2024.07.31 20:31:46;2 426.67;-11.64;;-931.20;[sl]
2024.07.31 16:46:06;Buy;3.85;XAUUSD;2 425.52;2 425.99;2 435.52;2024.07.31 16:46:11;2 425.99;-11.55;;180.95;[sl]
2024.07.31 06:00:06;Sell Stop;3.85;XAUUSD;2 383.46;2 385.86;2 373.46;2024.07.31 07:00:04;2 416.21;;;;cancelled
2024.07.31 06:12:04;Buy;3.85;XAUUSD;2 412.79;2 412.79;2 422.79;2024.07.31 06:12:06;2 412.79;-11.55;;0.00;[sl]
2024.07.30 21:45:07;Sell Stop;3.85;XAUUSD;2 383.46;2 385.86;2 373.46;2024.07.30 22:00:07;2 404.63;;;;cancelled
2024.07.30 07:30:24;Sell Stop;3.84;XAUUSD;2 376.57;2 378.97;2 366.57;2024.07.30 21:45:07;2 405.81;;;;cancelled
2024.07.30 19:55:31;Buy;3.85;XAUUSD;2 397.79;2 397.79;2 407.79;2024.07.30 19:55:33;2 397.79;-11.55;;0.00;[sl]
2024.07.30 13:56:42;Buy;3.84;XAUUSD;2 392.06;2 392.21;2 402.06;2024.07.30 13:57:01;2 392.21;-11.52;;57.60;[sl]
2024.07.30 06:00:17;Sell Stop;3.83;XAUUSD;2 369.65;2 372.05;2 359.65;2024.07.30 07:30:23;2 387.73;;;;cancelled
2024.07.30 06:50:36;Buy;3.83;XAUUSD;2 385.46;2 385.58;2 395.46;2024.07.30 06:54:54;2 385.58;-11.49;;45.96;[sl]
2024.07.29 21:15:08;Sell Stop;3.83;XAUUSD;2 369.65;2 372.05;2 359.65;2024.07.29 22:00:49;2 379.05;;;;cancelled
2024.07.29 19:15:07;Buy Stop;3.83;XAUUSD;2 396.78;2 394.38;2 406.78;2024.07.29 22:00:49;2 379.12;;;;cancelled
2024.07.29 15:15:07;Sell Stop;3.83;XAUUSD;2 353.16;2 355.56;2 343.16;2024.07.29 21:15:07;2 379.20;;;;cancelled
2024.07.29 06:00:15;Buy Stop;3.84;XAUUSD;2 403.18;2 400.78;2 413.18;2024.07.29 19:15:07;2 375.35;;;;cancelled
2024.07.29 14:57:02;Sell;3.84;XAUUSD;2 386.98;2 386.98;2 376.98;2024.07.29 15:03:18;2 386.98;-11.52;;0.00;[sl]
2024.07.29 06:00:17;Sell Stop;3.84;XAUUSD;2 353.16;2 355.56;2 343.16;2024.07.29 14:30:00;2 390.61;;;;cancelled
2024.07.26 08:45:02;Buy Stop;3.84;XAUUSD;2 379.47;2 377.07;2 389.47;2024.07.26 15:00:05;2 373.04;;;;cancelled
2024.07.26 06:00:05;Sell Stop;3.84;XAUUSD;2 353.16;2 355.56;2 343.16;2024.07.26 15:00:05;2 372.97;;;;cancelled
2024.07.26 06:00:04;Buy Stop;3.84;XAUUSD;2 382.59;2 380.19;2 392.59;2024.07.26 08:45:01;2 373.12;;;;cancelled
2024.07.25 16:46:14;Buy Stop;3.84;XAUUSD;2 382.59;2 380.19;2 392.59;2024.07.25 22:00:07;2 357.38;;;;cancelled
2024.07.25 06:00:03;Buy Stop;3.83;XAUUSD;2 432.02;2 429.62;2 442.02;2024.07.25 16:46:14;2 368.83;;;;cancelled
2024.07.25 15:04:42;Sell;3.84;XAUUSD;2 365.89;2 365.89;2 355.89;2024.07.25 15:04:59;2 365.89;-11.52;;0.00;[sl]
2024.07.25 10:11:09;Sell;3.83;XAUUSD;2 366.83;2 366.70;2 356.83;2024.07.25 10:12:11;2 366.70;-11.49;;49.79;[sl]
2024.07.24 20:45:07;Buy Stop;3.83;XAUUSD;2 432.02;2 429.62;2 442.02;2024.07.24 22:00:09;2 408.32;;;;cancelled
2024.07.24 20:55:07;Sell;3.84;XAUUSD;2 409.86;2 409.86;2 399.86;2024.07.24 20:55:16;2 409.86;-11.52;;0.00;[sl]
2024.07.24 15:19:05;Buy;3.84;XAUUSD;2 419.22;2 419.22;2 429.22;2024.07.24 15:19:17;2 419.22;-11.52;;0.00;[sl]
2024.07.24 07:30:13;Sell Stop;3.84;XAUUSD;2 404.99;2 407.39;2 394.99;2024.07.24 15:15:10;2 417.24;;;;cancelled
2024.07.24 06:00:10;Sell Stop;3.84;XAUUSD;2 399.60;2 402.00;2 389.60;2024.07.24 07:30:12;2 416.05;;;;cancelled
2024.07.23 17:15:09;Buy Stop;3.84;XAUUSD;2 412.05;2 409.65;2 422.05;2024.07.23 22:00:08;2 405.66;;;;cancelled
2024.07.23 19:45:06;Sell Stop;3.84;XAUUSD;2 399.60;2 402.00;2 389.60;2024.07.23 22:00:07;2 405.61;;;;cancelled
2024.07.23 12:30:01;Sell Stop;3.84;XAUUSD;2 388.30;2 390.70;2 378.30;2024.07.23 19:45:06;2 406.13;;;;cancelled
2024.07.23 06:00:03;Sell Stop;3.84;XAUUSD;2 383.87;2 386.27;2 373.87;2024.07.23 12:30:01;2 404.39;;;;cancelled
2024.07.23 11:43:49;Buy;3.84;XAUUSD;2 404.01;2 404.01;2 414.01;2024.07.23 11:44:00;2 404.01;-11.52;;0.00;[sl]
2024.07.23 06:00:02;Buy Stop;3.84;XAUUSD;2 408.43;2 406.03;2 418.43;2024.07.23 07:30:02;2 398.22;;;;cancelled
2024.07.22 16:45:05;Buy Stop;3.84;XAUUSD;2 408.43;2 406.03;2 418.43;2024.07.22 22:00:09;2 395.64;;;;cancelled
2024.07.22 20:30:02;Sell Stop;3.84;XAUUSD;2 383.87;2 386.27;2 373.87;2024.07.22 22:00:08;2 395.45;;;;cancelled
2024.07.22 07:30:02;Buy Stop;3.83;XAUUSD;2 412.22;2 409.82;2 422.22;2024.07.22 16:45:05;2 393.44;;;;cancelled
2024.07.22 14:49:21;Sell;3.83;XAUUSD;2 399.06;2 398.98;2 389.06;2024.07.22 14:51:19;2 398.98;-11.49;;30.64;[sl]
2024.07.22 06:00:07;Sell Stop;3.83;XAUUSD;2 393.86;2 396.26;2 383.86;2024.07.22 12:15:07;2 402.75;;;;cancelled
2024.07.22 06:00:06;Buy Stop;3.83;XAUUSD;2 469.91;2 467.51;2 479.91;2024.07.22 07:30:01;2 405.02;;;;cancelled
2024.07.19 06:00:01;Buy Stop;3.83;XAUUSD;2 469.91;2 467.51;2 479.91;2024.07.19 15:00:06;2 409.92;;;;cancelled
2024.07.19 09:06:16;Sell;3.83;XAUUSD;2 420.53;2 420.48;2 410.53;2024.07.19 09:06:27;2 420.48;-11.49;;19.15;[sl]
2024.07.18 20:45:06;Buy Stop;3.82;XAUUSD;2 469.91;2 467.51;2 479.91;2024.07.18 22:00:07;2 451.86;;;;cancelled
2024.07.18 21:31:19;Sell;3.82;XAUUSD;2 451.55;2 451.36;2 441.55;2024.07.18 21:31:59;2 451.36;-11.46;;72.58;[sl]
2024.07.18 13:00:21;Buy Stop;3.82;XAUUSD;2 474.95;2 472.55;2 484.95;2024.07.18 20:45:05;2 455.92;;;;cancelled
2024.07.18 06:00:07;Buy Stop;3.82;XAUUSD;2 483.74;2 481.34;2 493.74;2024.07.18 13:00:18;2 464.74;;;;cancelled
2024.07.17 17:15:08;Buy Stop;3.82;XAUUSD;2 478.92;2 476.52;2 488.92;2024.07.17 22:00:10;2 458.23;;;;cancelled
2024.07.17 17:57:18;Sell;3.99;XAUUSD;2 461.86;2 461.78;2 451.86;2024.07.17 17:57:55;2 461.78;-11.97;;31.92;[sl]
2024.07.17 16:59:14;Buy;3.78;XAUUSD;2 482.39;2 482.82;2 492.39;2024.07.17 16:59:19;2 482.82;-11.34;;162.54;[sl]
2024.07.17 16:10:08;Buy;3.99;XAUUSD;2 478.92;2 476.52;2 488.92;2024.07.17 16:14:18;2 476.52;-11.97;;-957.60;[sl]
2024.07.17 08:00:03;Buy Stop;3.99;XAUUSD;2 482.39;2 479.99;2 492.39;2024.07.17 14:15:07;2 468.26;;;;cancelled
2024.07.17 06:00:28;Sell Stop;3.99;XAUUSD;2 429.51;2 431.91;2 419.51;2024.07.17 12:15:04;2 472.23;;;;cancelled
2024.07.16 18:45:09;Sell Stop;3.99;XAUUSD;2 429.51;2 431.91;2 419.51;2024.07.16 22:00:00;2 465.44;;;;cancelled
2024.07.16 06:45:02;Sell Stop;3.90;XAUUSD;2 420.06;2 422.46;2 410.06;2024.07.16 18:45:08;2 463.96;;;;cancelled
2024.07.16 12:22:59;Buy;3.90;XAUUSD;2 439.74;2 440.82;2 449.74;2024.07.16 12:28:15;2 440.82;-11.70;;421.20;[sl]
2024.07.16 06:00:07;Sell Stop;3.90;XAUUSD;2 401.38;2 403.78;2 391.38;2024.07.16 06:45:01;2 427.85;;;;cancelled
2024.07.15 13:00:09;Sell Stop;3.90;XAUUSD;2 401.38;2 403.78;2 391.38;2024.07.15 22:00:13;2 422.37;;;;cancelled
2024.07.15 13:21:34;Buy;3.90;XAUUSD;2 414.01;2 414.01;2 424.01;2024.07.15 13:22:17;2 414.01;-11.70;;0.00;[sl]
2024.07.15 06:00:15;Buy Stop;3.90;XAUUSD;2 418.32;2 415.92;2 428.32;2024.07.15 11:30:06;2 408.47;;;;cancelled
2024.07.15 09:25:24;Sell;3.90;XAUUSD;2 404.99;2 404.89;2 394.99;2024.07.15 09:25:38;2 404.89;-11.70;;39.00;[sl]
2024.07.15 06:00:16;Sell Stop;3.90;XAUUSD;2 391.51;2 393.91;2 381.51;2024.07.15 07:00:08;2 411.79;;;;cancelled
2024.07.12 06:00:05;Buy Stop;3.85;XAUUSD;2 424.60;2 422.20;2 434.60;2024.07.12 15:00:06;2 401.74;;;;cancelled
2024.07.12 13:30:07;Sell Stop;3.90;XAUUSD;2 378.23;2 380.63;2 368.23;2024.07.12 15:00:05;2 401.95;;;;cancelled
2024.07.12 13:28:37;Sell;3.89;XAUUSD;2 400.35;2 400.23;2 390.35;2024.07.12 13:28:38;2 400.23;-11.67;;46.68;[sl]
2024.07.12 08:45:03;Sell Stop;3.89;XAUUSD;2 378.23;2 380.63;2 368.23;2024.07.12 13:15:06;2 402.04;;;;cancelled
2024.07.12 08:37:15;Sell;3.85;XAUUSD;2 406.66;2 406.11;2 396.66;2024.07.12 08:37:55;2 406.11;-11.55;;211.75;[sl]
2024.07.12 06:00:06;Sell Stop;3.85;XAUUSD;2 378.23;2 380.63;2 368.23;2024.07.12 08:15:11;2 407.60;;;;cancelled
2024.07.11 18:30:10;Sell Stop;3.85;XAUUSD;2 378.23;2 380.63;2 368.23;2024.07.11 22:00:21;2 416.21;;;;cancelled
2024.07.11 21:30:18;Buy Stop;3.85;XAUUSD;2 424.60;2 422.20;2 434.60;2024.07.11 22:00:20;2 416.28;;;;cancelled
2024.07.11 06:00:09;Sell Stop;3.19;XAUUSD;2 369.97;2 372.37;2 359.97;2024.07.11 18:30:09;2 420.62;;;;cancelled
2024.07.11 15:30:01;Buy;3.19;XAUUSD;2 384.63;2 382.23;2 394.63;2024.07.11 15:30:13;2 394.63;-9.57;;3 190.00;[tp]
2024.07.11 06:00:08;Buy Stop;3.19;XAUUSD;2 386.71;2 384.31;2 396.71;2024.07.11 15:15:06;2 381.66;;;;cancelled
2024.07.10 19:45:08;Buy Stop;3.19;XAUUSD;2 386.71;2 384.31;2 396.71;2024.07.10 22:00:05;2 372.51;;;;cancelled
2024.07.10 06:00:10;Sell Stop;3.17;XAUUSD;2 349.49;2 351.89;2 339.49;2024.07.10 22:00:05;2 372.39;;;;cancelled
2024.07.10 13:33:55;Buy;3.18;XAUUSD;2 375.02;2 375.19;2 385.02;2024.07.10 13:40:05;2 375.19;-9.54;;54.06;[sl]
2024.07.10 09:50:54;Buy;3.17;XAUUSD;2 371.61;2 371.72;2 381.61;2024.07.10 09:51:05;2 371.72;-9.51;;34.87;[sl]
2024.07.09 20:45:06;Buy Stop;3.17;XAUUSD;2 371.61;2 369.21;2 381.61;2024.07.09 22:00:06;2 364.70;;;;cancelled
2024.07.09 21:15:05;Sell Stop;3.17;XAUUSD;2 349.49;2 351.89;2 339.49;2024.07.09 22:00:05;2 364.61;;;;cancelled
2024.07.09 18:21:08;Sell;3.09;XAUUSD;2 351.12;2 350.32;2 341.12;2024.07.09 18:21:48;2 350.32;-9.27;;247.20;[sl]
2024.07.09 17:00:09;Buy;3.09;XAUUSD;2 368.80;2 369.37;2 378.80;2024.07.09 17:00:23;2 369.37;-9.27;;176.13;[sl]
2024.07.09 14:42:59;Sell;3.09;XAUUSD;2 358.30;2 358.30;2 348.30;2024.07.09 14:43:06;2 358.30;-9.27;;0.00;[sl]
2024.07.09 06:00:22;Sell Stop;3.09;XAUUSD;2 351.12;2 353.52;2 341.12;2024.07.09 14:30:07;2 360.61;;;;cancelled
2024.07.09 06:00:21;Buy Stop;3.09;XAUUSD;2 379.57;2 377.17;2 389.57;2024.07.09 10:15:01;2 362.39;;;;cancelled
2024.07.08 20:00:31;Buy Stop;3.09;XAUUSD;2 379.57;2 377.17;2 389.57;2024.07.08 22:00:00;2 356.76;;;;cancelled
2024.07.08 06:00:06;Buy Stop;3.09;XAUUSD;2 392.94;2 390.54;2 402.94;2024.07.08 20:00:31;2 358.74;;;;cancelled
2024.07.08 18:30:37;Sell;3.09;XAUUSD;2 368.35;2 368.35;2 358.35;2024.07.08 18:32:26;2 368.35;-9.27;;0.00;[sl]
2024.07.08 06:00:07;Sell Stop;3.09;XAUUSD;2 351.93;2 354.33;2 341.93;2024.07.08 15:45:27;2 372.64;;;;cancelled
2024.07.05 06:00:06;Sell Stop;3.09;XAUUSD;2 354.26;2 356.66;2 344.26;2024.07.05 15:00:08;2 366.06;;;;cancelled
2024.07.05 14:15:07;Buy Stop;3.09;XAUUSD;2 368.12;2 365.72;2 378.12;2024.07.05 15:00:07;2 366.13;;;;cancelled
2024.07.04 21:15:08;Sell Stop;3.09;XAUUSD;2 355.49;2 357.89;2 345.49;2024.07.05 01:05:00;2 356.86;;;;cancelled
2024.07.04 20:15:10;Buy Stop;3.09;XAUUSD;2 361.85;2 359.45;2 371.85;2024.07.05 01:05:00;2 356.99;;;;cancelled
2024.07.04 12:30:02;Sell Stop;3.09;XAUUSD;2 350.47;2 352.87;2 340.47;2024.07.04 21:15:08;2 356.58;;;;cancelled
2024.07.04 07:15:06;Buy Stop;3.02;XAUUSD;2 362.50;2 360.10;2 372.50;2024.07.04 20:15:10;2 357.40;;;;cancelled
2024.07.04 09:29:30;Sell;3.02;XAUUSD;2 353.78;2 352.68;2 343.78;2024.07.04 09:30:32;2 352.68;-9.06;;332.20;[sl]
2024.07.04 06:00:05;Buy Stop;3.02;XAUUSD;2 364.99;2 362.59;2 374.99;2024.07.04 07:15:06;2 358.09;;;;cancelled
2024.07.03 08:45:38;Sell Stop;3.02;XAUUSD;2 326.89;2 329.29;2 316.89;2024.07.03 22:00:07;2 356.17;;;;cancelled
2024.07.03 20:45:08;Buy Stop;3.02;XAUUSD;2 364.99;2 362.59;2 374.99;2024.07.03 22:00:06;2 356.22;;;;cancelled
2024.07.03 09:43:44;Buy;3.02;XAUUSD;2 336.82;2 336.93;2 346.82;2024.07.03 09:43:50;2 336.93;-9.06;;33.22;[sl]
2024.07.03 06:00:05;Sell Stop;3.02;XAUUSD;2 319.06;2 321.46;2 309.06;2024.07.03 08:45:37;2 333.76;;;;cancelled
2024.07.02 18:00:06;Sell Stop;3.02;XAUUSD;2 319.06;2 321.46;2 309.06;2024.07.02 22:00:06;2 328.24;;;;cancelled
2024.07.02 19:45:10;Buy Stop;3.02;XAUUSD;2 336.82;2 334.42;2 346.82;2024.07.02 22:00:05;2 328.31;;;;cancelled
2024.07.02 16:42:51;Buy;3.14;XAUUSD;2 332.50;2 333.17;2 342.50;2024.07.02 16:42:57;2 333.17;-9.42;;210.38;[sl]
2024.07.02 15:06:53;Sell;3.14;XAUUSD;2 319.31;2 321.71;2 309.31;2024.07.02 15:08:11;2 321.71;-9.42;;-753.60;[sl]
2024.07.02 08:00:07;Buy Stop;3.11;XAUUSD;2 334.37;2 331.97;2 344.37;2024.07.02 14:45:00;2 321.36;;;;cancelled
2024.07.02 10:16:12;Sell;3.11;XAUUSD;2 324.96;2 324.59;2 314.96;2024.07.02 10:21:42;2 324.59;-9.33;;115.07;[sl]
2024.07.02 06:00:09;Sell Stop;3.11;XAUUSD;2 319.31;2 321.71;2 309.31;2024.07.02 10:00:02;2 330.30;;;;cancelled
2024.07.02 06:00:08;Buy Stop;3.11;XAUUSD;2 338.55;2 336.15;2 348.55;2024.07.02 08:00:07;2 327.30;;;;cancelled
2024.07.01 18:00:07;Buy Stop;3.11;XAUUSD;2 338.55;2 336.15;2 348.55;2024.07.01 22:00:06;2 330.27;;;;cancelled
2024.07.01 20:30:09;Sell Stop;3.11;XAUUSD;2 319.31;2 321.71;2 309.31;2024.07.01 22:00:05;2 330.11;;;;cancelled
2024.07.01 11:30:05;Sell Stop;3.11;XAUUSD;2 318.55;2 320.95;2 308.55;2024.07.01 20:30:08;2 329.05;;;;cancelled
2024.07.01 09:35:13;Buy;3.11;XAUUSD;2 328.61;2 328.64;2 338.61;2024.07.01 09:36:49;2 328.64;-9.33;;9.33;[sl]
2024.07.01 07:34:47;Sell;3.11;XAUUSD;2 322.23;2 322.21;2 312.23;2024.07.01 07:38:57;2 322.21;-9.33;;6.22;[sl]
2024.07.01 06:00:05;Buy Stop;3.11;XAUUSD;2 339.88;2 337.48;2 349.88;2024.07.01 07:30:06;2 324.46;;;;cancelled
2024.07.01 06:00:06;Sell Stop;3.11;XAUUSD;2 319.12;2 321.52;2 309.12;2024.07.01 06:15:00;2 327.37;;;;cancelled
2024.06.28 07:45:09;Sell Stop;3.11;XAUUSD;2 319.12;2 321.52;2 309.12;2024.06.28 15:00:09;2 334.50;;;;cancelled
2024.06.28 10:49:23;Buy;3.11;XAUUSD;2 328.56;2 328.67;2 338.56;2024.06.28 10:49:38;2 328.67;-9.33;;34.21;[sl]
2024.06.27 20:00:13;Buy Stop;3.11;XAUUSD;2 331.00;2 328.60;2 341.00;2024.06.27 22:00:20;2 326.36;;;;cancelled
2024.06.27 12:00:07;Sell Stop;3.11;XAUUSD;2 296.56;2 298.96;2 286.56;2024.06.27 22:00:20;2 326.44;;;;cancelled
2024.06.27 15:02:16;Buy;3.11;XAUUSD;2 318.46;2 318.46;2 328.46;2024.06.27 15:02:25;2 318.46;-9.33;;0.00;[sl]
2024.06.27 06:00:09;Sell Stop;3.08;XAUUSD;2 293.69;2 296.09;2 283.69;2024.06.27 12:00:07;2 307.51;;;;cancelled
2024.06.27 07:05:41;Buy;3.08;XAUUSD;2 300.19;2 300.69;2 310.19;2024.06.27 07:07:55;2 300.69;-9.24;;154.00;[sl]
2024.06.27 06:00:09;Buy Stop;3.08;XAUUSD;2 318.46;2 316.06;2 328.46;2024.06.27 06:30:07;2 298.79;;;;cancelled
2024.06.26 20:30:27;Buy Stop;3.08;XAUUSD;2 318.46;2 316.06;2 328.46;2024.06.26 22:00:04;2 299.14;;;;cancelled
2024.06.26 20:30:28;Sell Stop;3.08;XAUUSD;2 293.69;2 296.09;2 283.69;2024.06.26 22:00:03;2 299.08;;;;cancelled
2024.06.21 13:15:10;Sell Stop;2.45;XAUUSD;2 355.17;2 357.57;2 345.17;2024.06.21 15:00:06;2 366.56;;;;cancelled
2024.06.21 14:37:51;Buy;2.45;XAUUSD;2 368.15;2 368.45;2 378.15;2024.06.21 14:39:16;2 368.45;-7.35;;73.50;[sl]
2024.06.21 10:04:48;Sell;2.46;XAUUSD;2 357.16;2 357.16;2 347.16;2024.06.21 10:04:55;2 357.16;-7.38;;0.00;[sl]
2024.06.21 08:51:54;Buy;2.46;XAUUSD;2 365.50;2 365.50;2 375.50;2024.06.21 08:52:00;2 365.50;-7.38;;0.00;[sl]
2024.06.21 06:00:17;Sell Stop;2.46;XAUUSD;2 331.69;2 334.09;2 321.69;2024.06.21 07:30:11;2 361.69;;;;cancelled
2024.06.20 15:00:12;Sell Stop;2.43;XAUUSD;2 331.69;2 334.09;2 321.69;2024.06.20 22:00:10;2 358.15;;;;cancelled
2024.06.20 21:00:08;Buy Stop;2.46;XAUUSD;2 365.50;2 363.10;2 375.50;2024.06.20 22:00:09;2 358.20;;;;cancelled
2024.06.20 16:48:07;Buy;2.43;XAUUSD;2 345.69;2 346.37;2 355.69;2024.06.20 16:48:30;2 346.37;-7.29;;165.24;[sl]
2024.06.20 06:00:04;Sell Stop;2.43;XAUUSD;2 323.81;2 326.21;2 313.81;2024.06.20 15:00:09;2 339.40;;;;cancelled
2024.06.20 07:30:54;Buy;2.43;XAUUSD;2 339.05;2 339.05;2 349.05;2024.06.20 07:31:18;2 339.05;-7.29;;0.00;[sl]
2024.06.19 14:15:12;Buy Stop;2.43;XAUUSD;2 335.05;2 332.65;2 345.05;2024.06.20 01:05:01;2 330.26;;;;cancelled
2024.06.19 20:00:10;Sell Stop;2.43;XAUUSD;2 323.81;2 326.21;2 313.81;2024.06.20 01:05:00;2 330.10;;;;cancelled
2024.06.19 14:05:40;Sell;2.39;XAUUSD;2 326.56;2 326.12;2 316.56;2024.06.19 14:06:24;2 326.12;-7.17;;105.16;[sl]
2024.06.19 11:00:40;Buy;2.41;XAUUSD;2 333.16;2 333.22;2 343.16;2024.06.19 11:01:01;2 333.22;-7.23;;14.46;[sl]
2024.06.19 10:05:12;Buy;2.39;XAUUSD;2 331.81;2 332.53;2 341.81;2024.06.19 10:05:39;2 332.53;-7.17;;172.08;[sl]
2024.06.19 06:00:11;Buy Stop;2.39;XAUUSD;2 333.16;2 330.76;2 343.16;2024.06.19 09:00:14;2 329.58;;;;cancelled
2024.06.19 06:00:12;Sell Stop;2.39;XAUUSD;2 306.64;2 309.04;2 296.64;2024.06.19 07:00:11;2 328.21;;;;cancelled
2024.06.18 16:45:02;Sell Stop;2.35;XAUUSD;2 306.64;2 309.04;2 296.64;2024.06.18 22:00:16;2 330.80;;;;cancelled
2024.06.18 16:53:02;Buy;2.30;XAUUSD;2 325.70;2 326.69;2 335.70;2024.06.18 16:57:28;2 326.69;-6.90;;227.70;[sl]
2024.06.18 13:25:11;Sell;2.30;XAUUSD;2 310.08;2 308.68;2 300.08;2024.06.18 13:25:39;2 308.68;-6.90;;322.00;[sl]
2024.06.18 06:00:13;Buy Stop;2.30;XAUUSD;2 327.63;2 325.23;2 337.63;2024.06.18 08:45:10;2 321.95;;;;cancelled
2024.06.17 20:30:07;Buy Stop;2.30;XAUUSD;2 327.63;2 325.23;2 337.63;2024.06.17 22:00:11;2 318.11;;;;cancelled
2024.06.17 21:45:06;Sell Stop;2.30;XAUUSD;2 310.08;2 312.48;2 300.08;2024.06.17 22:00:08;2 318.06;;;;cancelled
2024.06.17 06:00:02;Buy Stop;2.24;XAUUSD;2 335.61;2 333.21;2 345.61;2024.06.17 20:30:05;2 314.64;;;;cancelled
2024.06.17 18:33:54;Sell;2.24;XAUUSD;2 315.52;2 313.94;2 305.52;2024.06.17 18:34:49;2 313.94;-6.72;;353.92;[sl]
2024.06.14 06:00:06;Sell Stop;2.24;XAUUSD;2 295.62;2 298.02;2 285.62;2024.06.14 15:00:00;2 332.17;;;;cancelled
2024.06.14 13:21:02;Buy;2.24;XAUUSD;2 326.76;2 326.80;2 336.76;2024.06.14 13:21:07;2 326.80;-6.72;;8.96;[sl]
2024.06.13 18:30:05;Buy Stop;2.18;XAUUSD;2 326.76;2 324.36;2 336.76;2024.06.13 22:00:06;2 303.16;;;;cancelled
2024.06.13 18:47:54;Sell;2.18;XAUUSD;2 303.98;2 302.40;2 293.98;2024.06.13 18:47:59;2 302.40;-6.54;;344.44;[sl]
2024.06.13 06:00:05;Buy Stop;2.18;XAUUSD;2 341.68;2 339.28;2 351.68;2024.06.13 18:30:03;2 308.39;;;;cancelled
2024.06.13 14:39:42;Sell;2.18;XAUUSD;2 308.21;2 308.21;2 298.21;2024.06.13 14:40:23;2 308.21;-6.54;;0.00;[sl]
2024.06.12 14:45:07;Sell Stop;1.87;XAUUSD;2 310.88;2 313.28;2 300.88;2024.06.12 22:00:02;2 322.67;;;;cancelled
2024.06.12 19:00:08;Buy Stop;2.18;XAUUSD;2 341.68;2 339.28;2 351.68;2024.06.12 22:00:01;2 322.54;;;;cancelled
2024.06.12 15:30:01;Buy;1.87;XAUUSD;2 317.78;2 325.11;2 327.78;2024.06.12 15:30:18;2 327.78;-5.61;;1 870.00;[tp]
2024.06.12 10:02:58;Sell Stop;1.87;XAUUSD;2 310.75;2 313.15;2 300.75;2024.06.12 14:45:07;2 313.23;;;;cancelled
2024.06.07 11:00:01;Buy Stop;2.70;XAUUSD;2 387.73;2 385.33;2 397.73;2024.06.07 15:00:01;2 336.56;;;;cancelled
2024.06.07 11:02:21;Sell;2.70;XAUUSD;2 369.45;2 367.81;2 359.45;2024.06.07 11:02:33;2 367.81;-8.10;;442.80;[sl]
2024.06.07 06:00:11;Sell Stop;2.70;XAUUSD;2 353.52;2 355.92;2 343.52;2024.06.07 08:00:07;2 386.41;;;;cancelled
2024.06.06 19:00:16;Sell Stop;2.70;XAUUSD;2 353.52;2 355.92;2 343.52;2024.06.06 22:00:25;2 371.94;;;;cancelled
2024.06.06 21:51:19;Buy Stop;2.70;XAUUSD;2 378.54;2 376.14;2 388.54;2024.06.06 22:00:24;2 372.00;;;;cancelled
2024.06.06 06:00:04;Sell Stop;2.56;XAUUSD;2 325.93;2 328.33;2 315.93;2024.06.06 19:00:16;2 374.82;;;;cancelled
2024.06.06 18:29:10;Buy;2.56;XAUUSD;2 374.97;2 377.13;2 384.97;2024.06.06 18:31:29;2 377.13;-7.68;;552.96;[sl]
2024.06.05 21:45:31;Buy Stop;2.56;XAUUSD;2 357.43;2 355.03;2 367.43;2024.06.05 22:00:23;2 355.64;;;;cancelled
2024.06.05 07:00:07;Sell Stop;2.55;XAUUSD;2 325.93;2 328.33;2 315.93;2024.06.05 22:00:23;2 355.59;;;;cancelled
2024.06.05 15:53:00;Buy;2.55;XAUUSD;2 341.71;2 341.95;2 351.71;2024.06.05 15:53:03;2 341.95;-7.65;;61.20;[sl]
2024.06.05 07:48:21;Buy;2.55;XAUUSD;2 338.02;2 338.02;2 348.02;2024.06.05 07:51:37;2 338.02;-7.65;;0.00;[sl]
2024.06.05 06:00:07;Sell Stop;2.55;XAUUSD;2 315.66;2 318.06;2 305.66;2024.06.05 07:00:06;2 337.27;;;;cancelled
2024.06.04 20:15:14;Sell Stop;2.55;XAUUSD;2 315.66;2 318.06;2 305.66;2024.06.04 22:00:07;2 328.38;;;;cancelled
2024.06.04 19:15:06;Buy Stop;2.55;XAUUSD;2 338.02;2 335.62;2 348.02;2024.06.04 22:00:07;2 328.46;;;;cancelled
2024.06.04 12:15:08;Buy Stop;2.55;XAUUSD;2 351.80;2 349.40;2 361.80;2024.06.04 19:15:06;2 324.64;;;;cancelled
2024.06.04 06:00:09;Buy Stop;2.55;XAUUSD;2 354.75;2 352.35;2 364.75;2024.06.04 12:15:07;2 330.07;;;;cancelled
2024.06.04 10:10:57;Sell;2.55;XAUUSD;2 343.18;2 343.18;2 333.18;2024.06.04 10:22:03;2 343.18;-7.65;;0.00;[sl]
2024.06.04 06:00:10;Sell Stop;2.55;XAUUSD;2 314.76;2 317.16;2 304.76;2024.06.04 07:30:10;2 348.06;;;;cancelled
2024.06.03 12:30:01;Sell Stop;2.51;XAUUSD;2 314.76;2 317.16;2 304.76;2024.06.03 22:00:04;2 348.43;;;;cancelled
2024.06.03 13:42:37;Buy;2.51;XAUUSD;2 331.10;2 331.80;2 341.10;2024.06.03 13:42:45;2 331.80;-7.53;;175.70;[sl]
2024.06.03 06:00:12;Buy Stop;2.51;XAUUSD;2 359.74;2 357.34;2 369.74;2024.06.03 07:15:06;2 322.25;;;;cancelled
2024.06.03 07:02:15;Sell;2.51;XAUUSD;2 320.64;2 320.63;2 310.64;2024.06.03 07:02:28;2 320.63;-7.53;;2.51;[sl]
2024.05.31 09:15:09;Sell Stop;2.51;XAUUSD;2 336.80;2 339.20;2 326.80;2024.05.31 15:00:07;2 343.92;;;;cancelled
2024.05.31 08:00:13;Buy Stop;2.51;XAUUSD;2 347.76;2 345.36;2 357.76;2024.05.31 15:00:07;2 343.97;;;;cancelled
2024.05.31 06:00:06;Buy Stop;2.51;XAUUSD;2 351.86;2 349.46;2 361.86;2024.05.31 08:00:13;2 344.21;;;;cancelled
2024.05.31 06:04:07;Sell;2.51;XAUUSD;2 339.96;2 339.96;2 329.96;2024.05.31 06:04:10;2 339.96;-7.53;;0.00;[sl]
2024.05.30 20:15:06;Buy Stop;2.51;XAUUSD;2 351.86;2 349.46;2 361.86;2024.05.30 22:00:05;2 342.57;;;;cancelled
2024.05.30 11:45:03;Sell Stop;2.48;XAUUSD;2 322.57;2 324.97;2 312.57;2024.05.30 22:00:05;2 342.58;;;;cancelled
2024.05.30 13:59:06;Buy;2.48;XAUUSD;2 339.91;2 340.57;2 349.91;2024.05.30 13:59:40;2 340.57;-7.44;;163.68;[sl]
2024.05.30 08:32:43;Sell;2.48;XAUUSD;2 328.09;2 328.09;2 318.09;2024.05.30 08:32:44;2 328.09;-7.44;;0.00;[sl]
2024.05.30 06:00:07;Buy Stop;2.48;XAUUSD;2 361.35;2 358.95;2 371.35;2024.05.30 07:15:13;2 336.35;;;;cancelled
2024.05.29 11:30:07;Buy Stop;2.48;XAUUSD;2 361.35;2 358.95;2 371.35;2024.05.29 22:00:23;2 338.10;;;;cancelled
2024.05.29 18:45:05;Sell Stop;2.48;XAUUSD;2 334.61;2 337.01;2 324.61;2024.05.29 22:00:22;2 338.03;;;;cancelled
2024.05.29 06:00:08;Buy Stop;2.48;XAUUSD;2 364.11;2 361.71;2 374.11;2024.05.29 11:30:07;2 346.88;;;;cancelled
2024.05.29 09:05:25;Sell;2.48;XAUUSD;2 354.47;2 354.47;2 344.47;2024.05.29 09:07:55;2 354.47;-7.44;;0.00;[sl]
2024.05.29 06:00:09;Sell Stop;2.48;XAUUSD;2 340.35;2 342.75;2 330.35;2024.05.29 08:45:10;2 357.93;;;;cancelled
2024.05.28 14:15:07;Sell Stop;2.64;XAUUSD;2 340.35;2 342.75;2 330.35;2024.05.28 22:00:08;2 357.33;;;;cancelled
2024.05.28 19:15:09;Buy Stop;2.48;XAUUSD;2 364.11;2 361.71;2 374.11;2024.05.28 22:00:07;2 357.40;;;;cancelled
2024.05.28 15:27:17;Buy;2.64;XAUUSD;2 356.41;2 354.01;2 366.41;2024.05.28 15:30:37;2 354.01;-7.92;;-633.60;[sl]
2024.05.28 09:01:24;Sell;2.64;XAUUSD;2 349.21;2 349.21;2 339.21;2024.05.28 09:01:26;2 349.21;-7.92;;0.00;[sl]
2024.05.28 06:00:12;Buy Stop;2.64;XAUUSD;2 358.51;2 356.11;2 368.51;2024.05.28 07:45:02;2 351.51;;;;cancelled
2024.05.28 06:00:13;Sell Stop;2.64;XAUUSD;2 338.17;2 340.57;2 328.17;2024.05.28 07:15:08;2 350.84;;;;cancelled
2024.05.27 20:15:09;Buy Stop;2.64;XAUUSD;2 358.51;2 356.11;2 368.51;2024.05.28 01:05:00;2 352.63;;;;cancelled
2024.05.27 13:30:07;Sell Stop;2.61;XAUUSD;2 338.17;2 340.57;2 328.17;2024.05.28 01:05:00;2 352.41;;;;cancelled
2024.05.27 15:17:32;Buy;2.61;XAUUSD;2 346.25;2 346.83;2 356.25;2024.05.27 15:19:39;2 346.83;-7.83;;151.38;[sl]
2024.05.27 09:15:12;Buy Stop;2.61;XAUUSD;2 347.61;2 345.21;2 357.61;2024.05.27 14:45:11;2 345.28;;;;cancelled
2024.05.27 06:00:28;Sell Stop;2.61;XAUUSD;2 331.92;2 334.32;2 321.92;2024.05.27 13:30:06;2 344.82;;;;cancelled
2024.05.27 06:26:13;Buy;2.61;XAUUSD;2 347.45;2 347.45;2 357.45;2024.05.27 06:29:55;2 347.45;-7.83;;0.00;[sl]
2024.05.24 08:30:08;Sell Stop;2.26;XAUUSD;2 325.43;2 327.83;2 315.43;2024.05.24 15:00:03;2 338.57;;;;cancelled
2024.05.24 07:59:31;Buy;2.54;XAUUSD;2 335.21;2 336.25;2 345.21;2024.05.24 08:30:32;2 336.25;-7.62;;264.16;[sl]
2024.05.24 06:00:10;Buy Stop;2.54;XAUUSD;2 369.97;2 367.57;2 379.97;2024.05.24 07:45:02;2 332.63;;;;cancelled
2024.05.23 19:15:11;Buy Stop;2.54;XAUUSD;2 369.97;2 367.57;2 379.97;2024.05.23 22:00:06;2 334.54;;;;cancelled
2024.05.23 06:00:07;Buy Stop;2.46;XAUUSD;2 419.40;2 417.00;2 429.40;2024.05.23 19:15:10;2 345.59;;;;cancelled
2024.05.23 16:50:16;Sell;2.54;XAUUSD;2 354.90;2 354.84;2 344.90;2024.05.23 16:50:24;2 354.84;-7.62;;15.24;[sl]
2024.05.23 08:38:33;Sell;2.46;XAUUSD;2 366.63;2 365.25;2 356.63;2024.05.23 08:38:48;2 365.25;-7.38;;339.48;[sl]
2024.05.22 16:00:03;Buy Stop;2.41;XAUUSD;2 419.40;2 417.00;2 429.40;2024.05.22 22:00:01;2 377.94;;;;cancelled
2024.05.22 21:22:00;Sell;2.41;XAUUSD;2 382.29;2 381.44;2 372.29;2024.05.22 21:22:12;2 381.44;-7.23;;204.85;[sl]
2024.05.22 08:00:01;Buy Stop;2.39;XAUUSD;2 426.54;2 424.14;2 436.54;2024.05.22 16:00:02;2 412.39;;;;cancelled
2024.05.22 14:38:20;Sell;2.41;XAUUSD;2 410.63;2 410.63;2 400.63;2024.05.22 14:38:39;2 410.63;-7.23;;0.00;[sl]
2024.05.22 11:27:22;Sell;2.39;XAUUSD;2 411.55;2 411.18;2 401.55;2024.05.22 11:28:32;2 411.18;-7.17;;88.43;[sl]
2024.05.22 06:00:01;Buy Stop;2.39;XAUUSD;2 433.95;2 431.55;2 443.95;2024.05.22 08:00:01;2 412.97;;;;cancelled
2024.05.21 21:00:08;Buy Stop;2.39;XAUUSD;2 433.95;2 431.55;2 443.95;2024.05.21 22:00:02;2 420.58;;;;cancelled
2024.05.21 09:15:03;Sell Stop;2.39;XAUUSD;2 406.22;2 408.62;2 396.22;2024.05.21 22:00:02;2 420.55;;;;cancelled
2024.05.21 14:15:08;Buy Stop;2.39;XAUUSD;2 437.37;2 434.97;2 447.37;2024.05.21 21:00:07;2 419.71;;;;cancelled
2024.05.21 14:05:29;Buy;2.39;XAUUSD;2 422.16;2 422.16;2 432.16;2024.05.21 14:05:32;2 422.16;-7.17;;0.00;[sl]
2024.05.21 06:00:06;Buy Stop;2.36;XAUUSD;2 437.37;2 434.97;2 447.37;2024.05.21 13:45:09;2 417.30;;;;cancelled
2024.05.21 06:27:53;Sell;2.36;XAUUSD;2 407.38;2 406.80;2 397.38;2024.05.21 06:27:55;2 406.80;-7.08;;136.88;[sl]
2024.05.20 18:30:03;Sell Stop;2.36;XAUUSD;2 407.38;2 409.78;2 397.38;2024.05.20 22:00:05;2 435.29;;;;cancelled
2024.05.20 11:45:07;Buy Stop;2.36;XAUUSD;2 450.10;2 447.70;2 460.10;2024.05.20 22:00:05;2 435.35;;;;cancelled
2024.05.20 06:00:08;Sell Stop;2.28;XAUUSD;2 373.81;2 376.21;2 363.81;2024.05.20 18:30:03;2 424.57;;;;cancelled
2024.05.20 08:27:40;Buy;2.28;XAUUSD;2 440.71;2 442.07;2 450.71;2024.05.20 08:30:26;2 442.07;-6.84;;310.08;[sl]
2024.05.17 08:45:08;Sell Stop;2.29;XAUUSD;2 373.81;2 376.21;2 363.81;2024.05.17 15:00:06;2 389.50;;;;cancelled
2024.05.17 14:20:58;Buy;2.29;XAUUSD;2 387.87;2 387.87;2 397.87;2024.05.17 14:21:00;2 387.87;-6.87;;0.00;[sl]
2024.05.17 06:00:04;Sell Stop;2.25;XAUUSD;2 370.99;2 373.39;2 360.99;2024.05.17 08:45:07;2 381.23;;;;cancelled
2024.05.17 08:31:55;Buy;2.25;XAUUSD;2 381.27;2 381.86;2 391.27;2024.05.17 08:32:42;2 381.86;-6.75;;132.75;[sl]
2024.05.17 06:00:03;Buy Stop;2.25;XAUUSD;2 397.49;2 395.09;2 407.49;2024.05.17 08:15:07;2 379.87;;;;cancelled
2024.05.16 07:00:07;Buy Stop;2.25;XAUUSD;2 397.49;2 395.09;2 407.49;2024.05.16 22:00:06;2 379.49;;;;cancelled
2024.05.16 20:45:07;Sell Stop;2.25;XAUUSD;2 370.99;2 373.39;2 360.99;2024.05.16 22:00:05;2 379.46;;;;cancelled
2024.05.16 06:00:09;Sell Stop;2.25;XAUUSD;2 351.91;2 354.31;2 341.91;2024.05.16 20:45:07;2 380.49;;;;cancelled
2024.05.15 19:45:03;Sell Stop;2.25;XAUUSD;2 351.91;2 354.31;2 341.91;2024.05.15 22:00:06;2 385.29;;;;cancelled
2024.05.15 16:52:15;Sell;2.19;XAUUSD;2 354.90;2 354.86;2 344.90;2024.05.15 16:52:54;2 354.86;-6.57;;8.76;[sl]
2024.05.15 15:30:07;Buy;2.24;XAUUSD;2 374.34;2 374.65;2 384.34;2024.05.15 15:30:11;2 374.65;-6.72;;69.44;[sl]
2024.05.15 10:05:27;Buy;2.23;XAUUSD;2 361.00;2 361.26;2 371.00;2024.05.15 10:05:27;2 361.26;-6.69;;57.98;[sl]
2024.05.15 06:11:02;Buy;2.19;XAUUSD;2 359.67;2 360.35;2 369.67;2024.05.15 06:44:45;2 360.35;-6.57;;148.92;[sl]
2024.05.14 18:30:10;Sell Stop;2.18;XAUUSD;2 336.39;2 338.79;2 326.39;2024.05.14 22:00:02;2 357.58;;;;cancelled
2024.05.14 21:02:13;Buy;2.18;XAUUSD;2 357.13;2 357.31;2 367.13;2024.05.14 21:02:43;2 357.31;-6.54;;39.24;[sl]
2024.05.14 13:15:08;Sell Stop;2.32;XAUUSD;2 336.11;2 338.51;2 326.11;2024.05.14 18:30:09;2 350.89;;;;cancelled
2024.05.14 15:19:58;Buy;2.32;XAUUSD;2 348.30;2 345.90;2 358.30;2024.05.14 15:22:01;2 345.90;-6.96;;-556.80;[sl]
2024.05.14 06:00:03;Sell Stop;2.32;XAUUSD;2 332.17;2 334.57;2 322.17;2024.05.14 13:15:08;2 347.24;;;;cancelled
2024.05.14 12:04:42;Buy;2.32;XAUUSD;2 345.91;2 345.98;2 355.91;2024.05.14 12:04:51;2 345.98;-6.96;;16.24;[sl]
2024.05.14 06:00:02;Buy Stop;2.32;XAUUSD;2 378.46;2 376.06;2 388.46;2024.05.14 11:30:04;2 338.49;;;;cancelled
2024.05.13 06:00:12;Buy Stop;2.19;XAUUSD;2 378.46;2 376.06;2 388.46;2024.05.13 22:00:10;2 337.62;;;;cancelled
2024.05.13 21:30:09;Sell Stop;2.32;XAUUSD;2 332.17;2 334.57;2 322.17;2024.05.13 22:00:09;2 337.55;;;;cancelled
2024.05.13 18:15:10;Sell Stop;2.32;XAUUSD;2 306.65;2 309.05;2 296.65;2024.05.13 21:30:08;2 336.24;;;;cancelled
2024.05.13 18:03:59;Sell;2.22;XAUUSD;2 338.48;2 336.57;2 328.48;2024.05.13 18:04:04;2 336.57;-6.66;;424.02;[sl]
2024.05.13 08:15:11;Sell Stop;2.22;XAUUSD;2 306.65;2 309.05;2 296.65;2024.05.13 17:00:03;2 344.44;;;;cancelled
2024.05.13 07:32:44;Sell;2.19;XAUUSD;2 354.81;2 354.39;2 344.81;2024.05.13 08:00:11;2 354.39;-6.57;;91.98;[sl]
2024.05.13 06:00:13;Sell Stop;2.19;XAUUSD;2 306.65;2 309.05;2 296.65;2024.05.13 07:30:05;2 355.63;;;;cancelled
2024.05.10 06:00:09;Sell Stop;2.20;XAUUSD;2 306.65;2 309.05;2 296.65;2024.05.10 15:00:07;2 372.41;;;;cancelled
2024.05.10 08:12:33;Buy;2.20;XAUUSD;2 355.86;2 355.86;2 365.86;2024.05.10 08:12:39;2 355.86;-6.60;;0.00;[sl]
2024.05.09 15:45:01;Sell Stop;2.20;XAUUSD;2 306.65;2 309.05;2 296.65;2024.05.09 22:00:08;2 337.66;;;;cancelled
2024.05.09 20:15:07;Buy Stop;2.20;XAUUSD;2 338.84;2 336.44;2 348.84;2024.05.09 22:00:07;2 337.71;;;;cancelled
2024.05.09 15:30:00;Buy;2.19;XAUUSD;2 319.82;2 319.93;2 329.82;2024.05.09 15:30:19;2 319.93;-6.57;;24.09;[sl]
2024.05.09 06:00:07;Buy Stop;2.33;XAUUSD;2 321.12;2 318.72;2 331.12;2024.05.09 11:30:08;2 311.39;;;;cancelled
2024.05.09 10:46:01;Sell;2.33;XAUUSD;2 307.76;2 310.16;2 297.76;2024.05.09 10:55:52;2 310.16;-6.99;;-559.20;[sl]
2024.05.09 06:00:08;Sell Stop;2.33;XAUUSD;2 303.70;2 306.10;2 293.70;2024.05.09 08:00:05;2 314.62;;;;cancelled
2024.05.08 14:00:03;Sell Stop;2.30;XAUUSD;2 303.70;2 306.10;2 293.70;2024.05.08 22:00:02;2 312.72;;;;cancelled
2024.05.08 18:45:07;Buy Stop;2.33;XAUUSD;2 321.49;2 319.09;2 331.49;2024.05.08 22:00:01;2 312.73;;;;cancelled
2024.05.08 18:36:27;Buy;2.30;XAUUSD;2 319.13;2 319.73;2 329.13;2024.05.08 18:37:24;2 319.73;-6.90;;138.00;[sl]
2024.05.08 11:30:01;Buy Stop;2.30;XAUUSD;2 321.49;2 319.09;2 331.49;2024.05.08 18:00:01;2 315.72;;;;cancelled
2024.05.08 06:00:02;Buy Stop;2.25;XAUUSD;2 323.76;2 321.36;2 333.76;2024.05.08 11:30:01;2 304.41;;;;cancelled
2024.05.08 10:59:06;Sell;2.25;XAUUSD;2 306.97;2 306.05;2 296.97;2024.05.08 10:59:27;2 306.05;-6.75;;207.00;[sl]
2024.05.07 19:15:08;Buy Stop;2.25;XAUUSD;2 323.76;2 321.36;2 333.76;2024.05.07 22:00:06;2 314.85;;;;cancelled
2024.05.07 18:00:07;Sell Stop;2.25;XAUUSD;2 310.00;2 312.40;2 300.00;2024.05.07 22:00:06;2 314.75;;;;cancelled
2024.05.07 06:00:02;Buy Stop;2.18;XAUUSD;2 332.15;2 329.75;2 342.15;2024.05.07 19:15:08;2 313.59;;;;cancelled
2024.05.07 15:15:07;Sell Stop;2.25;XAUUSD;2 291.87;2 294.27;2 281.87;2024.05.07 18:00:06;2 314.79;;;;cancelled
2024.05.07 15:00:41;Sell;2.18;XAUUSD;2 311.75;2 310.38;2 301.75;2024.05.07 15:00:56;2 310.38;-6.54;;298.66;[sl]
2024.05.07 09:15:05;Sell Stop;2.18;XAUUSD;2 291.87;2 294.27;2 281.87;2024.05.07 14:00:06;2 315.45;;;;cancelled
2024.05.07 09:01:44;Sell;2.18;XAUUSD;2 319.64;2 319.62;2 309.64;2024.05.07 09:07:31;2 319.62;-6.54;;4.36;[sl]
2024.05.07 06:00:03;Sell Stop;2.18;XAUUSD;2 291.87;2 294.27;2 281.87;2024.05.07 08:15:04;2 322.77;;;;cancelled
2024.05.06 19:30:05;Buy Stop;2.18;XAUUSD;2 332.15;2 329.75;2 342.15;2024.05.06 22:00:10;2 326.15;;;;cancelled
2024.05.06 06:15:09;Sell Stop;2.14;XAUUSD;2 291.87;2 294.27;2 281.87;2024.05.06 22:00:10;2 326.08;;;;cancelled
2024.05.06 15:44:01;Buy;2.15;XAUUSD;2 324.26;2 324.72;2 334.26;2024.05.06 15:44:17;2 324.72;-6.45;;98.90;[sl]
2024.05.06 10:26:47;Buy;2.14;XAUUSD;2 315.45;2 315.68;2 325.45;2024.05.06 10:26:58;2 315.68;-6.42;;49.22;[sl]
2024.05.06 06:00:01;Sell Stop;2.14;XAUUSD;2 277.29;2 279.69;2 267.29;2024.05.06 06:15:09;2 309.61;;;;cancelled
2024.05.03 11:00:06;Buy Stop;2.12;XAUUSD;2 308.81;2 306.41;2 318.81;2024.05.03 15:00:05;2 298.46;;;;cancelled
2024.05.03 14:12:43;Sell;2.12;XAUUSD;2 297.82;2 297.31;2 287.82;2024.05.03 14:13:24;2 297.31;-6.36;;108.12;[sl]
2024.05.03 06:00:02;Buy Stop;2.11;XAUUSD;2 309.47;2 307.07;2 319.47;2024.05.03 11:00:05;2 299.04;;;;cancelled
2024.05.03 09:54:23;Sell;2.11;XAUUSD;2 299.67;2 299.40;2 289.67;2024.05.03 09:57:12;2 299.40;-6.33;;56.97;[sl]
2024.05.03 06:00:03;Sell Stop;2.11;XAUUSD;2 285.51;2 287.91;2 275.51;2024.05.03 08:15:03;2 307.50;;;;cancelled
2024.05.02 06:00:06;Buy Stop;2.11;XAUUSD;2 328.34;2 325.94;2 338.34;2024.05.02 22:00:07;2 308.15;;;;cancelled
2024.05.02 19:45:08;Sell Stop;2.11;XAUUSD;2 285.51;2 287.91;2 275.51;2024.05.02 22:00:06;2 308.10;;;;cancelled
2024.05.02 06:00:07;Sell Stop;2.11;XAUUSD;2 281.63;2 284.03;2 271.63;2024.05.02 19:45:08;2 303.33;;;;cancelled
2024.05.01 10:15:05;Sell Stop;2.00;XAUUSD;2 281.63;2 284.03;2 271.63;2024.05.01 22:00:05;2 325.25;;;;cancelled
2024.05.01 21:30:02;Buy Stop;2.11;XAUUSD;2 346.77;2 344.37;2 356.77;2024.05.01 22:00:04;2 325.71;;;;cancelled
2024.05.01 21:29:00;Buy;2.04;XAUUSD;2 310.53;2 311.89;2 320.53;2024.05.01 21:29:05;2 311.89;-6.12;;277.44;[sl]
2024.05.01 13:00:04;Buy Stop;2.04;XAUUSD;2 346.77;2 344.37;2 356.77;2024.05.01 20:00:02;2 303.92;;;;cancelled
2024.05.01 12:36:05;Buy;2.00;XAUUSD;2 289.79;2 290.60;2 299.79;2024.05.01 12:45:41;2 290.60;-6.00;;162.00;[sl]
2024.05.01 06:00:03;Buy Stop;2.13;XAUUSD;2 346.77;2 344.37;2 356.77;2024.05.01 12:30:07;2 287.47;;;;cancelled
2024.05.01 06:21:50;Sell;2.13;XAUUSD;2 285.08;2 287.48;2 275.08;2024.05.01 06:29:45;2 287.48;-6.39;;-511.20;[sl]
2024.04.30 06:00:07;Buy Stop;2.13;XAUUSD;2 346.77;2 344.37;2 356.77;2024.04.30 22:00:06;2 290.24;;;;cancelled
2024.04.30 14:45:51;Sell;2.13;XAUUSD;2 310.70;2 310.63;2 300.70;2024.04.30 14:45:54;2 310.63;-6.39;;14.91;[sl]
2024.04.30 07:30:26;Sell;2.13;XAUUSD;2 325.64;2 325.64;2 315.64;2024.04.30 07:30:30;2 325.64;-6.39;;0.00;[sl]
2024.04.29 19:30:08;Sell Stop;2.13;XAUUSD;2 325.64;2 328.04;2 315.64;2024.04.29 22:00:04;2 340.18;;;;cancelled
2024.04.29 07:30:08;Sell Stop;2.11;XAUUSD;2 319.80;2 322.20;2 309.80;2024.04.29 19:30:07;2 344.53;;;;cancelled
2024.04.29 19:22:47;Buy;2.11;XAUUSD;2 344.41;2 344.74;2 354.41;2024.04.29 19:22:53;2 344.74;-6.33;;69.63;[sl]
2024.04.29 06:00:06;Buy Stop;2.11;XAUUSD;2 352.55;2 350.15;2 362.55;2024.04.29 15:45:07;2 329.69;;;;cancelled
2024.04.26 07:00:09;Sell Stop;2.03;XAUUSD;2 326.35;2 328.75;2 316.35;2024.04.26 15:00:12;2 344.50;;;;cancelled
2024.04.26 10:20:56;Buy;2.03;XAUUSD;2 344.86;2 346.46;2 354.86;2024.04.26 10:20:59;2 346.46;-6.09;;324.80;[sl]
2024.04.26 06:00:04;Sell Stop;2.03;XAUUSD;2 312.81;2 315.21;2 302.81;2024.04.26 07:00:07;2 334.68;;;;cancelled
2024.04.25 20:30:01;Buy Stop;2.03;XAUUSD;2 344.86;2 342.46;2 354.86;2024.04.25 22:00:01;2 333.01;;;;cancelled
2024.04.25 19:15:01;Sell Stop;2.03;XAUUSD;2 312.81;2 315.21;2 302.81;2024.04.25 22:00:01;2 332.97;;;;cancelled
2024.04.25 09:00:07;Sell Stop;1.99;XAUUSD;2 305.15;2 307.55;2 295.15;2024.04.25 19:15:00;2 330.17;;;;cancelled
2024.04.25 14:03:18;Buy;2.03;XAUUSD;2 328.92;2 328.94;2 338.92;2024.04.25 14:03:42;2 328.94;-6.09;;4.06;[sl]
2024.04.25 09:51:59;Buy;1.99;XAUUSD;2 322.09;2 322.92;2 332.09;2024.04.25 09:52:00;2 322.92;-5.97;;165.17;[sl]
2024.04.25 06:00:06;Buy Stop;2.12;XAUUSD;2 337.32;2 334.92;2 347.32;2024.04.25 08:30:05;2 316.93;;;;cancelled
2024.04.25 06:10:10;Sell;2.12;XAUUSD;2 313.72;2 316.12;2 303.72;2024.04.25 06:11:04;2 316.12;-6.36;;-508.80;[sl]
2024.04.24 15:30:01;Sell Stop;2.05;XAUUSD;2 311.83;2 314.23;2 301.83;2024.04.24 22:00:01;2 320.55;;;;cancelled
2024.04.24 21:00:07;Buy Stop;2.12;XAUUSD;2 337.32;2 334.92;2 347.32;2024.04.24 22:00:00;2 320.60;;;;cancelled
2024.04.24 18:00:01;Buy;1.95;XAUUSD;2 331.35;2 332.91;2 341.35;2024.04.24 18:00:15;2 332.91;-5.85;;304.20;[sl]
2024.04.24 12:19:07;Sell;1.95;XAUUSD;2 315.80;2 313.74;2 305.80;2024.04.24 12:19:13;2 313.74;-5.85;;401.70;[sl]
2024.04.24 06:00:09;Buy Stop;1.95;XAUUSD;2 332.13;2 329.73;2 342.13;2024.04.24 12:00:12;2 319.07;;;;cancelled
2024.04.24 06:00:10;Sell Stop;1.95;XAUUSD;2 291.40;2 293.80;2 281.40;2024.04.24 08:00:04;2 326.61;;;;cancelled
2024.04.23 15:15:02;Sell Stop;1.95;XAUUSD;2 291.40;2 293.80;2 281.40;2024.04.23 22:00:02;2 324.36;;;;cancelled
2024.04.23 20:00:03;Buy Stop;1.95;XAUUSD;2 332.13;2 329.73;2 342.13;2024.04.23 22:00:01;2 324.42;;;;cancelled
2024.04.23 07:15:14;Buy Stop;1.92;XAUUSD;2 334.47;2 332.07;2 344.47;2024.04.23 20:00:02;2 330.38;;;;cancelled
2024.04.23 12:17:26;Sell;1.92;XAUUSD;2 295.58;2 294.95;2 285.58;2024.04.23 12:17:29;2 294.95;-5.76;;120.96;[sl]
2024.04.23 06:00:07;Buy Stop;1.92;XAUUSD;2 401.97;2 399.57;2 411.97;2024.04.23 07:15:14;2 305.27;;;;cancelled
2024.04.22 06:00:04;Buy Stop;1.84;XAUUSD;2 401.97;2 399.57;2 411.97;2024.04.22 22:00:05;2 327.54;;;;cancelled
2024.04.22 14:07:41;Sell;1.84;XAUUSD;2 351.58;2 349.71;2 341.58;2024.04.22 14:08:00;2 349.71;-5.52;;344.08;[sl]
2024.04.19 07:45:12;Buy Stop;1.84;XAUUSD;2 417.95;2 415.55;2 427.95;2024.04.19 15:00:02;2 376.99;;;;cancelled
2024.04.19 06:00:02;Sell Stop;1.84;XAUUSD;2 369.64;2 372.04;2 359.64;2024.04.19 15:00:02;2 376.93;;;;cancelled
2024.04.18 20:15:07;Buy Stop;1.84;XAUUSD;2 387.51;2 385.11;2 397.51;2024.04.18 22:00:11;2 381.50;;;;cancelled
2024.04.18 20:30:11;Sell Stop;1.84;XAUUSD;2 369.64;2 372.04;2 359.64;2024.04.18 22:00:10;2 381.35;;;;cancelled
2024.04.18 06:00:11;Sell Stop;1.79;XAUUSD;2 354.56;2 356.96;2 344.56;2024.04.18 20:30:10;2 383.39;;;;cancelled
2024.04.18 19:55:28;Buy;1.83;XAUUSD;2 387.51;2 387.59;2 397.51;2024.04.18 19:57:04;2 387.59;-5.49;;14.64;[sl]
2024.04.18 19:35:30;Buy;1.83;XAUUSD;2 387.51;2 387.51;2 397.51;2024.04.18 19:35:38;2 387.51;-5.49;;0.00;[sl]
2024.04.18 13:30:10;Buy Stop;1.83;XAUUSD;2 395.62;2 393.22;2 405.62;2024.04.18 18:00:01;2 379.99;;;;cancelled
2024.04.18 13:24:45;Buy;1.79;XAUUSD;2 381.04;2 382.17;2 391.04;2024.04.18 13:25:58;2 382.17;-5.37;;202.27;[sl]
2024.04.18 06:00:10;Buy Stop;1.79;XAUUSD;2 395.62;2 393.22;2 405.62;2024.04.18 13:00:04;2 379.57;;;;cancelled
2024.04.17 20:45:09;Buy Stop;1.79;XAUUSD;2 395.62;2 393.22;2 405.62;2024.04.17 22:00:17;2 374.38;;;;cancelled
2024.04.17 19:32:47;Sell;1.71;XAUUSD;2 378.37;2 376.58;2 368.37;2024.04.17 19:33:01;2 376.58;-5.13;;306.09;[sl]
2024.04.17 12:15:11;Sell Stop;1.71;XAUUSD;2 372.77;2 375.17;2 362.77;2024.04.17 18:30:04;2 385.90;;;;cancelled
2024.04.17 16:45:22;Buy;1.71;XAUUSD;2 394.36;2 394.36;2 404.36;2024.04.17 16:46:28;2 394.36;-5.13;;0.00;[sl]
2024.04.17 06:00:04;Buy Stop;1.71;XAUUSD;2 398.30;2 395.90;2 408.30;2024.04.17 15:00:12;2 386.99;;;;cancelled
2024.04.17 08:45:10;Sell Stop;1.71;XAUUSD;2 363.56;2 365.96;2 353.56;2024.04.17 12:15:10;2 393.79;;;;cancelled
2024.04.17 08:31:49;Sell;1.71;XAUUSD;2 378.40;2 378.29;2 368.40;2024.04.17 08:32:03;2 378.29;-5.13;;18.81;[sl]
2024.04.16 20:15:04;Sell Stop;1.71;XAUUSD;2 363.56;2 365.96;2 353.56;2024.04.16 22:00:02;2 392.45;;;;cancelled
2024.04.16 13:45:05;Sell Stop;1.70;XAUUSD;2 363.04;2 365.44;2 353.04;2024.04.16 20:15:03;2 390.43;;;;cancelled
2024.04.16 18:04:16;Buy;1.63;XAUUSD;2 389.37;2 389.51;2 399.37;2024.04.16 18:04:45;2 389.51;-4.89;;22.82;[sl]
2024.04.16 09:31:53;Sell;1.63;XAUUSD;2 378.99;2 377.21;2 368.99;2024.04.16 09:31:58;2 377.21;-4.89;;290.14;[sl]
2024.04.16 06:00:06;Buy Stop;1.63;XAUUSD;2 392.22;2 389.82;2 402.22;2024.04.16 09:30:10;2 381.29;;;;cancelled
2024.04.16 06:00:08;Sell Stop;1.63;XAUUSD;2 324.29;2 326.69;2 314.29;2024.04.16 07:15:06;2 386.20;;;;cancelled
2024.04.15 20:00:08;Sell Stop;1.62;XAUUSD;2 324.29;2 326.69;2 314.29;2024.04.15 22:00:02;2 375.52;;;;cancelled
2024.04.15 20:26:15;Buy;1.73;XAUUSD;2 361.31;2 361.59;2 371.31;2024.04.15 20:26:19;2 361.59;-5.19;;48.44;[sl]
2024.04.15 17:06:54;Sell;1.73;XAUUSD;2 333.81;2 336.21;2 323.81;2024.04.15 17:07:13;2 336.21;-5.19;;-415.20;[sl]
2024.04.15 06:00:07;Buy Stop;1.73;XAUUSD;2 431.50;2 429.10;2 441.50;2024.04.15 17:00:09;2 348.89;;;;cancelled
2024.04.12 06:00:07;Sell Stop;1.72;XAUUSD;2 325.69;2 328.09;2 315.69;2024.04.12 15:00:03;2 395.72;;;;cancelled
2024.04.12 14:00:05;Buy Stop;1.73;XAUUSD;2 400.67;2 398.27;2 410.67;2024.04.12 15:00:02;2 395.85;;;;cancelled
2024.04.12 10:03:29;Buy;1.72;XAUUSD;2 395.45;2 395.58;2 405.45;2024.04.12 10:09:03;2 395.58;-5.16;;22.36;[sl]
2024.04.11 14:45:10;Sell Stop;1.72;XAUUSD;2 325.69;2 328.09;2 315.69;2024.04.11 22:00:00;2 361.55;;;;cancelled
2024.04.11 20:08:15;Buy;1.72;XAUUSD;2 352.41;2 352.41;2 362.41;2024.04.11 20:08:23;2 352.41;-5.16;;0.00;[sl]
2024.04.11 06:00:09;Sell Stop;1.72;XAUUSD;2 319.41;2 321.81;2 309.41;2024.04.11 14:45:09;2 336.92;;;;cancelled
2024.04.10 19:30:07;Sell Stop;1.72;XAUUSD;2 319.41;2 321.81;2 309.41;2024.04.10 22:00:04;2 327.64;;;;cancelled
2024.04.10 20:15:07;Buy Stop;1.72;XAUUSD;2 352.41;2 350.01;2 362.41;2024.04.10 22:00:03;2 327.71;;;;cancelled
2024.04.10 11:30:02;Buy Stop;1.38;XAUUSD;2 360.16;2 357.76;2 370.16;2024.04.10 20:15:07;2 329.08;;;;cancelled
2024.04.10 15:30:02;Sell;1.38;XAUUSD;2 344.78;2 336.20;2 334.78;2024.04.10 15:30:22;2 334.78;-4.14;;1 380.00;[tp]
2024.04.10 07:31:30;Buy;1.38;XAUUSD;2 355.62;2 355.62;2 365.62;2024.04.10 07:31:30;2 355.62;-4.14;;0.00;[sl]
2024.04.10 06:00:03;Sell Stop;1.38;XAUUSD;2 338.32;2 340.72;2 328.32;2024.04.10 07:00:08;2 351.21;;;;cancelled
2024.04.09 15:15:10;Buy Stop;1.38;XAUUSD;2 365.35;2 362.95;2 375.35;2024.04.09 22:00:07;2 349.60;;;;cancelled
2024.04.09 21:45:06;Sell Stop;1.38;XAUUSD;2 338.32;2 340.72;2 328.32;2024.04.09 22:00:06;2 349.51;;;;cancelled
2024.04.09 06:00:05;Sell Stop;1.36;XAUUSD;2 318.73;2 321.13;2 308.73;2024.04.09 21:45:06;2 349.09;;;;cancelled
2024.04.09 10:13:15;Buy;1.36;XAUUSD;2 348.47;2 349.01;2 358.47;2024.04.09 10:13:21;2 349.01;-4.08;;73.44;[sl]
2024.04.09 06:00:04;Buy Stop;1.36;XAUUSD;2 354.09;2 351.69;2 364.09;2024.04.09 07:30:06;2 345.18;;;;cancelled
2024.04.08 08:30:07;Buy Stop;1.36;XAUUSD;2 354.09;2 351.69;2 364.09;2024.04.08 22:00:01;2 339.09;;;;cancelled
2024.04.08 20:00:03;Sell Stop;1.36;XAUUSD;2 318.73;2 321.13;2 308.73;2024.04.08 22:00:00;2 339.03;;;;cancelled
2024.04.08 07:00:05;Sell Stop;1.36;XAUUSD;2 302.90;2 305.30;2 292.90;2024.04.08 20:00:02;2 328.65;;;;cancelled
2024.04.08 06:00:06;Sell Stop;1.36;XAUUSD;2 280.43;2 282.83;2 270.43;2024.04.08 07:00:05;2 345.23;;;;cancelled
2024.04.05 06:00:06;Buy Stop;1.36;XAUUSD;2 305.60;2 303.20;2 315.60;2024.04.05 15:00:05;2 291.32;;;;cancelled
2024.04.05 07:30:09;Sell Stop;1.36;XAUUSD;2 267.81;2 270.21;2 257.81;2024.04.05 15:00:04;2 291.17;;;;cancelled
2024.04.04 18:30:03;Sell Stop;1.35;XAUUSD;2 282.79;2 285.19;2 272.79;2024.04.04 22:00:02;2 304.33;;;;cancelled
2024.04.04 21:56:31;Buy;1.36;XAUUSD;2 304.99;2 305.11;2 314.99;2024.04.04 21:57:21;2 305.11;-4.08;;16.32;[sl]
2024.04.04 21:19:17;Buy;1.35;XAUUSD;2 299.42;2 299.61;2 309.42;2024.04.04 21:20:08;2 299.61;-4.05;;25.65;[sl]
2024.04.04 07:00:05;Buy Stop;1.35;XAUUSD;2 304.99;2 302.59;2 314.99;2024.04.04 20:30:04;2 289.74;;;;cancelled
2024.04.04 06:00:05;Sell Stop;1.35;XAUUSD;2 265.47;2 267.87;2 255.47;2024.04.04 18:30:02;2 293.20;;;;cancelled
2024.04.03 18:16:11;Sell Stop;1.44;XAUUSD;2 265.47;2 267.87;2 255.47;2024.04.03 22:00:00;2 296.49;;;;cancelled
2024.04.03 19:22:12;Buy;1.36;XAUUSD;2 288.38;2 288.38;2 298.38;2024.04.03 19:22:16;2 288.38;-4.08;;0.00;[sl]
2024.04.03 18:36:23;Buy;1.44;XAUUSD;2 288.38;2 285.98;2 298.38;2024.04.03 18:37:52;2 285.98;-4.32;;-345.60;[sl]
2024.04.03 15:30:01;Sell Stop;1.44;XAUUSD;2 250.79;2 253.19;2 240.79;2024.04.03 18:16:10;2 284.45;;;;cancelled
2024.04.03 15:22:45;Sell;1.44;XAUUSD;2 267.67;2 267.67;2 257.67;2024.04.03 15:23:25;2 267.67;-4.32;;0.00;[sl]
2024.04.03 06:00:09;Sell Stop;1.44;XAUUSD;2 250.79;2 253.19;2 240.79;2024.04.03 14:00:04;2 273.05;;;;cancelled
2024.04.02 21:30:04;Sell Stop;1.44;XAUUSD;2 250.79;2 253.19;2 240.79;2024.04.02 22:00:05;2 271.63;;;;cancelled
2024.04.02 20:15:05;Buy Stop;1.44;XAUUSD;2 277.03;2 274.63;2 287.03;2024.04.02 22:00:05;2 271.72;;;;cancelled
2024.04.02 18:32:22;Sell;1.43;XAUUSD;2 253.26;2 252.73;2 243.26;2024.04.02 18:32:23;2 252.73;-4.29;;75.79;[sl]
2024.04.02 08:20:37;Sell Stop;1.46;XAUUSD;2 228.53;2 230.93;2 218.53;2024.04.02 18:30:05;2 255.01;;;;cancelled
2024.04.02 17:03:21;Buy;1.43;XAUUSD;2 266.83;2 266.88;2 276.83;2024.04.02 17:03:22;2 266.88;-4.29;;7.15;[sl]
2024.04.02 16:49:01;Buy;1.52;XAUUSD;2 266.83;2 264.43;2 276.83;2024.04.02 16:50:36;2 264.43;-4.56;;-364.80;[sl]
2024.04.02 12:31:36;Buy;1.49;XAUUSD;2 265.75;2 266.49;2 275.75;2024.04.02 12:31:47;2 266.49;-4.47;;110.26;[sl]
2024.04.02 11:06:15;Buy;1.46;XAUUSD;2 259.86;2 260.68;2 269.86;2024.04.02 11:06:19;2 260.68;-4.38;;119.72;[sl]
2024.04.02 08:20:36;Buy Stop;1.46;XAUUSD;2 265.75;2 263.35;2 275.75;2024.04.02 10:45:05;2 255.69;;;;cancelled
2024.04.01 10:00:07;Buy Stop;1.46;XAUUSD;2 265.75;2 263.35;2 275.75;2024.04.01 21:00:06;2 239.40;;;;cancelled
2024.04.01 20:30:08;Sell Stop;1.46;XAUUSD;2 228.53;2 230.93;2 218.53;2024.04.01 21:00:05;2 239.36;;;;cancelled
2024.04.01 05:00:07;Sell Stop;1.46;XAUUSD;2 190.89;2 193.29;2 180.89;2024.04.01 20:30:07;2 237.25;;;;cancelled
2024.03.28 14:00:04;Sell Stop;1.46;XAUUSD;2 190.89;2 193.29;2 180.89;2024.03.28 21:00:06;2 222.00;;;;cancelled
2024.03.28 19:23:41;Buy;1.46;XAUUSD;2 217.17;2 217.31;2 227.17;2024.03.28 19:23:52;2 217.31;-4.38;;20.44;[sl]
2024.03.28 06:00:06;Sell Stop;1.30;XAUUSD;2 187.42;2 189.82;2 177.42;2024.03.28 14:00:04;2 212.19;;;;cancelled
2024.03.28 13:17:37;Buy;1.31;XAUUSD;2 200.70;2 205.40;2 210.70;2024.03.28 13:22:24;2 205.40;-3.93;;615.70;[sl]
2024.03.28 08:43:10;Buy;1.30;XAUUSD;2 197.65;2 197.73;2 207.65;2024.03.28 08:43:13;2 197.73;-3.90;;10.40;[sl]
2024.03.28 05:00:12;Sell Stop;1.30;XAUUSD;2 173.12;2 175.52;2 163.12;2024.03.28 06:00:06;2 194.97;;;;cancelled
2024.03.27 07:30:14;Sell Stop;1.28;XAUUSD;2 173.12;2 175.52;2 163.12;2024.03.27 21:00:06;2 190.48;;;;cancelled
2024.03.27 17:30:05;Buy Stop;1.30;XAUUSD;2 197.65;2 195.25;2 207.65;2024.03.27 21:00:05;2 190.53;;;;cancelled
2024.03.27 11:15:35;Buy;1.28;XAUUSD;2 181.76;2 182.46;2 191.76;2024.03.27 11:18:04;2 182.46;-3.84;;89.60;[sl]
2024.03.27 05:00:01;Buy Stop;1.28;XAUUSD;2 200.10;2 197.70;2 210.10;2024.03.27 09:15:01;2 178.80;;;;cancelled
2024.03.27 05:00:02;Sell Stop;1.28;XAUUSD;2 171.71;2 174.11;2 161.71;2024.03.27 07:30:14;2 179.55;;;;cancelled
2024.03.26 16:45:07;Buy Stop;1.28;XAUUSD;2 200.10;2 197.70;2 210.10;2024.03.26 21:00:03;2 176.77;;;;cancelled
2024.03.26 07:45:07;Sell Stop;1.28;XAUUSD;2 167.65;2 170.05;2 157.65;2024.03.26 21:00:03;2 176.72;;;;cancelled
2024.03.26 11:16:27;Buy;1.28;XAUUSD;2 174.50;2 174.75;2 184.50;2024.03.26 11:16:32;2 174.75;-3.84;;32.00;[sl]
2024.03.26 05:00:07;Buy Stop;1.28;XAUUSD;2 181.34;2 178.94;2 191.34;2024.03.26 06:30:04;2 170.66;;;;cancelled
2024.03.25 13:00:05;Sell Stop;1.24;XAUUSD;2 163.59;2 165.99;2 153.59;2024.03.25 21:00:07;2 174.65;;;;cancelled
2024.03.25 19:30:12;Buy Stop;1.28;XAUUSD;2 181.34;2 178.94;2 191.34;2024.03.25 21:00:06;2 174.71;;;;cancelled
2024.03.25 16:36:59;Buy;1.24;XAUUSD;2 178.36;2 179.55;2 188.36;2024.03.25 16:41:57;2 179.55;-3.72;;147.56;[sl]
2024.03.25 05:00:03;Sell Stop;1.24;XAUUSD;2 157.19;2 159.59;2 147.19;2024.03.25 13:00:04;2 168.57;;;;cancelled
2024.03.25 05:00:02;Buy Stop;1.24;XAUUSD;2 180.13;2 177.73;2 190.13;2024.03.25 08:30:01;2 168.71;;;;cancelled
2024.03.22 06:30:05;Buy Stop;1.24;XAUUSD;2 186.10;2 183.70;2 196.10;2024.03.22 14:00:03;2 167.30;;;;cancelled
2024.03.22 13:15:20;Sell Stop;1.24;XAUUSD;2 162.61;2 165.01;2 152.61;2024.03.22 14:00:02;2 167.25;;;;cancelled
2024.03.22 10:18:05;Sell;1.24;XAUUSD;2 166.43;2 166.27;2 156.43;2024.03.22 10:18:28;2 166.27;-3.72;;19.84;[sl]
2024.03.22 09:48:07;Sell;1.24;XAUUSD;2 171.83;2 171.83;2 161.83;2024.03.22 09:48:24;2 171.83;-3.72;;0.00;[sl]
2024.03.22 05:00:06;Sell Stop;1.24;XAUUSD;2 166.43;2 168.83;2 156.43;2024.03.22 08:30:05;2 174.27;;;;cancelled
2024.03.22 05:00:05;Buy Stop;1.24;XAUUSD;2 211.77;2 209.37;2 221.77;2024.03.22 06:30:04;2 174.11;;;;cancelled
2024.03.21 16:15:04;Buy Stop;1.21;XAUUSD;2 211.77;2 209.37;2 221.77;2024.03.21 21:00:05;2 181.26;;;;cancelled
2024.03.21 16:47:34;Sell;1.21;XAUUSD;2 196.89;2 196.08;2 186.89;2024.03.21 16:47:43;2 196.08;-3.63;;98.01;[sl]
2024.03.21 05:00:05;Buy Stop;1.21;XAUUSD;2 223.06;2 220.66;2 233.06;2024.03.21 16:15:04;2 204.22;;;;cancelled
2024.03.21 05:00:05;Sell Stop;1.21;XAUUSD;2 149.63;2 152.03;2 139.63;2024.03.21 14:30:05;2 206.41;;;;cancelled
2024.03.20 21:00:05;Buy;1.29;XAUUSD;2 164.94;2 162.54;2 174.94;2024.03.20 21:00:07;2 162.54;-3.87;;-309.60;[sl]
2024.03.20 18:45:10;Sell Stop;1.29;XAUUSD;2 149.63;2 152.03;2 139.63;2024.03.20 21:00:06;2 164.34;;;;cancelled
2024.03.20 17:01:52;Buy;1.27;XAUUSD;2 160.25;2 160.78;2 170.25;2024.03.20 17:01:57;2 160.78;-3.81;;67.31;[sl]
2024.03.20 11:12:28;Sell;1.27;XAUUSD;2 155.24;2 155.13;2 145.24;2024.03.20 11:12:56;2 155.13;-3.81;;13.97;[sl]
2024.03.20 05:00:08;Sell Stop;1.27;XAUUSD;2 148.43;2 150.83;2 138.43;2024.03.20 06:30:09;2 158.97;;;;cancelled
2024.03.19 19:00:03;Buy Stop;1.27;XAUUSD;2 158.73;2 156.33;2 168.73;2024.03.19 21:00:04;2 157.12;;;;cancelled
2024.03.19 20:00:05;Sell Stop;1.27;XAUUSD;2 148.43;2 150.83;2 138.43;2024.03.19 21:00:03;2 157.07;;;;cancelled
2024.03.19 14:15:06;Sell Stop;1.27;XAUUSD;2 147.17;2 149.57;2 137.17;2024.03.19 20:00:05;2 154.77;;;;cancelled
2024.03.19 06:00:16;Buy Stop;1.27;XAUUSD;2 162.90;2 160.50;2 172.90;2024.03.19 19:00:03;2 154.55;;;;cancelled
2024.03.19 09:08:40;Sell;1.27;XAUUSD;2 154.62;2 154.61;2 144.62;2024.03.19 09:08:57;2 154.61;-3.81;;1.27;[sl]
2024.03.19 08:07:44;Sell;1.27;XAUUSD;2 158.57;2 158.57;2 148.57;2024.03.19 08:24:04;2 158.57;-3.81;;0.00;[sl]
2024.03.19 05:00:05;Sell Stop;1.27;XAUUSD;2 154.62;2 157.02;2 144.62;2024.03.19 07:30:11;2 161.33;;;;cancelled
2024.03.19 05:00:04;Buy Stop;1.27;XAUUSD;2 163.64;2 161.24;2 173.64;2024.03.19 06:00:13;2 160.77;;;;cancelled
2024.03.18 18:30:08;Buy Stop;1.27;XAUUSD;2 163.64;2 161.24;2 173.64;2024.03.18 21:00:04;2 160.06;;;;cancelled
2024.03.18 09:15:06;Sell Stop;1.27;XAUUSD;2 146.13;2 148.53;2 136.13;2024.03.18 21:00:04;2 160.10;;;;cancelled
2024.03.18 05:00:05;Buy Stop;1.27;XAUUSD;2 172.74;2 170.34;2 182.74;2024.03.18 18:30:07;2 161.28;;;;cancelled
2024.03.15 05:00:09;Sell Stop;1.27;XAUUSD;2 152.81;2 155.21;2 142.81;2024.03.15 14:00:07;2 169.32;;;;cancelled
2024.03.15 12:54:56;Buy;1.27;XAUUSD;2 170.09;2 170.27;2 180.09;2024.03.15 12:54:59;2 170.27;-3.81;;22.86;[sl]
2024.03.15 08:45:03;Buy Stop;1.27;XAUUSD;2 172.02;2 169.62;2 182.02;2024.03.15 12:15:05;2 168.23;;;;cancelled
2024.03.15 08:41:15;Buy;1.27;XAUUSD;2 165.99;2 165.99;2 175.99;2024.03.15 08:41:19;2 165.99;-3.81;;0.00;[sl]
2024.03.15 05:00:08;Buy Stop;1.27;XAUUSD;2 172.02;2 169.62;2 182.02;2024.03.15 07:15:02;2 164.62;;;;cancelled
2024.03.14 15:45:05;Buy Stop;1.27;XAUUSD;2 172.02;2 169.62;2 182.02;2024.03.14 21:00:00;2 160.34;;;;cancelled
2024.03.14 05:00:05;Buy Stop;1.27;XAUUSD;2 179.88;2 177.48;2 189.88;2024.03.14 15:45:05;2 169.64;;;;cancelled
2024.03.14 14:47:59;Sell;1.27;XAUUSD;2 167.47;2 167.47;2 157.47;2024.03.14 14:48:38;2 167.47;-3.81;;0.00;[sl]
2024.03.14 05:00:09;Sell Stop;1.27;XAUUSD;2 150.61;2 153.01;2 140.61;2024.03.14 12:45:07;2 171.66;;;;cancelled
2024.03.13 05:00:08;Sell Stop;1.33;XAUUSD;2 150.61;2 153.01;2 140.61;2024.03.13 21:00:07;2 174.57;;;;cancelled
2024.03.13 13:45:02;Buy Stop;1.27;XAUUSD;2 182.05;2 179.65;2 192.05;2024.03.13 21:00:06;2 174.64;;;;cancelled
2024.03.13 13:36:45;Buy;1.25;XAUUSD;2 161.63;2 162.22;2 171.63;2024.03.13 13:36:50;2 162.22;-3.75;;73.75;[sl]
2024.03.13 09:02:54;Buy;1.33;XAUUSD;2 161.63;2 159.23;2 171.63;2024.03.13 09:11:24;2 159.23;-3.99;;-319.20;[sl]
2024.03.13 05:00:07;Buy Stop;1.33;XAUUSD;2 182.05;2 179.65;2 192.05;2024.03.13 08:45:04;2 160.09;;;;cancelled
2024.03.12 20:00:04;Sell Stop;1.33;XAUUSD;2 152.65;2 155.05;2 142.65;2024.03.12 21:00:06;2 154.77;;;;cancelled
2024.03.12 18:30:05;Buy Stop;1.33;XAUUSD;2 182.05;2 179.65;2 192.05;2024.03.12 21:00:06;2 154.88;;;;cancelled
2024.03.12 05:00:05;Buy Stop;1.30;XAUUSD;2 185.73;2 183.33;2 195.73;2024.03.12 18:30:04;2 160.14;;;;cancelled
2024.03.12 14:14:03;Sell;1.31;XAUUSD;2 173.66;2 172.74;2 163.66;2024.03.12 14:17:22;2 172.74;-3.93;;120.52;[sl]
2024.03.12 08:44:14;Sell;1.30;XAUUSD;2 174.89;2 174.59;2 164.89;2024.03.12 08:44:21;2 174.59;-3.90;;39.00;[sl]
2024.03.11 19:00:05;Sell Stop;1.30;XAUUSD;2 174.89;2 177.29;2 164.89;2024.03.11 21:00:01;2 179.87;;;;cancelled
2024.03.11 16:37:40;Buy;1.30;XAUUSD;2 183.11;2 183.11;2 193.11;2024.03.11 16:37:42;2 183.11;-3.90;;0.00;[sl]
2024.03.11 16:10:08;Sell;1.30;XAUUSD;2 175.96;2 175.96;2 165.96;2024.03.11 16:10:13;2 175.96;-3.90;;0.00;[sl]
2024.03.11 05:00:05;Buy Stop;1.47;XAUUSD;2 195.19;2 192.79;2 205.19;2024.03.11 14:00:05;2 177.79;;;;cancelled
2024.03.11 11:58:38;Sell;1.38;XAUUSD;2 176.88;2 179.28;2 166.88;2024.03.11 12:06:05;2 179.28;-4.14;;-331.20;[sl]
2024.03.11 09:30:03;Sell Stop;1.38;XAUUSD;2 154.03;2 156.43;2 144.03;2024.03.11 11:45:03;2 178.20;;;;cancelled
2024.03.11 08:50:51;Sell;1.47;XAUUSD;2 176.89;2 179.29;2 166.89;2024.03.11 09:23:02;2 179.29;-4.41;;-352.80;[sl]
2024.03.11 05:00:06;Sell Stop;1.47;XAUUSD;2 154.03;2 156.43;2 144.03;2024.03.11 08:45:06;2 179.03;;;;cancelled
2024.03.08 08:00:07;Sell Stop;1.47;XAUUSD;2 154.03;2 156.43;2 144.03;2024.03.08 14:00:04;2 168.41;;;;cancelled
2024.03.08 10:14:25;Buy;1.47;XAUUSD;2 163.63;2 163.63;2 173.63;2024.03.08 10:15:01;2 163.63;-4.41;;0.00;[sl]
2024.03.08 05:00:05;Sell Stop;1.47;XAUUSD;2 147.97;2 150.37;2 137.97;2024.03.08 08:00:06;2 157.84;;;;cancelled
2024.03.08 05:00:04;Buy Stop;1.47;XAUUSD;2 164.73;2 162.33;2 174.73;2024.03.08 05:30:06;2 156.83;;;;cancelled
2024.03.07 18:00:06;Buy Stop;1.47;XAUUSD;2 164.73;2 162.33;2 174.73;2024.03.07 21:00:06;2 157.21;;;;cancelled
2024.03.07 19:30:06;Sell Stop;1.47;XAUUSD;2 147.97;2 150.37;2 137.97;2024.03.07 21:00:05;2 157.13;;;;cancelled
2024.03.07 05:00:05;Sell Stop;1.41;XAUUSD;2 124.35;2 126.75;2 114.35;2024.03.07 19:30:06;2 157.31;;;;cancelled
2024.03.07 15:05:53;Buy;1.41;XAUUSD;2 161.53;2 163.35;2 171.53;2024.03.07 15:06:06;2 163.35;-4.23;;256.62;[sl]
2024.03.07 05:54:50;Buy;1.41;XAUUSD;2 152.23;2 152.26;2 162.23;2024.03.07 05:55:27;2 152.26;-4.23;;4.23;[sl]
2024.03.06 13:45:06;Sell Stop;1.23;XAUUSD;2 124.35;2 126.75;2 114.35;2024.03.06 21:00:06;2 147.36;;;;cancelled
2024.03.06 13:42:32;Buy;1.41;XAUUSD;2 131.56;2 131.59;2 141.56;2024.03.06 13:54:29;2 131.59;-4.23;;4.23;[sl]
2024.03.06 08:45:05;Sell Stop;1.41;XAUUSD;2 123.75;2 126.15;2 113.75;2024.03.06 13:45:05;2 130.63;;;;cancelled
2024.03.06 05:00:51;Buy Stop;1.41;XAUUSD;2 141.83;2 139.43;2 151.83;2024.03.06 12:30:05;2 127.54;;;;cancelled
2024.03.06 05:00:51;Sell Stop;1.41;XAUUSD;2 110.46;2 112.86;2 100.46;2024.03.06 08:45:04;2 126.12;;;;cancelled
2024.03.05 18:30:05;Buy Stop;1.41;XAUUSD;2 141.83;2 139.43;2 151.83;2024.03.05 21:00:10;2 131.22;;;;cancelled
2024.03.05 06:30:14;Sell Stop;1.41;XAUUSD;2 110.46;2 112.86;2 100.46;2024.03.05 21:00:10;2 131.15;;;;cancelled
2024.03.05 10:27:20;Buy;1.41;XAUUSD;2 119.93;2 119.95;2 129.93;2024.03.05 10:27:57;2 119.95;-4.23;;2.82;[sl]
2024.03.05 05:00:08;Sell Stop;1.41;XAUUSD;2 081.21;2 083.61;2 071.21;2024.03.05 06:30:14;2 114.07;;;;cancelled
2024.03.04 18:15:07;Sell Stop;1.41;XAUUSD;2 081.21;2 083.61;2 071.21;2024.03.04 21:00:03;2 114.57;;;;cancelled
2024.03.04 06:45:07;Sell Stop;1.49;XAUUSD;2 079.46;2 081.86;2 069.46;2024.03.04 18:15:06;2 115.53;;;;cancelled
2024.03.04 15:55:39;Buy;1.40;XAUUSD;2 088.29;2 088.68;2 098.29;2024.03.04 15:55:57;2 088.68;-4.20;;54.60;[sl]
2024.03.04 10:30:07;Buy Stop;1.40;XAUUSD;2 088.35;2 085.95;2 098.35;2024.03.04 12:45:03;2 083.74;;;;cancelled
2024.03.04 09:48:01;Buy;1.49;XAUUSD;2 088.35;2 085.95;2 098.35;2024.03.04 10:17:41;2 085.95;-4.47;;-357.60;[sl]
2024.03.04 05:00:09;Sell Stop;1.49;XAUUSD;2 045.61;2 048.01;2 035.61;2024.03.04 06:45:06;2 080.97;;;;cancelled
2024.03.01 13:45:00;Sell Stop;1.49;XAUUSD;2 039.07;2 041.47;2 029.07;2024.03.01 14:00:04;2 055.51;;;;cancelled
2024.03.01 12:25:56;Buy;1.48;XAUUSD;2 050.78;2 050.78;2 060.78;2024.03.01 12:25:59;2 050.78;-4.44;;0.00;[sl]
2024.03.01 10:21:11;Sell;1.48;XAUUSD;2 042.62;2 042.40;2 032.62;2024.03.01 10:25:24;2 042.40;-4.44;;32.56;[sl]
2024.02.29 20:00:01;Buy Stop;1.48;XAUUSD;2 050.78;2 048.38;2 060.78;2024.02.29 21:00:00;2 046.40;;;;cancelled
2024.02.29 17:15:12;Sell Stop;1.48;XAUUSD;2 028.15;2 030.55;2 018.15;2024.02.29 21:00:00;2 046.42;;;;cancelled
2024.02.29 05:00:05;Sell Stop;1.56;XAUUSD;2 024.24;2 026.64;2 014.24;2024.02.29 17:15:11;2 048.26;;;;cancelled
2024.02.29 15:31:23;Buy;1.46;XAUUSD;2 037.91;2 038.49;2 047.91;2024.02.29 15:31:49;2 038.49;-4.38;;84.68;[sl]
2024.02.29 09:43:23;Buy;1.56;XAUUSD;2 037.91;2 035.51;2 047.91;2024.02.29 11:19:32;2 035.51;-4.68;;-374.40;[sl]
2024.02.28 15:00:06;Sell Stop;1.56;XAUUSD;2 024.24;2 026.64;2 014.24;2024.02.28 21:00:06;2 031.61;;;;cancelled
2024.02.28 19:00:07;Buy Stop;1.56;XAUUSD;2 037.91;2 035.51;2 047.91;2024.02.28 21:00:05;2 031.66;;;;cancelled
2024.02.28 15:22:00;Buy;1.56;XAUUSD;2 033.74;2 033.74;2 043.74;2024.02.28 15:23:12;2 033.74;-4.68;;0.00;[sl]
2024.02.28 08:52:53;Sell;1.56;XAUUSD;2 028.83;2 028.83;2 018.83;2024.02.28 09:03:45;2 028.83;-4.68;;0.00;[sl]
2024.02.28 05:00:02;Buy Stop;1.56;XAUUSD;2 039.51;2 037.11;2 049.51;2024.02.28 06:45:06;2 030.96;;;;cancelled
2024.02.27 13:45:04;Buy Stop;1.56;XAUUSD;2 039.51;2 037.11;2 049.51;2024.02.27 21:00:01;2 032.47;;;;cancelled
2024.02.27 08:43:20;Sell Stop;1.56;XAUUSD;2 025.12;2 027.52;2 015.12;2024.02.27 21:00:01;2 032.43;;;;cancelled
2024.02.27 10:23:49;Buy;1.54;XAUUSD;2 037.05;2 037.15;2 047.05;2024.02.27 10:23:53;2 037.15;-4.62;;15.40;[sl]
2024.02.26 16:13:10;Sell;1.54;XAUUSD;2 029.97;2 029.58;2 019.97;2024.02.26 16:13:28;2 029.58;-4.62;;60.06;[sl]
2024.02.26 05:00:06;Buy Stop;1.54;XAUUSD;2 041.38;2 038.98;2 051.38;2024.02.26 13:30:05;2 032.65;;;;cancelled
2024.02.26 05:00:10;Sell Stop;1.54;XAUUSD;2 016.07;2 018.47;2 006.07;2024.02.26 06:00:04;2 032.57;;;;cancelled
2024.02.23 07:00:09;Buy Stop;1.54;XAUUSD;2 027.44;2 025.04;2 037.44;2024.02.23 14:00:04;2 024.06;;;;cancelled
2024.02.23 08:26:40;Sell;1.54;XAUUSD;2 019.65;2 019.63;2 009.65;2024.02.23 08:27:08;2 019.63;-4.62;;3.08;[sl]
2024.02.23 05:00:04;Buy Stop;1.54;XAUUSD;2 034.92;2 032.52;2 044.92;2024.02.23 07:00:08;2 026.20;;;;cancelled
2024.02.22 13:00:05;Buy Stop;1.54;XAUUSD;2 034.92;2 032.52;2 044.92;2024.02.22 21:00:00;2 022.76;;;;cancelled
2024.02.22 18:47:53;Sell;1.55;XAUUSD;2 020.06;2 020.06;2 010.06;2024.02.22 18:48:00;2 020.06;-4.65;;0.00;[sl]
2024.02.22 09:51:10;Buy;1.55;XAUUSD;2 031.57;2 031.57;2 041.57;2024.02.22 09:52:24;2 031.57;-4.65;;0.00;[sl]
2024.02.22 06:44:27;Buy;1.55;XAUUSD;2 028.61;2 028.61;2 038.61;2024.02.22 06:44:57;2 028.61;-4.65;;0.00;[sl]
2024.02.22 05:00:06;Buy Stop;1.55;XAUUSD;2 031.57;2 029.17;2 041.57;2024.02.22 06:30:05;2 027.57;;;;cancelled
2024.02.21 18:15:05;Buy Stop;1.55;XAUUSD;2 031.57;2 029.17;2 041.57;2024.02.21 21:00:07;2 021.73;;;;cancelled
2024.02.21 10:45:05;Buy Stop;1.53;XAUUSD;2 032.27;2 029.87;2 042.27;2024.02.21 18:15:05;2 024.58;;;;cancelled
2024.02.21 17:51:35;Sell;1.53;XAUUSD;2 026.01;2 025.55;2 016.01;2024.02.21 17:56:41;2 025.55;-4.59;;70.38;[sl]
2024.02.21 05:00:05;Sell Stop;1.53;XAUUSD;2 022.83;2 025.23;2 012.83;2024.02.21 14:00:00;2 028.31;;;;cancelled
2024.02.21 05:55:55;Buy;1.53;XAUUSD;2 030.92;2 030.99;2 040.92;2024.02.21 06:08:56;2 030.99;-4.59;;10.71;[sl]
2024.02.20 05:00:05;Sell Stop;1.53;XAUUSD;2 013.29;2 015.69;2 003.29;2024.02.20 21:00:04;2 027.17;;;;cancelled
2024.02.20 19:00:03;Buy Stop;1.53;XAUUSD;2 030.92;2 028.52;2 040.92;2024.02.20 21:00:03;2 027.22;;;;cancelled
2024.02.20 10:59:41;Buy;1.53;XAUUSD;2 023.04;2 023.04;2 033.04;2024.02.20 11:00:56;2 023.04;-4.59;;0.00;[sl]
2024.02.19 07:48:37;Sell Stop;1.63;XAUUSD;1 995.13;1 997.53;1 985.13;2024.02.19 21:00:05;2 017.85;;;;cancelled
2024.02.19 12:15:02;Buy Stop;1.53;XAUUSD;2 023.04;2 020.64;2 033.04;2024.02.19 21:00:04;2 017.92;;;;cancelled
2024.02.19 09:24:11;Buy;1.63;XAUUSD;2 022.91;2 020.51;2 032.91;2024.02.19 09:37:49;2 020.51;-4.89;;-391.20;[sl]
2024.02.16 11:15:02;Sell Stop;1.63;XAUUSD;2 002.77;2 005.17;1 992.77;2024.02.16 14:00:06;2 007.50;;;;cancelled
2024.02.16 05:45:04;Sell Stop;1.61;XAUUSD;2 002.42;2 004.82;1 992.42;2024.02.16 11:15:01;2 004.49;;;;cancelled
2024.02.16 09:37:57;Buy;1.61;XAUUSD;2 005.67;2 006.28;2 015.67;2024.02.16 09:39:11;2 006.28;-4.83;;98.21;[sl]
2024.02.16 05:00:05;Buy Stop;1.61;XAUUSD;2 008.33;2 005.93;2 018.33;2024.02.16 06:45:09;2 004.25;;;;cancelled
2024.02.16 05:00:06;Sell Stop;1.61;XAUUSD;1 990.29;1 992.69;1 980.29;2024.02.16 05:45:04;2 004.41;;;;cancelled
2024.02.15 08:45:14;Sell Stop;1.61;XAUUSD;1 990.29;1 992.69;1 980.29;2024.02.15 21:00:08;2 004.51;;;;cancelled
2024.02.15 19:30:01;Buy Stop;1.61;XAUUSD;2 008.33;2 005.93;2 018.33;2024.02.15 21:00:07;2 004.56;;;;cancelled
2024.02.15 11:43:38;Buy;1.61;XAUUSD;1 996.15;1 996.17;2 006.15;2024.02.15 11:49:56;1 996.17;-4.83;;3.22;[sl]
2024.02.15 05:00:08;Sell Stop;1.61;XAUUSD;1 984.23;1 986.63;1 974.23;2024.02.15 08:45:13;1 993.01;;;;cancelled
2024.02.14 20:00:10;Sell Stop;1.61;XAUUSD;1 984.23;1 986.63;1 974.23;2024.02.14 21:00:03;1 991.51;;;;cancelled
2024.02.14 18:35:56;Buy;1.61;XAUUSD;1 993.42;1 993.42;2 003.42;2024.02.14 18:35:59;1 993.42;-4.83;;0.00;[sl]
2024.02.14 17:01:22;Sell;1.61;XAUUSD;1 986.05;1 986.05;1 976.05;2024.02.14 17:01:29;1 986.05;-4.83;;0.00;[sl]
2024.02.14 05:00:04;Buy Stop;1.59;XAUUSD;2 032.63;2 030.23;2 042.63;2024.02.14 15:45:06;1 990.59;;;;cancelled
2024.02.14 10:06:07;Sell;1.59;XAUUSD;1 988.84;1 988.44;1 978.84;2024.02.14 10:06:33;1 988.44;-4.77;;63.60;[sl]
2024.02.13 18:30:09;Buy Stop;1.59;XAUUSD;2 032.63;2 030.23;2 042.63;2024.02.13 21:00:08;1 993.68;;;;cancelled
2024.02.13 20:00:12;Sell Stop;1.59;XAUUSD;1 990.11;1 992.51;1 980.11;2024.02.13 21:00:07;1 993.63;;;;cancelled
2024.02.13 15:33:04;Sell;1.37;XAUUSD;2 016.91;2 015.54;2 006.91;2024.02.13 15:33:58;2 015.54;-4.11;;187.69;[sl]
2024.02.13 07:51:47;Buy;1.54;XAUUSD;2 021.61;2 021.95;2 031.61;2024.02.13 08:24:35;2 021.95;-4.62;;52.36;[sl]
2024.02.13 05:00:13;Sell Stop;1.54;XAUUSD;2 011.92;2 014.32;2 001.92;2024.02.13 08:15:11;2 021.42;;;;cancelled
2024.02.12 18:15:01;Buy Stop;1.54;XAUUSD;2 027.61;2 025.21;2 037.61;2024.02.12 21:00:07;2 021.55;;;;cancelled
2024.02.12 15:49:02;Sell;1.54;XAUUSD;2 020.05;2 020.05;2 010.05;2024.02.12 15:49:57;2 020.05;-4.62;;0.00;[sl]
2024.02.12 15:20:00;Buy;1.54;XAUUSD;2 027.29;2 027.29;2 037.29;2024.02.12 15:20:11;2 027.29;-4.62;;0.00;[sl]
2024.02.12 11:40:14;Sell;1.54;XAUUSD;2 021.90;2 021.88;2 011.90;2024.02.12 11:42:45;2 021.88;-4.62;;3.08;[sl]
2024.02.12 10:21:43;Buy;1.54;XAUUSD;2 026.89;2 026.89;2 036.89;2024.02.12 10:22:46;2 026.89;-4.62;;0.00;[sl]
2024.02.12 05:00:07;Sell Stop;1.54;XAUUSD;2 020.34;2 022.74;2 010.34;2024.02.12 08:15:06;2 023.94;;;;cancelled
2024.02.09 05:00:06;Buy Stop;1.54;XAUUSD;2 035.40;2 033.00;2 045.40;2024.02.09 14:00:05;2 031.81;;;;cancelled
2024.02.09 13:15:08;Sell Stop;1.54;XAUUSD;2 030.55;2 032.95;2 020.55;2024.02.09 14:00:04;2 031.76;;;;cancelled
2024.02.09 05:00:07;Sell Stop;1.54;XAUUSD;2 020.21;2 022.61;2 010.21;2024.02.09 13:15:07;2 032.99;;;;cancelled
2024.02.08 19:00:06;Sell Stop;1.54;XAUUSD;2 020.21;2 022.61;2 010.21;2024.02.08 21:00:05;2 032.33;;;;cancelled
2024.02.08 15:30:07;Buy Stop;1.54;XAUUSD;2 038.47;2 036.07;2 048.47;2024.02.08 21:00:05;2 032.40;;;;cancelled
2024.02.08 07:00:05;Buy Stop;1.52;XAUUSD;2 038.74;2 036.34;2 048.74;2024.02.08 15:30:06;2 024.69;;;;cancelled
2024.02.08 13:32:08;Sell;1.52;XAUUSD;2 028.95;2 028.44;2 018.95;2024.02.08 13:32:34;2 028.44;-4.56;;77.52;[sl]
2024.02.08 10:17:36;Sell;1.52;XAUUSD;2 031.19;2 031.19;2 021.19;2024.02.08 10:26:08;2 031.19;-4.56;;0.00;[sl]
2024.02.08 05:00:05;Buy Stop;1.52;XAUUSD;2 044.61;2 042.21;2 054.61;2024.02.08 07:00:04;2 032.16;;;;cancelled
2024.02.08 05:39:08;Sell;1.52;XAUUSD;2 033.68;2 033.59;2 023.68;2024.02.08 05:39:57;2 033.59;-4.56;;13.68;[sl]
2024.02.07 19:45:08;Buy Stop;1.52;XAUUSD;2 044.61;2 042.21;2 054.61;2024.02.07 21:00:04;2 034.95;;;;cancelled
2024.02.07 17:30:06;Sell Stop;1.52;XAUUSD;2 030.64;2 033.04;2 020.64;2024.02.07 21:00:04;2 034.90;;;;cancelled
2024.02.07 15:36:04;Buy;1.51;XAUUSD;2 036.18;2 036.23;2 046.18;2024.02.07 15:36:28;2 036.23;-4.53;;7.55;[sl]
2024.02.07 14:31:03;Sell;1.51;XAUUSD;2 031.25;2 030.93;2 021.25;2024.02.07 14:36:07;2 030.93;-4.53;;48.32;[sl]
2024.02.07 05:00:07;Sell Stop;1.51;XAUUSD;2 022.94;2 025.34;2 012.94;2024.02.07 13:30:08;2 034.92;;;;cancelled
2024.02.07 05:00:06;Buy Stop;1.51;XAUUSD;2 038.92;2 036.52;2 048.92;2024.02.07 12:30:10;2 033.27;;;;cancelled
2024.02.06 14:00:06;Sell Stop;1.48;XAUUSD;2 022.94;2 025.34;2 012.94;2024.02.06 21:00:05;2 036.90;;;;cancelled
2024.02.06 15:06:42;Buy;1.47;XAUUSD;2 029.83;2 030.65;2 039.83;2024.02.06 15:06:51;2 030.65;-4.41;;120.54;[sl]
2024.02.06 10:59:04;Sell;1.47;XAUUSD;2 023.52;2 023.24;2 013.52;2024.02.06 11:02:18;2 023.24;-4.41;;41.16;[sl]
2024.02.06 07:35:54;Buy;1.45;XAUUSD;2 028.64;2 029.26;2 038.64;2024.02.06 07:45:09;2 029.26;-4.35;;89.90;[sl]
2024.02.06 05:27:21;Sell;1.45;XAUUSD;2 023.77;2 023.77;2 013.77;2024.02.06 05:52:16;2 023.77;-4.35;;0.00;[sl]
2024.02.05 05:00:06;Buy Stop;1.42;XAUUSD;2 042.28;2 039.88;2 052.28;2024.02.05 21:00:07;2 026.11;;;;cancelled
2024.02.05 19:15:08;Sell Stop;1.45;XAUUSD;2 014.91;2 017.31;2 004.91;2024.02.05 21:00:06;2 026.06;;;;cancelled
2024.02.05 15:21:24;Sell;1.43;XAUUSD;2 020.70;2 020.22;2 010.70;2024.02.05 15:21:43;2 020.22;-4.29;;68.64;[sl]
2024.02.05 08:36:25;Sell;1.42;XAUUSD;2 027.81;2 027.28;2 017.81;2024.02.05 08:36:27;2 027.28;-4.26;;75.26;[sl]
2024.02.02 07:15:41;Sell Stop;1.42;XAUUSD;2 051.99;2 054.39;2 041.99;2024.02.02 14:00:07;2 056.05;;;;cancelled
2024.02.02 12:15:07;Buy Stop;1.42;XAUUSD;2 056.94;2 054.54;2 066.94;2024.02.02 14:00:06;2 056.11;;;;cancelled
2024.02.02 05:00:04;Buy Stop;1.42;XAUUSD;2 065.44;2 063.04;2 075.44;2024.02.02 12:15:06;2 053.72;;;;cancelled
2024.02.02 05:00:05;Sell Stop;1.42;XAUUSD;2 030.05;2 032.45;2 020.05;2024.02.02 07:15:41;2 054.77;;;;cancelled
2024.02.01 16:00:10;Sell Stop;1.42;XAUUSD;2 030.05;2 032.45;2 020.05;2024.02.01 21:00:00;2 055.58;;;;cancelled
2024.02.01 16:35:14;Buy;1.41;XAUUSD;2 049.57;2 049.57;2 059.57;2024.02.01 16:35:33;2 049.57;-4.23;;0.00;[sl]
2024.02.01 13:09:39;Sell;1.41;XAUUSD;2 030.84;2 030.70;2 020.84;2024.02.01 13:09:44;2 030.70;-4.23;;19.74;[sl]
2024.02.01 05:00:06;Buy Stop;1.41;XAUUSD;2 055.99;2 053.59;2 065.99;2024.02.01 07:15:08;2 045.55;;;;cancelled
2024.01.31 18:00:17;Sell Stop;1.41;XAUUSD;2 036.07;2 038.47;2 026.07;2024.01.31 21:00:06;2 046.25;;;;cancelled
2024.01.31 20:00:15;Buy Stop;1.41;XAUUSD;2 055.99;2 053.59;2 065.99;2024.01.31 21:00:05;2 047.78;;;;cancelled
2024.01.31 10:00:08;Sell Stop;1.51;XAUUSD;2 032.95;2 035.35;2 022.95;2024.01.31 18:00:16;2 053.34;;;;cancelled
2024.01.31 15:30:01;Buy;1.50;XAUUSD;2 040.48;2 038.08;2 050.48;2024.01.31 15:31:10;2 038.08;-4.50;;-360.00;[sl]
2024.01.31 10:22:28;Buy;1.51;XAUUSD;2 038.67;2 038.67;2 048.67;2024.01.31 10:23:18;2 038.67;-4.53;;0.00;[sl]
2024.01.31 07:45:19;Sell Stop;2.79;XAUUSD;2 032.95;2 035.35;2 022.95;2024.01.31 09:50:20;2 036.68;;;;cancelled
2024.01.31 09:33:11;Buy;2.79;XAUUSD;2 038.67;2 036.27;2 048.67;2024.01.31 09:47:55;2 036.27;-8.37;;-669.60;[sl]
2024.01.31 05:00:08;Sell Stop;2.79;XAUUSD;2 029.13;2 031.53;2 019.13;2024.01.31 07:45:18;2 033.72;;;;cancelled
2024.01.31 05:00:06;Buy Stop;2.79;XAUUSD;2 048.65;2 046.25;2 058.65;2024.01.31 05:15:06;2 033.97;;;;cancelled
2024.01.30 19:15:08;Buy Stop;2.79;XAUUSD;2 048.65;2 046.25;2 058.65;2024.01.30 21:00:06;2 032.70;;;;cancelled
2024.01.30 20:15:08;Sell Stop;2.79;XAUUSD;2 029.13;2 031.53;2 019.13;2024.01.30 21:00:05;2 032.63;;;;cancelled
2024.01.30 17:22:21;Sell;2.76;XAUUSD;2 031.15;2 030.84;2 021.15;2024.01.30 17:22:24;2 030.84;-8.28;;85.56;[sl]
2024.01.30 05:00:06;Sell Stop;2.52;XAUUSD;2 020.57;2 022.97;2 010.57;2024.01.30 16:15:06;2 042.79;;;;cancelled
2024.01.30 16:08:39;Buy;2.73;XAUUSD;2 040.45;2 040.75;2 050.45;2024.01.30 16:09:37;2 040.75;-8.19;;81.90;[sl]
2024.01.30 09:35:01;Buy;2.52;XAUUSD;2 037.62;2 039.67;2 047.62;2024.01.30 09:35:44;2 039.67;-7.56;;516.60;[sl]
2024.01.30 08:14:59;Buy;2.52;XAUUSD;2 035.31;2 035.31;2 045.31;2024.01.30 08:18:40;2 035.31;-7.56;;0.00;[sl]
2024.01.29 18:45:06;Buy Stop;2.52;XAUUSD;2 037.62;2 035.22;2 047.62;2024.01.29 21:00:07;2 025.90;;;;cancelled
2024.01.29 20:15:07;Sell Stop;2.52;XAUUSD;2 020.57;2 022.97;2 010.57;2024.01.29 21:00:06;2 025.85;;;;cancelled
2024.01.29 16:40:15;Sell;2.47;XAUUSD;2 025.53;2 025.04;2 015.53;2024.01.29 16:40:39;2 025.04;-7.41;;121.03;[sl]
2024.01.29 05:00:05;Sell Stop;2.41;XAUUSD;2 015.93;2 018.33;2 005.93;2024.01.29 16:15:03;2 035.78;;;;cancelled
2024.01.29 15:41:09;Buy;2.41;XAUUSD;2 033.89;2 034.54;2 043.89;2024.01.29 15:41:20;2 034.54;-7.23;;156.65;[sl]
2024.01.29 08:49:00;Buy;2.41;XAUUSD;2 028.66;2 028.66;2 038.66;2024.01.29 08:56:56;2 028.66;-7.23;;0.00;[sl]
2024.01.26 05:00:05;Sell Stop;2.41;XAUUSD;2 009.40;2 011.80;1 999.40;2024.01.26 14:00:03;2 023.44;;;;cancelled
2024.01.26 05:00:04;Buy Stop;2.41;XAUUSD;2 025.26;2 022.86;2 035.26;2024.01.26 14:00:03;2 023.48;;;;cancelled
2024.01.25 19:15:07;Sell Stop;2.41;XAUUSD;2 009.40;2 011.80;1 999.40;2024.01.25 21:00:02;2 014.13;;;;cancelled
2024.01.25 19:45:07;Buy Stop;2.41;XAUUSD;2 025.26;2 022.86;2 035.26;2024.01.25 21:00:00;2 014.32;;;;cancelled
2024.01.25 05:00:07;Buy Stop;2.54;XAUUSD;2 036.72;2 034.32;2 046.72;2024.01.25 19:45:07;2 013.82;;;;cancelled
2024.01.25 19:05:56;Sell;2.68;XAUUSD;2 012.71;2 015.11;2 002.71;2024.01.25 19:12:31;2 015.11;-8.04;;-643.20;[sl]
2024.01.25 15:30:09;Sell;2.54;XAUUSD;2 012.71;2 011.28;2 002.71;2024.01.25 15:30:17;2 011.28;-7.62;;363.22;[sl]
2024.01.25 05:00:07;Sell Stop;2.54;XAUUSD;2 011.24;2 013.64;2 001.24;2024.01.25 13:15:07;2 018.29;;;;cancelled
2024.01.24 18:30:03;Buy Stop;2.54;XAUUSD;2 036.72;2 034.32;2 046.72;2024.01.24 21:00:07;2 015.00;;;;cancelled
2024.01.24 17:03:05;Sell;2.29;XAUUSD;2 022.85;2 020.19;2 012.85;2024.01.24 17:03:52;2 020.19;-6.87;;609.14;[sl]
2024.01.24 05:00:09;Sell Stop;2.27;XAUUSD;2 021.45;2 023.85;2 011.45;2024.01.24 10:15:05;2 029.47;;;;cancelled
2024.01.24 09:44:09;Buy;2.27;XAUUSD;2 030.71;2 030.89;2 040.71;2024.01.24 09:44:20;2 030.89;-6.81;;40.86;[sl]
2024.01.23 19:30:06;Sell Stop;2.27;XAUUSD;2 021.45;2 023.85;2 011.45;2024.01.23 21:00:05;2 025.33;;;;cancelled
2024.01.23 12:00:09;Buy Stop;2.27;XAUUSD;2 037.92;2 035.52;2 047.92;2024.01.23 21:00:05;2 025.38;;;;cancelled
2024.01.23 16:45:07;Sell Stop;2.27;XAUUSD;2 016.53;2 018.93;2 006.53;2024.01.23 19:30:05;2 024.44;;;;cancelled
2024.01.23 16:33:17;Sell;2.27;XAUUSD;2 022.46;2 022.42;2 012.46;2024.01.23 16:33:37;2 022.42;-6.81;;9.08;[sl]
2024.01.23 05:00:05;Sell Stop;2.27;XAUUSD;2 016.53;2 018.93;2 006.53;2024.01.23 16:15:13;2 024.12;;;;cancelled
2024.01.23 07:30:01;Buy;2.27;XAUUSD;2 030.19;2 030.19;2 040.19;2024.01.23 07:40:55;2 030.19;-6.81;;0.00;[sl]
2024.01.22 19:30:09;Sell Stop;2.27;XAUUSD;2 016.53;2 018.93;2 006.53;2024.01.22 21:00:05;2 021.43;;;;cancelled
2024.01.22 17:45:03;Buy Stop;2.27;XAUUSD;2 030.19;2 027.79;2 040.19;2024.01.22 21:00:05;2 021.48;;;;cancelled
2024.01.22 06:00:07;Buy Stop;2.09;XAUUSD;2 032.16;2 029.76;2 042.16;2024.01.22 17:45:02;2 025.26;;;;cancelled
2024.01.22 16:44:07;Sell;2.08;XAUUSD;2 019.11;2 016.88;2 009.11;2024.01.22 16:44:09;2 016.88;-6.24;;463.84;[sl]
2024.01.22 06:42:28;Sell;2.09;XAUUSD;2 025.51;2 025.51;2 015.51;2024.01.22 06:44:12;2 025.51;-6.27;;0.00;[sl]
2024.01.22 05:00:07;Sell Stop;2.09;XAUUSD;2 023.24;2 025.64;2 013.24;2024.01.22 05:15:08;2 027.88;;;;cancelled
2024.01.19 10:15:05;Sell Stop;2.09;XAUUSD;2 020.44;2 022.84;2 010.44;2024.01.19 14:00:00;2 031.65;;;;cancelled
2024.01.19 05:00:04;Sell Stop;2.06;XAUUSD;2 007.35;2 009.75;1 997.35;2024.01.19 10:15:05;2 027.74;;;;cancelled
2024.01.19 09:21:06;Buy;2.06;XAUUSD;2 025.60;2 025.89;2 035.60;2024.01.19 09:23:14;2 025.89;-6.18;;59.74;[sl]
2024.01.18 18:30:04;Sell Stop;2.06;XAUUSD;2 007.35;2 009.75;1 997.35;2024.01.18 21:00:05;2 020.41;;;;cancelled
2024.01.18 10:15:05;Sell Stop;2.00;XAUUSD;2 005.83;2 008.23;1 995.83;2024.01.18 18:30:03;2 017.27;;;;cancelled
2024.01.18 18:28:45;Buy;2.05;XAUUSD;2 017.26;2 017.42;2 027.26;2024.01.18 18:29:09;2 017.42;-6.15;;32.80;[sl]
2024.01.18 14:05:02;Buy;2.00;XAUUSD;2 014.15;2 014.78;2 024.15;2024.01.18 14:05:15;2 014.78;-6.00;;126.00;[sl]
2024.01.18 05:00:05;Sell Stop;1.98;XAUUSD;2 001.86;2 004.26;1 991.86;2024.01.18 10:15:05;2 010.74;;;;cancelled
2024.01.18 08:22:28;Buy;1.98;XAUUSD;2 012.14;2 012.47;2 022.14;2024.01.18 08:23:13;2 012.47;-5.94;;65.34;[sl]
2024.01.18 05:00:04;Buy Stop;1.98;XAUUSD;2 029.07;2 026.67;2 039.07;2024.01.18 06:45:04;2 008.17;;;;cancelled
2024.01.17 17:45:08;Buy Stop;1.98;XAUUSD;2 029.07;2 026.67;2 039.07;2024.01.17 21:00:08;2 004.98;;;;cancelled
2024.01.17 07:00:12;Buy Stop;1.90;XAUUSD;2 032.96;2 030.56;2 042.96;2024.01.17 17:45:08;2 010.52;;;;cancelled
2024.01.17 16:11:30;Sell;1.90;XAUUSD;2 017.63;2 016.69;2 007.63;2024.01.17 16:11:48;2 016.69;-5.70;;178.60;[sl]
2024.01.17 05:00:04;Buy Stop;1.89;XAUUSD;2 045.09;2 042.69;2 055.09;2024.01.17 07:00:12;2 025.53;;;;cancelled
2024.01.17 05:43:59;Sell;1.89;XAUUSD;2 024.30;2 024.13;2 014.30;2024.01.17 05:47:10;2 024.13;-5.67;;32.13;[sl]
2024.01.16 18:30:10;Buy Stop;1.78;XAUUSD;2 045.09;2 042.69;2 055.09;2024.01.16 21:00:06;2 025.16;;;;cancelled
2024.01.16 19:06:44;Sell;1.78;XAUUSD;2 031.33;2 029.78;2 021.33;2024.01.16 19:07:13;2 029.78;-5.34;;275.90;[sl]
2024.01.16 05:00:03;Buy Stop;1.78;XAUUSD;2 056.38;2 053.98;2 066.38;2024.01.16 18:30:10;2 037.01;;;;cancelled
2024.01.16 05:38:02;Sell;1.78;XAUUSD;2 049.23;2 049.19;2 039.23;2024.01.16 05:38:33;2 049.19;-5.34;;7.12;[sl]
2024.01.15 13:45:08;Buy Stop;1.78;XAUUSD;2 058.67;2 056.27;2 068.67;2024.01.15 21:00:09;2 054.53;;;;cancelled
2024.01.15 20:15:07;Sell Stop;1.78;XAUUSD;2 049.23;2 051.63;2 039.23;2024.01.15 21:00:08;2 054.46;;;;cancelled
2024.01.15 05:00:08;Sell Stop;1.78;XAUUSD;2 041.51;2 043.91;2 031.51;2024.01.15 20:15:07;2 055.05;;;;cancelled
2024.01.15 10:42:13;Buy;1.78;XAUUSD;2 058.09;2 058.09;2 068.09;2024.01.15 10:42:15;2 058.09;-5.34;;0.00;[sl]
2024.01.15 05:00:08;Buy Stop;1.78;XAUUSD;2 062.29;2 059.89;2 072.29;2024.01.15 08:45:04;2 056.75;;;;cancelled
2024.01.12 05:00:07;Sell Stop;1.90;XAUUSD;2 013.33;2 015.73;2 003.33;2024.01.12 14:00:06;2 045.89;;;;cancelled
2024.01.12 12:35:52;Buy;1.71;XAUUSD;2 040.79;2 041.87;2 050.79;2024.01.12 12:42:53;2 041.87;-5.13;;184.68;[sl]
2024.01.12 05:27:23;Buy;1.90;XAUUSD;2 035.60;2 033.20;2 045.60;2024.01.12 06:05:00;2 033.20;-5.70;;-456.00;[sl]
2024.01.11 15:45:03;Buy Stop;1.88;XAUUSD;2 035.72;2 033.32;2 045.72;2024.01.11 21:00:00;2 017.14;;;;cancelled
2024.01.11 15:47:01;Sell;1.88;XAUUSD;2 030.24;2 029.99;2 020.24;2024.01.11 15:49:17;2 029.99;-5.64;;47.00;[sl]
2024.01.11 15:30:06;Sell;1.91;XAUUSD;2 030.24;2 032.64;2 020.24;2024.01.11 15:30:09;2 032.64;-5.73;;-458.40;[sl]
2024.01.11 15:23:52;Buy;1.91;XAUUSD;2 035.72;2 037.79;2 045.72;2024.01.11 15:24:21;2 037.79;-5.73;;395.37;[sl]
2024.01.11 05:00:08;Sell Stop;1.91;XAUUSD;2 020.49;2 022.89;2 010.49;2024.01.11 14:30:04;2 033.71;;;;cancelled
2024.01.11 05:00:07;Buy Stop;1.91;XAUUSD;2 040.27;2 037.87;2 050.27;2024.01.11 12:15:05;2 031.22;;;;cancelled
2024.01.10 15:00:06;Buy Stop;1.83;XAUUSD;2 040.27;2 037.87;2 050.27;2024.01.10 21:00:04;2 023.91;;;;cancelled
2024.01.10 19:53:30;Sell;1.83;XAUUSD;2 023.92;2 022.77;2 013.92;2024.01.10 19:53:44;2 022.77;-5.49;;210.45;[sl]
2024.01.10 10:07:59;Buy;1.76;XAUUSD;2 032.87;2 033.48;2 042.87;2024.01.10 10:08:09;2 033.48;-5.28;;107.36;[sl]
2024.01.10 07:43:18;Sell;1.76;XAUUSD;2 027.28;2 026.96;2 017.28;2024.01.10 07:48:16;2 026.96;-5.28;;56.32;[sl]
2024.01.10 05:00:03;Sell Stop;1.76;XAUUSD;2 026.13;2 028.53;2 016.13;2024.01.10 06:15:04;2 029.72;;;;cancelled
2024.01.09 18:30:04;Buy Stop;1.76;XAUUSD;2 041.97;2 039.57;2 051.97;2024.01.09 21:00:00;2 029.32;;;;cancelled
2024.01.09 17:57:05;Sell;1.60;XAUUSD;2 030.41;2 029.90;2 020.41;2024.01.09 17:57:10;2 029.90;-4.80;;81.60;[sl]
2024.01.09 15:38:08;Buy;1.60;XAUUSD;2 038.55;2 040.63;2 048.55;2024.01.09 15:38:34;2 040.63;-4.80;;332.80;[sl]
2024.01.09 05:00:07;Sell Stop;1.56;XAUUSD;2 026.06;2 028.46;2 016.06;2024.01.09 10:30:08;2 031.82;;;;cancelled
2024.01.09 09:24:59;Buy;1.56;XAUUSD;2 035.87;2 036.49;2 045.87;2024.01.09 09:25:17;2 036.49;-4.68;;96.72;[sl]
2024.01.09 05:00:06;Buy Stop;1.56;XAUUSD;2 036.93;2 034.53;2 046.93;2024.01.09 07:15:18;2 032.75;;;;cancelled
2024.01.08 05:00:06;Buy Stop;1.40;XAUUSD;2 064.01;2 061.61;2 074.01;2024.01.08 21:00:04;2 026.85;;;;cancelled
2024.01.08 16:15:00;Sell Stop;1.56;XAUUSD;2 016.80;2 019.20;2 006.80;2024.01.08 21:00:03;2 026.83;;;;cancelled
2024.01.08 13:18:25;Sell;1.26;XAUUSD;2 024.51;2 018.84;2 014.51;2024.01.08 13:18:42;2 018.84;-3.78;;714.42;[sl]
2024.01.08 11:19:44;Sell;1.40;XAUUSD;2 027.07;2 029.47;2 017.07;2024.01.08 11:38:22;2 029.47;-4.20;;-336.00;[sl]
2024.01.08 05:00:07;Sell Stop;1.40;XAUUSD;2 024.51;2 026.91;2 014.51;2024.01.08 10:30:01;2 029.33;;;;cancelled
2024.01.05 06:15:02;Buy Stop;1.34;XAUUSD;2 048.29;2 045.89;2 058.29;2024.01.05 14:00:05;2 039.46;;;;cancelled
2024.01.05 12:00:02;Sell Stop;1.40;XAUUSD;2 036.24;2 038.64;2 026.24;2024.01.05 14:00:04;2 039.32;;;;cancelled
2024.01.05 11:51:04;Sell;1.34;XAUUSD;2 040.94;2 039.81;2 030.94;2024.01.05 11:53:18;2 039.81;-4.02;;151.42;[sl]
2024.01.05 05:00:07;Sell Stop;1.34;XAUUSD;2 036.24;2 038.64;2 026.24;2024.01.05 11:30:06;2 042.02;;;;cancelled
2024.01.05 05:00:07;Buy Stop;1.34;XAUUSD;2 050.96;2 048.56;2 060.96;2024.01.05 06:15:01;2 044.98;;;;cancelled
2024.01.04 14:30:10;Buy Stop;1.34;XAUUSD;2 050.96;2 048.56;2 060.96;2024.01.04 21:00:03;2 043.35;;;;cancelled
2024.01.04 19:45:07;Sell Stop;1.34;XAUUSD;2 036.24;2 038.64;2 026.24;2024.01.04 21:00:02;2 043.16;;;;cancelled
2024.01.04 05:00:07;Sell Stop;1.34;XAUUSD;2 030.65;2 033.05;2 020.65;2024.01.04 19:45:07;2 043.14;;;;cancelled
2024.01.04 05:00:07;Buy Stop;1.34;XAUUSD;2 065.99;2 063.59;2 075.99;2024.01.04 14:30:07;2 045.57;;;;cancelled
2024.01.03 19:54:55;Buy Stop;1.34;XAUUSD;2 065.99;2 063.59;2 075.99;2024.01.03 21:00:05;2 036.07;;;;cancelled
2024.01.03 19:53:54;Buy Stop;0.01;XAUUSD;2 065.99;2 063.59;2 075.99;2024.01.03 19:54:38;2 031.63;;;;cancelled
2024.01.03 18:04:53;Buy;0.50;XAUUSD;2 034.97;2 035.79;;2024.01.03 18:05:13;2 035.79;-1.50;;41.00;[sl]
2024.01.03 18:04:22;Buy;0.50;XAUUSD;2 034.73;2 034.71;;2024.01.03 18:04:46;2 034.71;-1.50;;-1.00;[sl]
2024.01.03 18:03:18;Buy;0.50;XAUUSD;2 034.53;2 034.90;;2024.01.03 18:03:49;2 034.90;-1.50;;18.50;[sl]
2024.01.03 18:02:57;Buy;0.50;XAUUSD;2 034.72;2 034.66;;2024.01.03 18:03:03;2 034.66;-1.50;;-3.00;[sl]
2024.01.03 17:39:31;Sell;0.50;XAUUSD;2 032.89;2 032.71;;2024.01.03 17:40:08;2 032.71;-1.50;;9.00;[sl]
2024.01.03 17:39:15;Sell;0.50;XAUUSD;2 032.89;2 032.56;;2024.01.03 17:39:24;2 032.56;-1.50;;16.50;[sl]
2024.01.03 17:38:32;Sell;0.50;XAUUSD;2 034.10;2 033.23;;2024.01.03 17:38:46;2 033.23;-1.50;;43.50;[sl]
2024.01.03 17:35:01;Sell;0.50;XAUUSD;2 035.78;2 035.55;;2024.01.03 17:35:20;2 035.55;-1.50;;11.50;[sl]
2024.01.03 17:34:34;Sell;0.50;XAUUSD;2 035.41;2 035.71;;2024.01.03 17:34:36;2 035.71;-1.50;;-15.00;[sl]
2024.01.03 17:34:11;Sell;0.50;XAUUSD;2 035.92;2 035.38;;2024.01.03 17:34:24;2 035.38;-1.50;;27.00;[sl]
2024.01.03 17:33:44;Sell;0.50;XAUUSD;2 035.68;2 035.92;;2024.01.03 17:34:04;2 035.92;-1.50;;-12.00;[sl]
2024.01.03 17:19:48;Sell;0.50;XAUUSD;2 038.05;2 038.26;;2024.01.03 17:19:58;2 038.26;-1.50;;-10.50;[sl]
2024.01.03 17:19:41;Sell;0.50;XAUUSD;2 037.75;2 038.07;;2024.01.03 17:19:43;2 038.07;-1.50;;-16.00;[sl]
2024.01.03 17:19:12;Sell;0.50;XAUUSD;2 038.11;2 037.78;;2024.01.03 17:19:29;2 037.78;-1.50;;16.50;[sl]
2024.01.03 17:18:56;Sell;0.50;XAUUSD;2 038.38;2 038.62;;2024.01.03 17:19:01;2 038.62;-1.50;;-12.00;[sl]
2024.01.03 17:18:41;Sell;0.50;XAUUSD;2 038.35;2 038.51;;2024.01.03 17:18:51;2 038.51;-1.50;;-8.00;[sl]
2024.01.03 17:18:09;Sell;0.50;XAUUSD;2 038.17;2 038.13;;2024.01.03 17:18:18;2 038.13;-1.50;;2.00;[sl]
2024.01.03 17:17:57;Sell;0.50;XAUUSD;2 037.82;2 038.07;;2024.01.03 17:18:01;2 038.07;-1.50;;-12.50;[sl]
2024.01.03 17:13:40;Sell;0.50;XAUUSD;2 041.06;2 041.05;;2024.01.03 17:14:00;2 041.05;-1.50;;0.50;[sl]
2024.01.03 17:04:59;Buy;0.50;XAUUSD;2 046.86;2 046.79;;2024.01.03 17:05:05;2 046.79;-1.50;;-3.50;[sl]
2024.01.03 17:04:50;Buy;0.50;XAUUSD;2 046.96;2 046.78;;2024.01.03 17:04:57;2 046.78;-1.50;;-9.00;[sl]
2024.01.03 17:04:39;Buy;0.50;XAUUSD;2 046.87;2 046.78;;2024.01.03 17:04:44;2 046.78;-1.50;;-4.50;[sl]
2024.01.03 17:04:32;Buy;0.50;XAUUSD;2 047.71;2 047.36;;2024.01.03 17:04:33;2 047.36;-1.50;;-17.50;[sl]
2024.01.03 17:04:20;Buy;0.50;XAUUSD;2 048.63;2 048.44;;2024.01.03 17:04:26;2 048.44;-1.50;;-9.50;[sl]
2024.01.03 17:04:05;Buy;0.50;XAUUSD;2 047.95;2 048.54;;2024.01.03 17:04:14;2 048.54;-1.50;;29.50;[sl]
2024.01.03 17:03:53;Buy;0.50;XAUUSD;2 046.75;2 047.70;;2024.01.03 17:04:02;2 047.70;-1.50;;47.50;[sl]
2024.01.03 17:03:31;Buy;0.50;XAUUSD;2 045.62;2 046.80;;2024.01.03 17:03:47;2 046.80;-1.50;;59.00;[sl]
2024.01.03 17:03:21;Buy;0.50;XAUUSD;2 045.42;2 045.46;;2024.01.03 17:03:29;2 045.46;-1.50;;2.00;[sl]
2024.01.03 17:03:08;Buy;0.50;XAUUSD;2 045.10;2 045.30;;2024.01.03 17:03:16;2 045.30;-1.50;;10.00;[sl]
2024.01.03 17:02:52;Buy;0.50;XAUUSD;2 044.02;2 044.88;;2024.01.03 17:03:04;2 044.88;-1.50;;43.00;[sl]
2024.01.03 17:02:43;Buy;0.50;XAUUSD;2 043.82;2 043.78;;2024.01.03 17:02:50;2 043.78;-1.50;;-2.00;[sl]
2024.01.03 17:02:35;Buy;0.50;XAUUSD;2 043.81;2 043.56;;2024.01.03 17:02:36;2 043.56;-1.50;;-12.50;[sl]
2024.01.03 17:02:30;Buy;0.50;XAUUSD;2 044.03;2 043.78;;2024.01.03 17:02:33;2 043.78;-1.50;;-12.50;[sl]
2024.01.03 17:02:17;Buy;0.50;XAUUSD;2 043.92;2 044.32;;2024.01.03 17:02:23;2 044.32;-1.50;;20.00;[sl]
2024.01.03 17:01:59;Buy;0.50;XAUUSD;2 042.58;2 043.96;;2024.01.03 17:02:14;2 043.96;-1.50;;69.00;[sl]
2024.01.03 17:01:48;Buy;0.50;XAUUSD;2 043.18;2 042.92;;2024.01.03 17:01:50;2 042.92;-1.50;;-13.00;[sl]
2024.01.03 17:01:40;Buy;0.50;XAUUSD;2 042.68;2 043.08;;2024.01.03 17:01:45;2 043.08;-1.50;;20.00;[sl]
2024.01.03 17:01:31;Buy;0.50;XAUUSD;2 043.19;2 042.95;;2024.01.03 17:01:32;2 042.95;-1.50;;-12.00;[sl]
2024.01.03 17:01:19;Buy;0.50;XAUUSD;2 042.60;2 042.97;;2024.01.03 17:01:28;2 042.97;-1.50;;18.50;[sl]
2024.01.03 17:01:11;Buy;0.50;XAUUSD;2 042.23;2 042.26;;2024.01.03 17:01:17;2 042.26;-1.50;;1.50;[sl]
2024.01.03 17:00:57;Buy;0.50;XAUUSD;2 042.93;2 042.36;;2024.01.03 17:01:04;2 042.36;-1.50;;-28.50;[sl]
2024.01.03 17:00:45;Buy;0.50;XAUUSD;2 043.22;2 043.04;;2024.01.03 17:00:47;2 043.04;-1.50;;-9.00;[sl]
2024.01.03 17:00:39;Buy;0.50;XAUUSD;2 042.82;2 042.92;;2024.01.03 17:00:43;2 042.92;-1.50;;5.00;[sl]
2024.01.03 17:00:35;Buy;0.50;XAUUSD;2 043.10;2 042.78;;2024.01.03 17:00:36;2 042.78;-1.50;;-16.00;[sl]
2024.01.03 17:00:21;Buy;0.50;XAUUSD;2 043.28;2 044.17;;2024.01.03 17:00:26;2 044.17;-1.50;;44.50;[sl]
2024.01.03 17:00:11;Buy;0.50;XAUUSD;2 042.13;2 043.18;;2024.01.03 17:00:18;2 043.18;-1.50;;52.50;[sl]
2024.01.03 16:38:33;Sell;0.50;XAUUSD;2 033.84;2 033.97;;2024.01.03 16:38:45;2 033.97;-1.50;;-6.50;[sl]
2024.01.03 16:38:23;Sell;0.50;XAUUSD;2 033.32;2 033.59;;2024.01.03 16:38:24;2 033.59;-1.50;;-13.50;[sl]
2024.01.03 16:38:07;Sell;0.50;XAUUSD;2 033.45;2 033.47;;2024.01.03 16:38:13;2 033.47;-1.50;;-1.00;[sl]
2024.01.03 16:37:41;Sell;0.50;XAUUSD;2 033.03;2 033.07;;2024.01.03 16:37:45;2 033.07;-1.50;;-2.00;[sl]
2024.01.03 16:37:05;Sell;0.50;XAUUSD;2 032.59;2 032.21;;2024.01.03 16:37:13;2 032.21;-1.50;;19.00;[sl]
2024.01.03 15:50:04;Sell;0.50;XAUUSD;2 039.76;2 039.89;;2024.01.03 15:50:10;2 039.89;-1.50;;-6.50;[sl]
2024.01.03 15:49:51;Sell;0.50;XAUUSD;2 039.79;2 040.09;;2024.01.03 15:49:57;2 040.09;-1.50;;-15.00;[sl]
2024.01.03 15:49:41;Sell;0.50;XAUUSD;2 040.09;2 040.09;;2024.01.03 15:49:48;2 040.09;-1.50;;0.00;[sl]
2024.01.03 15:49:29;Sell;0.50;XAUUSD;2 040.11;2 040.33;;2024.01.03 15:49:35;2 040.33;-1.50;;-11.00;[sl]
2024.01.03 15:49:01;Sell;0.50;XAUUSD;2 040.00;2 040.23;;2024.01.03 15:49:20;2 040.23;-1.50;;-11.50;[sl]
2024.01.03 15:48:49;Sell;0.50;XAUUSD;2 039.94;2 040.12;;2024.01.03 15:48:53;2 040.12;-1.50;;-9.00;[sl]
2024.01.03 15:24:41;Sell;0.50;XAUUSD;2 043.03;2 043.15;;2024.01.03 15:25:07;2 043.15;-1.50;;-6.00;[sl]
2024.01.03 15:24:16;Sell;0.50;XAUUSD;2 043.25;2 043.28;;2024.01.03 15:24:36;2 043.28;-1.50;;-1.50;[sl]
2024.01.03 14:34:25;Buy;0.50;XAUUSD;2 044.38;2 044.42;;2024.01.03 14:34:51;2 044.42;-1.50;;2.00;[sl]
2024.01.03 14:10:05;Sell;0.50;XAUUSD;2 044.77;2 045.04;;2024.01.03 14:10:14;2 045.04;-1.50;;-13.50;[sl]
2024.01.03 14:09:36;Sell;0.50;XAUUSD;2 044.45;2 044.75;;2024.01.03 14:09:50;2 044.75;-1.50;;-15.00;[sl]
2024.01.03 14:08:31;Sell;0.50;XAUUSD;2 044.83;2 045.07;;2024.01.03 14:08:34;2 045.07;-1.50;;-12.00;[sl]
2024.01.03 14:08:13;Sell;0.50;XAUUSD;2 044.21;2 044.45;;2024.01.03 14:08:15;2 044.45;-1.50;;-12.00;[sl]
2024.01.03 14:08:05;Sell;0.50;XAUUSD;2 044.30;2 044.49;;2024.01.03 14:08:10;2 044.49;-1.50;;-9.50;[sl]
2024.01.03 14:07:50;Sell;0.50;XAUUSD;2 044.31;2 044.39;;2024.01.03 14:07:59;2 044.39;-1.50;;-4.00;[sl]
2024.01.03 14:07:42;Sell;0.50;XAUUSD;2 044.17;2 044.32;;2024.01.03 14:07:45;2 044.32;-1.50;;-7.50;[sl]
2024.01.03 14:07:12;Sell;0.50;XAUUSD;2 043.85;2 043.83;;2024.01.03 14:07:20;2 043.83;-1.50;;1.00;[sl]
2024.01.03 14:07:01;Sell;0.50;XAUUSD;2 043.67;2 043.62;;2024.01.03 14:07:05;2 043.62;-1.50;;2.50;[sl]
2024.01.03 14:06:49;Sell;0.50;XAUUSD;2 043.88;2 043.80;;2024.01.03 14:06:57;2 043.80;-1.50;;4.00;[sl]
2024.01.03 13:45:05;Sell;0.50;XAUUSD;2 049.11;2 048.91;;2024.01.03 13:45:17;2 048.91;-1.50;;10.00;[sl]
2024.01.03 13:44:15;Sell;0.50;XAUUSD;2 049.23;2 049.65;;2024.01.03 13:44:34;2 049.65;-1.50;;-21.00;[sl]
2024.01.03 11:44:50;Sell;0.50;XAUUSD;2 054.33;2 055.23;;2024.01.03 11:45:00;2 055.23;-1.50;;-45.00;[sl]
2023.12.29 20:05:00;Sell;0.50;XAUUSD;2 062.42;2 062.63;;2023.12.29 20:05:10;2 062.63;-1.50;;-10.50;[sl]
2023.12.29 20:04:42;Sell;0.50;XAUUSD;2 062.72;2 062.64;;2023.12.29 20:04:56;2 062.64;-1.50;;4.00;[sl]
2023.12.29 20:04:29;Sell;0.50;XAUUSD;2 062.76;2 062.90;;2023.12.29 20:04:31;2 062.90;-1.50;;-7.00;[sl]
2023.12.29 20:03:44;Sell;0.50;XAUUSD;2 062.09;2 061.53;;2023.12.29 20:03:59;2 061.53;-1.50;;28.00;[sl]
2023.12.29 20:03:28;Sell;0.50;XAUUSD;2 061.98;2 061.82;;2023.12.29 20:03:33;2 061.82;-1.50;;8.00;[sl]
2023.12.29 20:03:13;Sell;0.50;XAUUSD;2 061.84;2 062.06;;2023.12.29 20:03:20;2 062.06;-1.50;;-11.00;[sl]
2023.12.29 20:02:19;Sell;0.50;XAUUSD;2 062.80;2 062.05;;2023.12.29 20:02:58;2 062.05;-1.50;;37.50;[sl]
2023.12.29 20:01:58;Sell;0.50;XAUUSD;2 062.56;2 062.74;;2023.12.29 20:02:13;2 062.74;-1.50;;-9.00;[sl]
2023.12.29 20:01:22;Sell;0.50;XAUUSD;2 063.40;2 062.74;;2023.12.29 20:01:51;2 062.74;-1.50;;33.00;[sl]
2023.12.29 16:00:14;Sell;0.50;XAUUSD;2 059.94;2 060.26;;2023.12.29 16:00:21;2 060.26;-1.50;;-16.00;[sl]
2023.12.29 15:59:09;Sell;0.50;XAUUSD;2 058.51;2 058.61;;2023.12.29 15:59:16;2 058.61;-1.50;;-5.00;[sl]
2023.12.29 15:58:26;Sell;0.50;XAUUSD;2 058.96;2 058.92;;2023.12.29 15:59:01;2 058.92;-1.50;;2.00;[sl]
2023.12.29 15:57:23;Sell;0.50;XAUUSD;2 059.56;2 059.07;;2023.12.29 15:58:03;2 059.07;-1.50;;24.50;[sl]
2023.12.29 15:56:41;Sell;0.50;XAUUSD;2 058.62;2 058.68;;2023.12.29 15:56:58;2 058.68;-1.50;;-3.00;[sl]
2023.12.29 15:56:31;Sell;0.50;XAUUSD;2 058.76;2 058.68;;2023.12.29 15:56:32;2 058.68;-1.50;;4.00;[sl]
2023.12.28 20:05:03;Sell;0.50;XAUUSD;2 073.04;2 073.08;;2023.12.28 20:05:14;2 073.08;-1.50;;-2.00;[sl]
2023.12.28 20:04:40;Sell;0.50;XAUUSD;2 072.70;2 072.92;;2023.12.28 20:04:54;2 072.92;-1.50;;-11.00;[sl]
2023.12.28 20:03:49;Sell;0.50;XAUUSD;2 072.46;2 072.40;;2023.12.28 20:04:01;2 072.40;-1.50;;3.00;[sl]
2023.12.28 20:03:06;Sell;0.50;XAUUSD;2 072.54;2 072.55;;2023.12.28 20:03:45;2 072.55;-1.50;;-0.50;[sl]
2023.12.28 16:00:10;Sell;0.50;XAUUSD;2 073.12;2 072.96;;2023.12.28 16:00:18;2 072.96;-1.50;;8.00;[sl]
2023.12.28 15:59:34;Sell;0.50;XAUUSD;2 072.32;2 072.62;;2023.12.28 15:59:38;2 072.62;-1.50;;-15.00;[sl]
2023.12.28 15:59:10;Sell;0.50;XAUUSD;2 072.34;2 072.38;;2023.12.28 15:59:25;2 072.38;-1.50;;-2.00;[sl]
2023.12.28 15:58:29;Sell;0.50;XAUUSD;2 073.16;2 072.39;;2023.12.28 15:58:59;2 072.39;-1.50;;38.50;[sl]
2023.12.28 10:30:02;Sell;0.50;XAUUSD;2 077.40;2 077.60;;2023.12.28 10:30:20;2 077.60;-1.50;;-10.00;[sl]
2023.12.28 10:15:03;Sell;0.50;XAUUSD;2 081.90;2 081.32;;2023.12.28 10:15:56;2 081.32;-1.50;;29.00;[sl]
2023.12.28 03:54:43;Buy;0.50;XAUUSD;2 087.26;2 087.47;;2023.12.28 03:55:10;2 087.47;-1.50;;10.50;[sl]
2023.12.27 20:34:29;Sell;0.50;XAUUSD;2 079.63;2 079.05;;2023.12.27 20:35:10;2 079.05;-1.50;;29.00;[sl]
2023.12.27 17:40:07;Buy;0.50;XAUUSD;2 081.57;2 081.23;;2023.12.27 17:40:16;2 081.23;-1.50;;-17.00;[sl]
2023.12.27 17:39:33;Buy;0.50;XAUUSD;2 081.33;2 081.51;;2023.12.27 17:39:45;2 081.51;-1.50;;9.00;[sl]
2023.12.27 17:39:20;Buy;0.50;XAUUSD;2 080.59;2 081.13;;2023.12.27 17:39:29;2 081.13;-1.50;;27.00;[sl]
2023.12.27 17:19:15;Buy;0.50;XAUUSD;2 073.79;2 073.60;;2023.12.27 17:19:39;2 073.60;-1.50;;-9.50;[sl]
2023.12.27 17:18:46;Buy;0.50;XAUUSD;2 073.75;2 073.47;;2023.12.27 17:19:03;2 073.47;-1.50;;-14.00;[sl]
2023.12.27 17:18:11;Buy;0.50;XAUUSD;2 074.19;2 073.89;;2023.12.27 17:18:15;2 073.89;-1.50;;-15.00;[sl]
2023.12.27 17:15:18;Buy;0.50;XAUUSD;2 071.92;2 072.79;;2023.12.27 17:16:19;2 072.79;-1.50;;43.50;[sl]
2023.12.27 17:14:13;Buy;0.50;XAUUSD;2 072.47;2 072.23;;2023.12.27 17:14:33;2 072.23;-1.50;;-12.00;[sl]
2023.12.27 17:13:34;Buy;0.50;XAUUSD;2 072.97;2 073.11;;2023.12.27 17:13:46;2 073.11;-1.50;;7.00;[sl]
2023.12.27 17:13:21;Buy;0.50;XAUUSD;2 073.11;2 072.91;;2023.12.27 17:13:25;2 072.91;-1.50;;-10.00;[sl]
2023.12.27 14:54:45;Sell;0.50;XAUUSD;2 064.59;2 064.76;;2023.12.27 14:55:00;2 064.76;-1.50;;-8.50;[sl]
2023.12.26 16:39:37;Sell;0.50;XAUUSD;2 057.19;2 056.79;;2023.12.26 16:40:09;2 056.79;-1.50;;20.00;[sl]
2023.12.26 16:39:02;Sell;0.50;XAUUSD;2 058.07;2 057.12;;2023.12.26 16:39:25;2 057.12;-1.50;;47.50;[sl]
2023.12.26 16:38:11;Sell;0.50;XAUUSD;2 058.13;2 057.39;;2023.12.26 16:38:33;2 057.39;-1.50;;37.00;[sl]
2023.12.22 18:50:17;Sell;0.50;XAUUSD;2 052.29;2 052.67;;2023.12.22 18:50:20;2 052.67;-1.50;;-19.00;[sl]
2023.12.22 18:49:43;Sell;0.50;XAUUSD;2 051.45;2 051.61;;2023.12.22 18:49:54;2 051.61;-1.50;;-8.00;[sl]
2023.12.22 18:49:24;Sell;0.50;XAUUSD;2 052.90;2 051.83;;2023.12.22 18:49:39;2 051.83;-1.50;;53.50;[sl]
2023.12.22 18:49:06;Sell;0.50;XAUUSD;2 053.03;2 053.11;;2023.12.22 18:49:18;2 053.11;-1.50;;-4.00;[sl]
2023.12.22 18:48:55;Sell;0.50;XAUUSD;2 053.34;2 053.16;;2023.12.22 18:49:02;2 053.16;-1.50;;9.00;[sl]
2023.12.22 18:48:33;Sell;0.50;XAUUSD;2 053.37;2 053.50;;2023.12.22 18:48:50;2 053.50;-1.50;;-6.50;[sl]
2023.12.22 18:05:04;Sell;0.50;XAUUSD;2 058.21;2 058.05;;2023.12.22 18:05:57;2 058.05;-1.50;;8.00;[sl]
2023.12.22 18:04:44;Sell;0.50;XAUUSD;2 058.01;2 058.26;;2023.12.22 18:04:50;2 058.26;-1.50;;-12.50;[sl]
2023.12.22 17:25:01;Sell;0.50;XAUUSD;2 063.91;2 063.59;;2023.12.22 17:25:23;2 063.59;-1.50;;16.00;[sl]
2023.12.22 17:24:43;Sell;0.50;XAUUSD;2 064.39;2 064.09;;2023.12.22 17:24:57;2 064.09;-1.50;;15.00;[sl]
2023.12.22 17:19:36;Sell;0.50;XAUUSD;2 067.94;2 067.64;;2023.12.22 17:20:00;2 067.64;-1.50;;15.00;[sl]
2023.12.22 17:18:24;Sell;0.50;XAUUSD;2 066.89;2 066.90;;2023.12.22 17:18:40;2 066.90;-1.50;;-0.50;[sl]
2023.12.22 17:17:56;Sell;0.50;XAUUSD;2 066.62;2 066.84;;2023.12.22 17:18:14;2 066.84;-1.50;;-11.00;[sl]
2023.12.22 16:48:41;Sell;0.50;XAUUSD;2 066.73;2 066.97;;2023.12.22 16:48:43;2 066.97;-1.50;;-12.00;[sl]
2023.12.22 16:48:13;Sell;0.50;XAUUSD;2 066.61;2 066.75;;2023.12.22 16:48:27;2 066.75;-1.50;;-7.00;[sl]
2023.12.22 16:47:46;Sell;0.50;XAUUSD;2 066.63;2 066.75;;2023.12.22 16:48:00;2 066.75;-1.50;;-6.00;[sl]
2023.12.22 15:55:12;Buy;0.50;XAUUSD;2 068.12;2 068.09;;2023.12.22 15:55:27;2 068.09;-1.50;;-1.50;[sl]
2023.12.22 15:54:38;Buy;0.50;XAUUSD;2 068.91;2 068.81;;2023.12.22 15:54:55;2 068.81;-1.50;;-5.00;[sl]
2023.12.22 15:54:22;Buy;0.50;XAUUSD;2 069.03;2 068.77;;2023.12.22 15:54:25;2 068.77;-1.50;;-13.00;[sl]
2023.12.22 15:54:12;Buy;0.50;XAUUSD;2 069.10;2 068.81;;2023.12.22 15:54:16;2 068.81;-1.50;;-14.50;[sl]
2023.12.22 15:53:58;Buy;0.50;XAUUSD;2 069.14;2 068.90;;2023.12.22 15:54:00;2 068.90;-1.50;;-12.00;[sl]
2023.12.22 15:53:40;Buy;0.50;XAUUSD;2 069.00;2 069.05;;2023.12.22 15:53:46;2 069.05;-1.50;;2.50;[sl]
2023.12.22 15:52:56;Buy;0.50;XAUUSD;2 068.47;2 069.02;;2023.12.22 15:53:23;2 069.02;-1.50;;27.50;[sl]
2023.12.22 15:52:48;Buy;0.50;XAUUSD;2 068.37;2 068.22;;2023.12.22 15:52:53;2 068.22;-1.50;;-7.50;[sl]
2023.12.22 15:52:00;Buy;0.50;XAUUSD;2 068.41;2 068.30;;2023.12.22 15:52:44;2 068.30;-1.50;;-5.50;[sl]
2023.12.22 15:49:42;Buy;0.50;XAUUSD;2 066.60;2 066.74;;2023.12.22 15:50:17;2 066.74;-1.50;;7.00;[sl]
2023.12.22 15:49:35;Buy;0.50;XAUUSD;2 066.90;2 066.73;;2023.12.22 15:49:36;2 066.73;-1.50;;-8.50;[sl]
2023.12.22 15:49:13;Buy;0.50;XAUUSD;2 066.80;2 066.71;;2023.12.22 15:49:29;2 066.71;-1.50;;-4.50;[sl]
2023.12.22 15:48:52;Buy;0.50;XAUUSD;2 066.60;2 066.82;;2023.12.22 15:49:01;2 066.82;-1.50;;11.00;[sl]
2023.12.22 15:48:42;Buy;0.50;XAUUSD;2 066.34;2 066.32;;2023.12.22 15:48:49;2 066.32;-1.50;;-1.00;[sl]
2023.12.22 15:48:16;Buy;0.50;XAUUSD;2 066.00;2 066.41;;2023.12.22 15:48:20;2 066.41;-1.50;;20.50;[sl]
2023.12.22 15:48:06;Buy;0.50;XAUUSD;2 065.61;2 065.97;;2023.12.22 15:48:15;2 065.97;-1.50;;18.00;[sl]
2023.12.22 15:34:51;Sell;0.50;XAUUSD;2 059.07;2 059.49;;2023.12.22 15:34:54;2 059.49;-1.50;;-21.00;[sl]
2023.12.22 15:34:14;Sell;0.50;XAUUSD;2 059.79;2 060.02;;2023.12.22 15:34:17;2 060.02;-1.50;;-11.50;[sl]
2023.12.22 15:33:39;Sell;0.50;XAUUSD;2 059.26;2 059.40;;2023.12.22 15:33:45;2 059.40;-1.50;;-7.00;[sl]
2023.12.22 15:33:23;Sell;0.50;XAUUSD;2 059.29;2 059.30;;2023.12.22 15:33:24;2 059.30;-1.50;;-0.50;[sl]
2023.12.22 15:33:13;Sell;0.50;XAUUSD;2 058.79;2 058.91;;2023.12.22 15:33:16;2 058.91;-1.50;;-6.00;[sl]
2023.12.22 15:33:07;Sell;0.50;XAUUSD;2 058.87;2 058.80;;2023.12.22 15:33:09;2 058.80;-1.50;;3.50;[sl]
2023.12.22 15:32:38;Sell;0.50;XAUUSD;2 058.26;2 058.55;;2023.12.22 15:32:46;2 058.55;-1.50;;-14.50;[sl]
2023.12.22 15:32:26;Sell;0.50;XAUUSD;2 058.99;2 058.44;;2023.12.22 15:32:34;2 058.44;-1.50;;27.50;[sl]
2023.12.22 15:32:21;Sell;0.50;XAUUSD;2 058.85;2 059.09;;2023.12.22 15:32:23;2 059.09;-1.50;;-12.00;[sl]
2023.12.22 15:32:07;Sell;0.50;XAUUSD;2 059.09;2 058.61;;2023.12.22 15:32:18;2 058.61;-1.50;;24.00;[sl]
2023.12.22 15:31:31;Sell;0.50;XAUUSD;2 059.45;2 059.82;;2023.12.22 15:31:33;2 059.82;-1.50;;-18.50;[sl]
2023.12.22 15:31:18;Sell;0.50;XAUUSD;2 058.55;2 058.81;;2023.12.22 15:31:21;2 058.81;-1.50;;-13.00;[sl]
2023.12.22 15:31:09;Sell;0.50;XAUUSD;2 058.68;2 058.21;;2023.12.22 15:31:11;2 058.21;-1.50;;23.50;[sl]
2023.12.22 15:30:56;Sell;0.50;XAUUSD;2 058.53;2 059.09;;2023.12.22 15:31:00;2 059.09;-1.50;;-28.00;[sl]
2023.12.22 15:30:38;Sell;0.50;XAUUSD;2 058.81;2 059.05;;2023.12.22 15:30:47;2 059.05;-1.50;;-12.00;[sl]
2023.12.22 15:30:25;Sell;0.50;XAUUSD;2 060.42;2 059.01;;2023.12.22 15:30:38;2 059.01;-1.50;;70.50;[sl]
2023.12.22 15:00:04;Sell;0.50;XAUUSD;2 060.01;2 059.17;;2023.12.22 15:00:07;2 059.17;-1.50;;42.00;[sl]
2023.12.22 14:59:28;Sell;0.50;XAUUSD;2 059.98;2 060.21;;2023.12.22 14:59:56;2 060.21;-1.50;;-11.50;[sl]
2023.12.22 14:59:20;Sell;0.50;XAUUSD;2 059.99;2 060.09;;2023.12.22 14:59:24;2 060.09;-1.50;;-5.00;[sl]
2023.12.22 14:58:52;Sell;0.50;XAUUSD;2 059.97;2 060.02;;2023.12.22 14:59:08;2 060.02;-1.50;;-2.50;[sl]
2023.12.22 14:58:17;Sell;0.50;XAUUSD;2 059.61;2 059.85;;2023.12.22 14:58:25;2 059.85;-1.50;;-12.00;[sl]
2023.12.22 14:49:52;Sell;0.50;XAUUSD;2 063.09;2 062.71;;2023.12.22 14:50:23;2 062.71;-1.50;;19.00;[sl]
2023.12.22 14:49:01;Sell;0.50;XAUUSD;2 063.17;2 063.31;;2023.12.22 14:49:25;2 063.31;-1.50;;-7.00;[sl]
2023.12.22 14:48:40;Sell;0.50;XAUUSD;2 062.92;2 062.99;;2023.12.22 14:48:46;2 062.99;-1.50;;-3.50;[sl]
2023.12.22 13:39:42;Buy;0.50;XAUUSD;2 062.78;2 062.74;;2023.12.22 13:40:04;2 062.74;-1.50;;-2.00;[sl]
2023.12.22 13:29:42;Buy;0.50;XAUUSD;2 062.03;2 062.22;;2023.12.22 13:30:10;2 062.22;-1.50;;9.50;[sl]
2023.12.22 01:45:11;Buy;0.50;XAUUSD;2 053.95;2 053.95;;2023.12.22 01:45:21;2 053.95;-1.50;;0.00;[sl]
2023.12.22 01:44:35;Buy;0.50;XAUUSD;2 054.01;2 053.74;;2023.12.22 01:44:39;2 053.74;-1.50;;-13.50;[sl]
2023.12.22 01:42:37;Buy;0.50;XAUUSD;2 052.96;2 052.94;;2023.12.22 01:42:41;2 052.94;-1.50;;-1.00;[sl]
2023.12.21 17:09:57;Sell;0.50;XAUUSD;2 038.10;2 038.32;;2023.12.21 17:10:05;2 038.32;-1.50;;-11.00;[sl]
2023.12.21 17:09:29;Sell;0.50;XAUUSD;2 038.43;2 038.24;;2023.12.21 17:09:48;2 038.24;-1.50;;9.50;[sl]
2023.12.21 17:08:46;Sell;0.50;XAUUSD;2 037.67;2 038.08;;2023.12.21 17:09:16;2 038.08;-1.50;;-20.50;[sl]
2023.12.21 17:08:21;Sell;0.50;XAUUSD;2 037.40;2 037.81;;2023.12.21 17:08:30;2 037.81;-1.50;;-20.50;[sl]
2023.12.21 16:48:56;Buy;0.50;XAUUSD;2 045.28;2 045.75;;2023.12.21 16:50:02;2 045.75;-1.50;;23.50;[sl]
2023.12.21 16:47:57;Buy;0.50;XAUUSD;2 045.50;2 045.23;;2023.12.21 16:48:02;2 045.23;-1.50;;-13.50;[sl]
2023.12.21 16:47:45;Buy;0.50;XAUUSD;2 045.39;2 045.14;;2023.12.21 16:47:49;2 045.14;-1.50;;-12.50;[sl]
2023.12.21 16:47:31;Buy;0.50;XAUUSD;2 045.83;2 045.48;;2023.12.21 16:47:38;2 045.48;-1.50;;-17.50;[sl]
2023.12.21 16:47:11;Buy;0.50;XAUUSD;2 045.08;2 045.07;;2023.12.21 16:47:16;2 045.07;-1.50;;-0.50;[sl]
2023.12.21 16:43:00;Sell;0.50;XAUUSD;2 041.83;2 042.18;;2023.12.21 16:43:14;2 042.18;-1.50;;-17.50;[sl]
2023.12.21 16:42:46;Sell;0.50;XAUUSD;2 041.58;2 041.79;;2023.12.21 16:42:50;2 041.79;-1.50;;-10.50;[sl]
2023.12.21 16:29:37;Buy;0.50;XAUUSD;2 041.60;2 042.25;;2023.12.21 16:30:12;2 042.25;-1.50;;32.50;[sl]
2023.12.21 16:28:52;Buy;0.50;XAUUSD;2 041.66;2 041.45;;2023.12.21 16:28:59;2 041.45;-1.50;;-10.50;[sl]
2023.12.21 16:09:31;Sell;0.50;XAUUSD;2 039.05;2 037.39;;2023.12.21 16:10:09;2 037.39;-1.50;;83.00;[sl]
2023.12.21 16:09:01;Sell;0.50;XAUUSD;2 039.26;2 039.32;;2023.12.21 16:09:28;2 039.32;-1.50;;-3.00;[sl]
2023.12.21 16:08:36;Sell;0.50;XAUUSD;2 039.25;2 039.48;;2023.12.21 16:08:44;2 039.48;-1.50;;-11.50;[sl]
2023.12.21 16:08:08;Sell;0.50;XAUUSD;2 039.41;2 039.49;;2023.12.21 16:08:25;2 039.49;-1.50;;-4.00;[sl]
2023.12.21 16:07:48;Sell;0.50;XAUUSD;2 039.33;2 039.51;;2023.12.21 16:08:03;2 039.51;-1.50;;-9.00;[sl]
2023.12.21 16:07:33;Sell;0.50;XAUUSD;2 039.49;2 039.79;;2023.12.21 16:07:36;2 039.79;-1.50;;-15.00;[sl]
2023.12.21 16:07:06;Sell;0.50;XAUUSD;2 039.68;2 039.55;;2023.12.21 16:07:09;2 039.55;-1.50;;6.50;[sl]
2023.12.21 15:44:11;Buy;0.50;XAUUSD;2 043.05;2 043.36;;2023.12.21 15:44:26;2 043.36;-1.50;;15.50;[sl]
2023.12.21 15:43:31;Buy;0.50;XAUUSD;2 044.01;2 043.84;;2023.12.21 15:43:40;2 043.84;-1.50;;-8.50;[sl]
2023.12.21 15:43:24;Buy;0.50;XAUUSD;2 044.54;2 044.26;;2023.12.21 15:43:26;2 044.26;-1.50;;-14.00;[sl]
2023.12.21 15:43:10;Buy;0.50;XAUUSD;2 044.70;2 044.67;;2023.12.21 15:43:15;2 044.67;-1.50;;-1.50;[sl]
2023.12.21 15:43:05;Buy;0.50;XAUUSD;2 044.74;2 044.48;;2023.12.21 15:43:08;2 044.48;-1.50;;-13.00;[sl]
2023.12.21 15:42:46;Buy;0.50;XAUUSD;2 044.34;2 044.82;;2023.12.21 15:43:04;2 044.82;-1.50;;24.00;[sl]
2023.12.21 15:42:41;Buy;0.50;XAUUSD;2 044.85;2 044.64;;2023.12.21 15:42:43;2 044.64;-1.50;;-10.50;[sl]
2023.12.21 15:42:04;Buy;0.50;XAUUSD;2 045.06;2 045.34;;2023.12.21 15:42:24;2 045.34;-1.50;;14.00;[sl]
2023.12.21 15:41:45;Buy;0.50;XAUUSD;2 044.81;2 044.84;;2023.12.21 15:41:56;2 044.84;-1.50;;1.50;[sl]
2023.12.21 15:41:33;Buy;0.50;XAUUSD;2 045.52;2 044.57;;2023.12.21 15:41:43;2 044.57;-1.50;;-47.50;[sl]
2023.12.21 15:35:11;Buy;0.50;XAUUSD;2 039.50;2 040.00;;2023.12.21 15:35:28;2 040.00;-1.50;;25.00;[sl]
2023.12.21 15:34:39;Buy;0.50;XAUUSD;2 040.20;2 040.33;;2023.12.21 15:34:45;2 040.33;-1.50;;6.50;[sl]
2023.12.21 15:34:32;Buy;0.50;XAUUSD;2 040.28;2 039.98;;2023.12.21 15:34:34;2 039.98;-1.50;;-15.00;[sl]
2023.12.21 15:34:07;Buy;0.50;XAUUSD;2 039.04;2 040.12;;2023.12.21 15:34:28;2 040.12;-1.50;;54.00;[sl]
2023.12.21 15:33:54;Buy;0.50;XAUUSD;2 038.79;2 038.68;;2023.12.21 15:33:59;2 038.68;-1.50;;-5.50;[sl]
2023.12.21 15:33:32;Buy;0.50;XAUUSD;2 038.65;2 038.92;;2023.12.21 15:33:48;2 038.92;-1.50;;13.50;[sl]
2023.12.21 15:33:28;Buy;0.50;XAUUSD;2 038.62;2 038.33;;2023.12.21 15:33:29;2 038.33;-1.50;;-14.50;[sl]
2023.12.21 15:33:13;Buy;0.50;XAUUSD;2 038.13;2 038.39;;2023.12.21 15:33:27;2 038.39;-1.50;;13.00;[sl]
2023.12.21 15:31:51;Sell;0.50;XAUUSD;2 033.81;2 034.03;;2023.12.21 15:31:54;2 034.03;-1.50;;-11.00;[sl]
2023.12.21 15:30:12;Sell;0.50;XAUUSD;2 036.82;2 035.79;;2023.12.21 15:30:18;2 035.79;-1.50;;51.50;[sl]
2023.12.20 21:54:02;Sell;0.50;XAUUSD;2 031.89;2 032.13;;2023.12.20 21:54:07;2 032.13;-1.50;;-12.00;[sl]
2023.12.20 17:15:50;Sell;0.50;XAUUSD;2 034.56;2 034.64;;2023.12.20 17:16:10;2 034.64;-1.50;;-4.00;[sl]
2023.12.20 17:14:27;Sell;0.50;XAUUSD;2 033.34;2 033.63;;2023.12.20 17:14:33;2 033.63;-1.50;;-14.50;[sl]
2023.12.20 17:14:22;Sell;0.50;XAUUSD;2 033.26;2 033.55;;2023.12.20 17:14:24;2 033.55;-1.50;;-14.50;[sl]
2023.12.20 17:14:07;Sell;0.50;XAUUSD;2 033.42;2 033.45;;2023.12.20 17:14:17;2 033.45;-1.50;;-1.50;[sl]
2023.12.20 17:13:51;Sell;0.50;XAUUSD;2 032.74;2 033.54;;2023.12.20 17:14:02;2 033.54;-1.50;;-40.00;[sl]
2023.12.20 17:06:23;Sell;0.50;XAUUSD;2 035.84;2 036.02;;2023.12.20 17:06:37;2 036.02;-1.50;;-9.00;[sl]
2023.12.20 17:04:46;Sell;0.50;XAUUSD;2 035.24;2 035.46;;2023.12.20 17:04:56;2 035.46;-1.50;;-11.00;[sl]
2023.12.20 17:04:25;Sell;0.50;XAUUSD;2 035.01;2 035.26;;2023.12.20 17:04:30;2 035.26;-1.50;;-12.50;[sl]
2023.12.20 17:03:40;Sell;0.50;XAUUSD;2 035.68;2 035.24;;2023.12.20 17:04:23;2 035.24;-1.50;;22.00;[sl]
2023.12.20 17:02:48;Sell;0.50;XAUUSD;2 035.45;2 035.58;;2023.12.20 17:03:14;2 035.58;-1.50;;-6.50;[sl]
2023.12.20 17:02:16;Sell;0.50;XAUUSD;2 036.12;2 035.73;;2023.12.20 17:02:43;2 035.73;-1.50;;19.50;[sl]
2023.12.20 17:01:29;Sell;0.50;XAUUSD;2 035.98;2 035.66;;2023.12.20 17:01:52;2 035.66;-1.50;;16.00;[sl]
2023.12.20 16:25:48;Sell;0.50;XAUUSD;2 035.62;2 035.70;;2023.12.20 16:26:01;2 035.70;-1.50;;-4.00;[sl]
2023.12.20 16:24:24;Sell;0.50;XAUUSD;2 035.22;2 035.45;;2023.12.20 16:24:30;2 035.45;-1.50;;-11.50;[sl]
2023.12.20 16:23:47;Sell;0.50;XAUUSD;2 035.40;2 035.51;;2023.12.20 16:24:02;2 035.51;-1.50;;-5.50;[sl]
2023.12.20 16:15:18;Buy;0.50;XAUUSD;2 039.02;2 038.74;;2023.12.20 16:15:22;2 038.74;-1.50;;-14.00;[sl]
2023.12.20 16:14:29;Buy;0.50;XAUUSD;2 039.32;2 039.25;;2023.12.20 16:14:48;2 039.25;-1.50;;-3.50;[sl]
2023.12.20 16:13:48;Buy;0.50;XAUUSD;2 039.38;2 039.28;;2023.12.20 16:14:23;2 039.28;-1.50;;-5.00;[sl]
2023.12.20 16:13:31;Buy;0.50;XAUUSD;2 039.81;2 039.55;;2023.12.20 16:13:36;2 039.55;-1.50;;-13.00;[sl]
2023.12.20 16:13:16;Buy;0.50;XAUUSD;2 039.77;2 039.54;;2023.12.20 16:13:26;2 039.54;-1.50;;-11.50;[sl]
2023.12.19 17:44:44;Sell;0.50;XAUUSD;2 040.21;2 040.17;;2023.12.19 17:45:02;2 040.17;-1.50;;2.00;[sl]
2023.12.19 17:44:03;Sell;0.50;XAUUSD;2 039.34;2 039.55;;2023.12.19 17:44:08;2 039.55;-1.50;;-10.50;[sl]
2023.12.19 17:43:31;Sell;0.50;XAUUSD;2 039.92;2 039.47;;2023.12.19 17:43:47;2 039.47;-1.50;;22.50;[sl]
2023.12.19 17:43:13;Sell;0.50;XAUUSD;2 039.93;2 040.15;;2023.12.19 17:43:25;2 040.15;-1.50;;-11.00;[sl]
2023.12.19 16:50:01;Buy;0.50;XAUUSD;2 039.97;2 040.00;;2023.12.19 16:50:18;2 040.00;-1.50;;1.50;[sl]
2023.12.19 16:49:51;Buy;0.50;XAUUSD;2 040.07;2 039.77;;2023.12.19 16:49:58;2 039.77;-1.50;;-15.00;[sl]
2023.12.19 16:49:35;Buy;0.50;XAUUSD;2 040.18;2 039.98;;2023.12.19 16:49:41;2 039.98;-1.50;;-10.00;[sl]
2023.12.19 16:49:26;Buy;0.50;XAUUSD;2 040.06;2 039.96;;2023.12.19 16:49:33;2 039.96;-1.50;;-5.00;[sl]
2023.12.19 16:49:19;Buy;0.50;XAUUSD;2 040.14;2 039.94;;2023.12.19 16:49:23;2 039.94;-1.50;;-10.00;[sl]
2023.12.19 16:48:54;Buy;0.50;XAUUSD;2 040.79;2 040.83;;2023.12.19 16:49:10;2 040.83;-1.50;;2.00;[sl]
2023.12.19 16:48:19;Buy;0.50;XAUUSD;2 040.72;2 041.81;;2023.12.19 16:48:37;2 041.81;-1.50;;54.50;[sl]
2023.12.19 16:45:11;Buy;0.50;XAUUSD;2 037.04;2 037.77;;2023.12.19 16:45:36;2 037.77;-1.50;;36.50;[sl]
2023.12.19 16:39:49;Buy;0.50;XAUUSD;2 035.42;2 035.80;;2023.12.19 16:40:29;2 035.80;-1.50;;19.00;[sl]
2023.12.19 16:39:26;Buy;0.50;XAUUSD;2 035.60;2 035.57;;2023.12.19 16:39:31;2 035.57;-1.50;;-1.50;[sl]
2023.12.19 16:39:00;Buy;0.50;XAUUSD;2 035.48;2 035.75;;2023.12.19 16:39:17;2 035.75;-1.50;;13.50;[sl]
2023.12.19 16:38:30;Buy;0.50;XAUUSD;2 035.52;2 035.65;;2023.12.19 16:38:45;2 035.65;-1.50;;6.50;[sl]
2023.12.19 16:38:12;Buy;0.50;XAUUSD;2 035.96;2 035.64;;2023.12.19 16:38:18;2 035.64;-1.50;;-16.00;[sl]
2023.12.19 16:38:01;Buy;0.50;XAUUSD;2 035.77;2 035.60;;2023.12.19 16:38:06;2 035.60;-1.50;;-8.50;[sl]
2023.12.19 16:37:31;Buy;0.50;XAUUSD;2 035.30;2 035.61;;2023.12.19 16:37:54;2 035.61;-1.50;;15.50;[sl]
2023.12.18 19:59:52;Buy;0.50;XAUUSD;2 033.12;2 033.39;;2023.12.18 20:00:16;2 033.39;-1.50;;13.50;[sl]
2023.12.18 19:59:13;Buy;0.50;XAUUSD;2 033.09;2 032.92;;2023.12.18 19:59:20;2 032.92;-1.50;;-8.50;[sl]
2023.12.18 19:58:58;Buy;0.50;XAUUSD;2 033.24;2 032.97;;2023.12.18 19:59:02;2 032.97;-1.50;;-13.50;[sl]
2023.12.18 19:58:45;Buy;0.50;XAUUSD;2 032.62;2 032.75;;2023.12.18 19:58:54;2 032.75;-1.50;;6.50;[sl]
2023.12.18 19:50:07;Buy;0.50;XAUUSD;2 028.23;2 029.60;;2023.12.18 19:50:10;2 029.60;-1.50;;68.50;[sl]
2023.12.18 19:49:25;Buy;0.50;XAUUSD;2 029.98;2 029.73;;2023.12.18 19:49:39;2 029.73;-1.50;;-12.50;[sl]
2023.12.18 19:49:18;Buy;0.50;XAUUSD;2 030.31;2 030.16;;2023.12.18 19:49:20;2 030.16;-1.50;;-7.50;[sl]
2023.12.18 19:49:07;Buy;0.50;XAUUSD;2 030.36;2 030.04;;2023.12.18 19:49:15;2 030.04;-1.50;;-16.00;[sl]
2023.12.18 19:48:39;Buy;0.50;XAUUSD;2 027.34;2 029.58;;2023.12.18 19:49:02;2 029.58;-1.50;;112.00;[sl]
2023.12.18 19:48:26;Buy;0.50;XAUUSD;2 026.92;2 027.09;;2023.12.18 19:48:34;2 027.09;-1.50;;8.50;[sl]
2023.12.15 17:14:36;Buy;0.50;XAUUSD;2 036.42;2 036.79;;2023.12.15 17:15:05;2 036.79;-1.50;;18.50;[sl]
2023.12.15 17:14:02;Buy;0.50;XAUUSD;2 036.03;2 036.97;;2023.12.15 17:14:22;2 036.97;-1.50;;47.00;[sl]
2023.12.15 15:44:58;Sell;0.50;XAUUSD;2 028.72;2 028.90;;2023.12.15 15:45:10;2 028.90;-1.50;;-9.00;[sl]
2023.12.15 15:44:46;Sell;0.50;XAUUSD;2 029.00;2 029.12;;2023.12.15 15:44:54;2 029.12;-1.50;;-6.00;[sl]
2023.12.15 15:38:18;Sell;0.50;XAUUSD;2 034.29;2 034.39;;2023.12.15 15:38:26;2 034.39;-1.50;;-5.00;[sl]
2023.12.14 17:34:14;Sell;0.50;XAUUSD;2 038.44;2 038.05;;2023.12.14 17:34:27;2 038.05;-1.50;;19.50;[sl]
2023.12.14 17:33:46;Sell;0.50;XAUUSD;2 038.89;2 038.91;;2023.12.14 17:34:01;2 038.91;-1.50;;-1.00;[sl]
2023.12.14 17:29:53;Sell;0.50;XAUUSD;2 042.57;2 042.76;;2023.12.14 17:30:01;2 042.76;-1.50;;-9.50;[sl]
2023.12.14 17:14:36;Buy;0.50;XAUUSD;2 046.73;2 046.66;;2023.12.14 17:14:44;2 046.66;-1.50;;-3.50;[sl]
2023.12.14 17:14:12;Buy;0.50;XAUUSD;2 046.76;2 046.47;;2023.12.14 17:14:29;2 046.47;-1.50;;-14.50;[sl]
2023.12.14 17:04:52;Buy;0.50;XAUUSD;2 045.67;2 045.54;;2023.12.14 17:05:02;2 045.54;-1.50;;-6.50;[sl]
2023.12.14 17:04:13;Buy;0.50;XAUUSD;2 045.83;2 045.55;;2023.12.14 17:04:38;2 045.55;-1.50;;-14.00;[sl]
2023.12.14 17:04:02;Buy;0.50;XAUUSD;2 045.99;2 045.80;;2023.12.14 17:04:09;2 045.80;-1.50;;-9.50;[sl]
2023.12.14 17:03:49;Buy;0.50;XAUUSD;2 046.12;2 045.78;;2023.12.14 17:03:52;2 045.78;-1.50;;-17.00;[sl]
2023.12.14 17:03:22;Buy;0.50;XAUUSD;2 046.28;2 046.15;;2023.12.14 17:03:24;2 046.15;-1.50;;-6.50;[sl]
2023.12.14 17:02:47;Buy;0.50;XAUUSD;2 046.04;2 046.29;;2023.12.14 17:02:58;2 046.29;-1.50;;12.50;[sl]
2023.12.14 17:02:38;Buy;0.50;XAUUSD;2 046.10;2 045.77;;2023.12.14 17:02:39;2 045.77;-1.50;;-16.50;[sl]
2023.12.14 16:49:15;Sell;0.50;XAUUSD;2 044.44;2 043.34;;2023.12.14 16:50:00;2 043.34;-1.50;;55.00;[sl]
2023.12.14 16:48:42;Sell;0.50;XAUUSD;2 044.69;2 044.61;;2023.12.14 16:48:58;2 044.61;-1.50;;4.00;[sl]
2023.12.14 15:44:59;Buy;0.50;XAUUSD;2 033.85;2 033.55;;2023.12.14 15:45:10;2 033.55;-1.50;;-15.00;[sl]
2023.12.14 15:32:53;Sell;0.50;XAUUSD;2 029.36;2 029.42;;2023.12.14 15:32:58;2 029.42;-1.50;;-3.00;[sl]
2023.12.14 15:32:34;Sell;0.50;XAUUSD;2 028.95;2 028.75;;2023.12.14 15:32:47;2 028.75;-1.50;;10.00;[sl]
2023.12.14 15:32:15;Sell;0.50;XAUUSD;2 028.96;2 028.55;;2023.12.14 15:32:23;2 028.55;-1.50;;20.50;[sl]
2023.12.14 15:31:58;Sell;0.50;XAUUSD;2 029.18;2 029.08;;2023.12.14 15:32:12;2 029.08;-1.50;;5.00;[sl]
2023.12.14 15:23:55;Sell;0.50;XAUUSD;2 031.74;2 031.67;;2023.12.14 15:24:01;2 031.67;-1.50;;3.50;[sl]
2023.12.14 15:23:33;Sell;0.50;XAUUSD;2 031.80;2 031.55;;2023.12.14 15:23:42;2 031.55;-1.50;;12.50;[sl]
2023.12.13 22:28:24;Sell;0.50;XAUUSD;2 016.68;2 016.88;;2023.12.13 22:28:27;2 016.88;-1.50;;-10.00;[sl]
2023.12.13 22:27:37;Sell;0.50;XAUUSD;2 017.05;2 016.64;;2023.12.13 22:28:01;2 016.64;-1.50;;20.50;[sl]
2023.12.13 22:27:01;Sell;0.50;XAUUSD;2 016.80;2 016.78;;2023.12.13 22:27:09;2 016.78;-1.50;;1.00;[sl]
2023.12.13 22:24:30;Buy;0.50;XAUUSD;2 019.37;2 019.27;;2023.12.13 22:24:41;2 019.27;-1.50;;-5.00;[sl]
2023.12.13 22:24:16;Buy;0.50;XAUUSD;2 019.93;2 019.66;;2023.12.13 22:24:22;2 019.66;-1.50;;-13.50;[sl]
2023.12.13 22:23:57;Buy;0.50;XAUUSD;2 020.98;2 020.90;;2023.12.13 22:24:12;2 020.90;-1.50;;-4.00;[sl]
2023.12.13 22:23:26;Buy;0.50;XAUUSD;2 020.92;2 021.14;;2023.12.13 22:23:48;2 021.14;-1.50;;11.00;[sl]
2023.12.13 22:22:53;Buy;0.50;XAUUSD;2 020.32;2 020.55;;2023.12.13 22:23:17;2 020.55;-1.50;;11.50;[sl]
2023.12.13 22:22:31;Buy;0.50;XAUUSD;2 019.79;2 020.07;;2023.12.13 22:22:50;2 020.07;-1.50;;14.00;[sl]
2023.12.13 22:22:06;Buy;0.50;XAUUSD;2 019.07;2 019.50;;2023.12.13 22:22:27;2 019.50;-1.50;;21.50;[sl]
2023.12.13 22:21:50;Buy;0.50;XAUUSD;2 019.58;2 019.56;;2023.12.13 22:21:52;2 019.56;-1.50;;-1.00;[sl]
2023.12.13 21:19:54;Buy;0.50;XAUUSD;2 005.37;2 005.28;;2023.12.13 21:20:01;2 005.28;-1.50;;-4.50;[sl]
2023.12.13 21:13:39;Buy;0.50;XAUUSD;2 002.78;2 004.52;;2023.12.13 21:14:16;2 004.52;-1.50;;87.00;[sl]
2023.12.13 15:35:10;Buy;0.50;XAUUSD;1 984.38;1 984.16;;2023.12.13 15:35:19;1 984.16;-1.50;;-11.00;[sl]
2023.12.13 15:34:05;Buy;0.50;XAUUSD;1 985.03;1 984.73;;2023.12.13 15:34:27;1 984.73;-1.50;;-15.00;[sl]
2023.12.11 15:23:21;Buy;0.50;XAUUSD;1 995.55;1 995.51;;2023.12.11 15:23:39;1 995.51;-1.50;;-2.00;[sl]
2023.12.11 15:23:01;Buy;0.50;XAUUSD;1 995.41;1 995.45;;2023.12.11 15:23:04;1 995.45;-1.50;;2.00;[sl]
2023.12.11 09:58:59;Sell;0.50;XAUUSD;1 993.17;1 992.91;;2023.12.11 09:59:07;1 992.91;-1.50;;13.00;[sl]
2023.12.08 18:59:01;Sell;0.50;XAUUSD;2 001.80;2 001.92;;2023.12.08 18:59:31;2 001.92;-1.50;;-6.00;[sl]
2023.12.08 16:32:59;Buy;0.50;XAUUSD;2 008.41;2 008.33;;2023.12.08 16:33:06;2 008.33;-1.50;;-4.00;[sl]
2023.12.08 16:23:11;Sell;0.50;XAUUSD;2 006.40;2 004.39;;2023.12.08 16:23:24;2 004.39;-1.50;;100.50;[sl]
2023.12.08 16:22:59;Sell;0.50;XAUUSD;2 006.26;2 006.88;;2023.12.08 16:23:04;2 006.88;-1.50;;-31.00;[sl]
2023.12.08 16:20:00;Sell;0.50;XAUUSD;2 008.76;2 009.16;;2023.12.08 16:20:07;2 009.16;-1.50;;-20.00;[sl]
2023.12.07 16:50:07;Sell;0.50;XAUUSD;2 027.09;2 027.26;;2023.12.07 16:50:26;2 027.26;-1.50;;-8.50;[sl]
2023.12.07 16:49:52;Sell;0.50;XAUUSD;2 027.02;2 027.28;;2023.12.07 16:49:59;2 027.28;-1.50;;-13.00;[sl]
2023.12.07 16:49:41;Sell;0.50;XAUUSD;2 027.17;2 027.22;;2023.12.07 16:49:46;2 027.22;-1.50;;-2.50;[sl]
2023.12.07 16:49:06;Sell;0.50;XAUUSD;2 026.57;2 026.52;;2023.12.07 16:49:21;2 026.52;-1.50;;2.50;[sl]
2023.12.07 16:20:16;Sell;0.50;XAUUSD;2 031.49;2 031.54;;2023.12.07 16:20:48;2 031.54;-1.50;;-2.50;[sl]
2023.12.07 16:19:35;Sell;0.50;XAUUSD;2 030.80;2 030.99;;2023.12.07 16:19:40;2 030.99;-1.50;;-9.50;[sl]
2023.12.07 16:19:27;Sell;0.50;XAUUSD;2 031.00;2 031.07;;2023.12.07 16:19:32;2 031.07;-1.50;;-3.50;[sl]
2023.12.07 15:48:39;Buy;0.50;XAUUSD;2 039.13;2 039.11;;2023.12.07 15:48:50;2 039.11;-1.50;;-1.00;[sl]
2023.12.06 17:50:29;Buy;0.50;XAUUSD;2 030.77;2 030.71;;2023.12.06 17:50:42;2 030.71;-1.50;;-3.00;[sl]
2023.12.06 17:05:09;Sell;0.50;XAUUSD;2 024.52;2 024.36;;2023.12.06 17:05:32;2 024.36;-1.50;;8.00;[sl]
2023.12.06 16:49:14;Sell;0.50;XAUUSD;2 027.67;2 028.06;;2023.12.06 16:49:15;2 028.06;-1.50;;-19.50;[sl]
2023.12.06 16:46:13;Sell;0.50;XAUUSD;2 026.62;2 026.86;;2023.12.06 16:46:30;2 026.86;-1.50;;-12.00;[sl]
2023.12.06 16:39:55;Sell;0.50;XAUUSD;2 029.82;2 029.73;;2023.12.06 16:40:08;2 029.73;-1.50;;4.50;[sl]
2023.12.06 16:37:42;Sell;0.50;XAUUSD;2 029.66;2 029.96;;2023.12.06 16:37:55;2 029.96;-1.50;;-15.00;[sl]
2023.12.05 19:09:26;Buy;0.50;XAUUSD;2 018.35;2 018.23;;2023.12.05 19:09:47;2 018.23;-1.50;;-6.00;[sl]
2023.12.05 17:29:31;Sell;0.50;XAUUSD;2 017.75;2 017.72;;2023.12.05 17:29:48;2 017.72;-1.50;;1.50;[sl]
2023.12.05 11:17:52;Buy;0.50;XAUUSD;2 032.08;2 031.93;;2023.12.05 11:18:13;2 031.93;-1.50;;-7.50;[sl]
2023.12.05 06:50:02;Sell;0.50;XAUUSD;2 033.67;2 033.63;;2023.12.05 06:51:41;2 033.63;-1.50;;2.00;[sl]
2023.12.04 17:37:17;Sell;0.50;XAUUSD;2 020.78;2 022.05;;2023.12.04 17:37:30;2 022.05;-1.50;;-63.50;[sl]
2023.12.04 17:27:45;Sell;0.50;XAUUSD;2 027.96;2 026.60;;2023.12.04 17:27:52;2 026.60;-1.50;;68.00;[sl]
2023.12.04 17:27:17;Sell;0.50;XAUUSD;2 029.98;2 029.75;;2023.12.04 17:27:29;2 029.75;-1.50;;11.50;[sl]
2023.12.04 17:23:20;Sell;0.50;XAUUSD;2 037.52;2 037.71;;2023.12.04 17:23:30;2 037.71;-1.50;;-9.50;[sl]
2023.12.04 16:34:21;Buy;0.50;XAUUSD;2 046.58;2 046.78;;2023.12.04 16:34:26;2 046.78;-1.50;;10.00;[sl]
2023.12.04 16:33:12;Buy;0.50;XAUUSD;2 047.55;2 047.33;;2023.12.04 16:33:16;2 047.33;-1.50;;-11.00;[sl]
2023.12.04 16:22:13;Sell;0.50;XAUUSD;2 045.59;2 045.78;;2023.12.04 16:22:20;2 045.78;-1.50;;-9.50;[sl]
2023.12.04 16:19:56;Sell;0.50;XAUUSD;2 047.32;2 046.42;;2023.12.04 16:20:22;2 046.42;-1.50;;45.00;[sl]
2023.12.04 16:19:31;Sell;0.50;XAUUSD;2 047.41;2 047.29;;2023.12.04 16:19:48;2 047.29;-1.50;;6.00;[sl]
2023.12.04 16:19:09;Sell;0.50;XAUUSD;2 047.28;2 047.46;;2023.12.04 16:19:15;2 047.46;-1.50;;-9.00;[sl]
2023.12.04 16:18:54;Sell;0.50;XAUUSD;2 047.41;2 047.72;;2023.12.04 16:18:59;2 047.72;-1.50;;-15.50;[sl]
2023.12.04 16:17:28;Sell;0.50;XAUUSD;2 045.92;2 046.82;;2023.12.04 16:17:33;2 046.82;-1.50;;-45.00;[sl]
2023.12.04 15:40:20;Sell;0.50;XAUUSD;2 060.90;2 061.12;;2023.12.04 15:40:33;2 061.12;-1.50;;-11.00;[sl]
2023.12.04 15:37:50;Sell;0.50;XAUUSD;2 060.97;2 060.22;;2023.12.04 15:38:10;2 060.22;-1.50;;37.50;[sl]
2023.12.04 15:29:42;Sell;0.50;XAUUSD;2 064.70;2 064.88;;2023.12.04 15:29:55;2 064.88;-1.50;;-9.00;[sl]
2023.12.04 15:29:16;Sell;0.50;XAUUSD;2 065.13;2 065.54;;2023.12.04 15:29:27;2 065.54;-1.50;;-20.50;[sl]
2023.12.04 11:35:21;Buy;0.50;XAUUSD;2 075.47;2 075.55;;2023.12.04 11:35:38;2 075.55;-1.50;;4.00;[sl]
2023.12.01 20:35:07;Buy;0.50;XAUUSD;2 074.11;2 074.43;;2023.12.01 20:35:13;2 074.43;-1.50;;16.00;[sl]
2023.12.01 18:15:00;Buy;0.50;XAUUSD;2 056.26;2 056.63;;2023.12.01 18:15:11;2 056.63;-1.50;;18.50;[sl]
2023.12.01 18:14:34;Buy;0.50;XAUUSD;2 055.71;2 056.31;;2023.12.01 18:14:53;2 056.31;-1.50;;30.00;[sl]
2023.12.01 18:13:51;Buy;0.50;XAUUSD;2 055.10;2 056.55;;2023.12.01 18:14:00;2 056.55;-1.50;;72.50;[sl]
2023.12.01 18:12:37;Buy;0.50;XAUUSD;2 054.78;2 054.69;;2023.12.01 18:12:51;2 054.69;-1.50;;-4.50;[sl]
2023.12.01 17:23:31;Buy;0.50;XAUUSD;2 050.41;2 050.13;;2023.12.01 17:23:34;2 050.13;-1.50;;-14.00;[sl]
2023.12.01 17:23:02;Buy;0.50;XAUUSD;2 050.89;2 051.14;;2023.12.01 17:23:09;2 051.14;-1.50;;12.50;[sl]
2023.12.01 17:22:23;Buy;0.50;XAUUSD;2 052.86;2 052.97;;2023.12.01 17:22:25;2 052.97;-1.50;;5.50;[sl]
2023.12.01 17:10:02;Buy;0.50;XAUUSD;2 047.12;2 047.14;;2023.12.01 17:10:09;2 047.14;-1.50;;1.00;[sl]
2023.12.01 17:08:29;Buy;0.50;XAUUSD;2 047.54;2 047.32;;2023.12.01 17:08:33;2 047.32;-1.50;;-11.00;[sl]
2023.12.01 17:04:39;Buy;0.50;XAUUSD;2 047.77;2 047.96;;2023.12.01 17:05:08;2 047.96;-1.50;;9.50;[sl]
2023.12.01 17:04:19;Buy;0.50;XAUUSD;2 047.74;2 047.95;;2023.12.01 17:04:33;2 047.95;-1.50;;10.50;[sl]
2023.12.01 17:04:10;Buy;0.50;XAUUSD;2 048.11;2 047.88;;2023.12.01 17:04:13;2 047.88;-1.50;;-11.50;[sl]
2023.12.01 17:04:01;Buy;0.50;XAUUSD;2 048.00;2 048.12;;2023.12.01 17:04:06;2 048.12;-1.50;;6.00;[sl]
2023.12.01 17:03:24;Buy;0.50;XAUUSD;2 047.65;2 047.82;;2023.12.01 17:03:31;2 047.82;-1.50;;8.50;[sl]
2023.12.01 17:03:01;Buy;0.50;XAUUSD;2 047.71;2 048.11;;2023.12.01 17:03:14;2 048.11;-1.50;;20.00;[sl]
2023.12.01 17:02:28;Buy;0.50;XAUUSD;2 047.07;2 048.32;;2023.12.01 17:02:47;2 048.32;-1.50;;62.50;[sl]
2023.12.01 17:02:01;Buy;0.50;XAUUSD;2 046.40;2 046.45;;2023.12.01 17:02:05;2 046.45;-1.50;;2.50;[sl]
2023.12.01 17:01:41;Buy;0.50;XAUUSD;2 045.67;2 045.63;;2023.12.01 17:01:46;2 045.63;-1.50;;-2.00;[sl]
2023.11.30 17:10:00;Sell;0.50;XAUUSD;2 032.64;2 032.82;;2023.11.30 17:10:49;2 032.82;-1.50;;-9.00;[sl]
2023.11.30 17:03:28;Sell;0.50;XAUUSD;2 035.16;2 035.35;;2023.11.30 17:03:35;2 035.35;-1.50;;-9.50;[sl]
2023.11.30 16:54:48;Buy;0.50;XAUUSD;2 036.40;2 036.16;;2023.11.30 16:54:58;2 036.16;-1.50;;-12.00;[sl]
2023.11.30 16:53:03;Buy;0.50;XAUUSD;2 036.91;2 036.67;;2023.11.30 16:53:23;2 036.67;-1.50;;-12.00;[sl]
2023.11.30 16:39:47;Sell;0.50;XAUUSD;2 033.30;2 033.53;;2023.11.30 16:40:00;2 033.53;-1.50;;-11.50;[sl]
2023.11.29 17:10:00;Sell;0.50;XAUUSD;2 042.30;2 042.21;;2023.11.29 17:10:10;2 042.21;-1.50;;4.50;[sl]
2023.11.29 17:09:21;Sell;0.50;XAUUSD;2 043.39;2 042.39;;2023.11.29 17:09:54;2 042.39;-1.50;;50.00;[sl]
2023.11.29 17:08:55;Sell;0.50;XAUUSD;2 043.55;2 043.76;;2023.11.29 17:09:04;2 043.76;-1.50;;-10.50;[sl]
2023.11.29 16:39:36;Buy;0.50;XAUUSD;2 044.24;2 043.94;;2023.11.29 16:40:00;2 043.94;-1.50;;-15.00;[sl]
2023.11.29 16:38:20;Buy;0.50;XAUUSD;2 044.02;2 044.95;;2023.11.29 16:38:49;2 044.95;-1.50;;46.50;[sl]
2023.11.29 16:37:55;Buy;0.50;XAUUSD;2 043.72;2 043.75;;2023.11.29 16:38:10;2 043.75;-1.50;;1.50;[sl]
2023.11.29 16:37:31;Buy;0.50;XAUUSD;2 043.86;2 043.78;;2023.11.29 16:37:47;2 043.78;-1.50;;-4.00;[sl]
2023.11.28 18:09:52;Buy;0.50;XAUUSD;2 035.10;2 034.82;;2023.11.28 18:10:02;2 034.82;-1.50;;-14.00;[sl]
2023.11.28 17:04:25;Buy;0.50;XAUUSD;2 028.18;2 028.05;;2023.11.28 17:04:31;2 028.05;-1.50;;-6.50;[sl]
2023.11.28 17:04:13;Buy;0.50;XAUUSD;2 028.39;2 028.27;;2023.11.28 17:04:20;2 028.27;-1.50;;-6.00;[sl]
2023.11.28 16:49:41;Buy;0.50;XAUUSD;2 027.65;2 027.58;;2023.11.28 16:50:13;2 027.58;-1.50;;-3.50;[sl]
2023.11.28 16:49:23;Buy;0.50;XAUUSD;2 027.82;2 027.69;;2023.11.28 16:49:28;2 027.69;-1.50;;-6.50;[sl]
2023.11.28 16:48:30;Buy;0.50;XAUUSD;2 027.36;2 027.58;;2023.11.28 16:49:19;2 027.58;-1.50;;11.00;[sl]
2023.11.28 16:48:19;Buy;0.50;XAUUSD;2 027.43;2 027.33;;2023.11.28 16:48:20;2 027.33;-1.50;;-5.00;[sl]
2023.11.28 16:47:48;Buy;0.50;XAUUSD;2 027.36;2 027.14;;2023.11.28 16:48:03;2 027.14;-1.50;;-11.00;[sl]
2023.11.28 16:46:21;Buy;0.50;XAUUSD;2 027.21;2 027.17;;2023.11.28 16:47:24;2 027.17;-1.50;;-2.00;[sl]
2023.11.28 16:44:11;Sell;0.50;XAUUSD;2 023.70;2 023.90;;2023.11.28 16:44:16;2 023.90;-1.50;;-10.00;[sl]
2023.11.28 16:43:53;Sell;0.50;XAUUSD;2 023.41;2 023.65;;2023.11.28 16:44:00;2 023.65;-1.50;;-12.00;[sl]
2023.11.28 16:43:33;Sell;0.50;XAUUSD;2 023.24;2 023.48;;2023.11.28 16:43:44;2 023.48;-1.50;;-12.00;[sl]
2023.11.28 16:43:23;Sell;0.50;XAUUSD;2 023.38;2 023.45;;2023.11.28 16:43:31;2 023.45;-1.50;;-3.50;[sl]
2023.11.28 16:43:03;Sell;0.50;XAUUSD;2 023.20;2 023.70;;2023.11.28 16:43:08;2 023.70;-1.50;;-25.00;[sl]
2023.11.28 16:42:34;Sell;0.50;XAUUSD;2 023.21;2 023.25;;2023.11.28 16:42:41;2 023.25;-1.50;;-2.00;[sl]
2023.11.28 16:41:39;Sell;0.50;XAUUSD;2 024.30;2 023.32;;2023.11.28 16:42:04;2 023.32;-1.50;;49.00;[sl]
2023.11.28 16:41:07;Sell;0.50;XAUUSD;2 023.68;2 024.16;;2023.11.28 16:41:14;2 024.16;-1.50;;-24.00;[sl]
2023.11.28 16:40:55;Sell;0.50;XAUUSD;2 023.41;2 023.71;;2023.11.28 16:41:02;2 023.71;-1.50;;-15.00;[sl]
2023.11.28 16:40:43;Sell;0.50;XAUUSD;2 023.44;2 023.37;;2023.11.28 16:40:50;2 023.37;-1.50;;3.50;[sl]
2023.11.28 16:25:04;Buy;0.50;XAUUSD;2 027.40;2 027.17;;2023.11.28 16:25:17;2 027.17;-1.50;;-11.50;[sl]
2023.11.28 15:44:32;Buy;0.50;XAUUSD;2 020.38;2 020.15;;2023.11.28 15:44:41;2 020.15;-1.50;;-11.50;[sl]
2023.11.28 15:44:05;Buy;0.50;XAUUSD;2 020.51;2 020.47;;2023.11.28 15:44:11;2 020.47;-1.50;;-2.00;[sl]
2023.11.28 15:43:16;Buy;0.50;XAUUSD;2 020.07;2 020.28;;2023.11.28 15:43:27;2 020.28;-1.50;;10.50;[sl]
2023.11.28 15:43:06;Buy;0.50;XAUUSD;2 020.28;2 019.89;;2023.11.28 15:43:12;2 019.89;-1.50;;-19.50;[sl]
2023.11.28 15:42:41;Buy;0.50;XAUUSD;2 020.85;2 020.95;;2023.11.28 15:42:48;2 020.95;-1.50;;5.00;[sl]
2023.11.27 17:09:56;Sell;0.50;XAUUSD;2 010.37;2 010.77;;2023.11.27 17:10:01;2 010.77;-1.50;;-20.00;[sl]
2023.11.27 17:06:51;Sell;0.50;XAUUSD;2 009.68;2 009.92;;2023.11.27 17:07:00;2 009.92;-1.50;;-12.00;[sl]
2023.11.27 17:06:24;Sell;0.50;XAUUSD;2 009.78;2 009.12;;2023.11.27 17:06:32;2 009.12;-1.50;;33.00;[sl]
2023.11.27 17:03:57;Buy;0.50;XAUUSD;2 013.64;2 013.34;;2023.11.27 17:04:04;2 013.34;-1.50;;-15.00;[sl]
2023.11.27 17:03:37;Buy;0.50;XAUUSD;2 013.99;2 013.67;;2023.11.27 17:03:45;2 013.67;-1.50;;-16.00;[sl]
2023.11.27 17:03:11;Buy;0.50;XAUUSD;2 013.36;2 013.72;;2023.11.27 17:03:29;2 013.72;-1.50;;18.00;[sl]
2023.11.27 17:02:30;Buy;0.50;XAUUSD;2 014.11;2 014.04;;2023.11.27 17:02:42;2 014.04;-1.50;;-3.50;[sl]
2023.11.27 17:02:25;Buy;0.50;XAUUSD;2 014.12;2 013.82;;2023.11.27 17:02:27;2 013.82;-1.50;;-15.00;[sl]
2023.11.27 17:02:05;Buy;0.50;XAUUSD;2 014.57;2 014.27;;2023.11.27 17:02:09;2 014.27;-1.50;;-15.00;[sl]
2023.11.27 17:01:33;Buy;0.50;XAUUSD;2 014.61;2 014.69;;2023.11.27 17:01:45;2 014.69;-1.50;;4.00;[sl]
2023.11.27 15:43:20;Sell;0.50;XAUUSD;2 010.40;2 011.20;;2023.11.27 15:43:43;2 011.20;-1.50;;-40.00;[sl]
2023.11.27 15:42:45;Sell;0.50;XAUUSD;2 010.34;2 010.20;;2023.11.27 15:42:51;2 010.20;-1.50;;7.00;[sl]
2023.11.24 15:39:27;Buy;0.50;XAUUSD;2 001.32;2 001.71;;2023.11.24 15:40:53;2 001.71;-1.50;;19.50;[sl]
2023.11.24 15:38:43;Buy;0.50;XAUUSD;2 001.57;2 001.37;;2023.11.24 15:39:08;2 001.37;-1.50;;-10.00;[sl]
2023.11.24 15:38:26;Buy;0.50;XAUUSD;2 001.19;2 001.31;;2023.11.24 15:38:31;2 001.31;-1.50;;6.00;[sl]
2023.11.24 15:38:18;Buy;0.50;XAUUSD;2 001.15;2 001.01;;2023.11.24 15:38:24;2 001.01;-1.50;;-7.00;[sl]
2023.11.24 15:38:07;Buy;0.50;XAUUSD;2 000.55;2 000.50;;2023.11.24 15:38:16;2 000.50;-1.50;;-2.50;[sl]
2023.11.24 15:37:23;Buy;0.50;XAUUSD;2 001.46;2 001.37;;2023.11.24 15:37:44;2 001.37;-1.50;;-4.50;[sl]
2023.11.24 15:37:14;Buy;0.50;XAUUSD;2 001.33;2 001.48;;2023.11.24 15:37:21;2 001.48;-1.50;;7.50;[sl]
2023.11.22 17:14:47;Sell;0.50;XAUUSD;1 993.28;1 993.49;;2023.11.22 17:15:01;1 993.49;-1.50;;-10.50;[sl]
2023.11.22 17:13:32;Sell;0.50;XAUUSD;1 993.62;1 992.89;;2023.11.22 17:14:07;1 992.89;-1.50;;36.50;[sl]
2023.11.22 17:13:12;Sell;0.50;XAUUSD;1 993.54;1 993.72;;2023.11.22 17:13:17;1 993.72;-1.50;;-9.00;[sl]
2023.11.22 17:12:47;Sell;0.50;XAUUSD;1 992.55;1 992.74;;2023.11.22 17:12:54;1 992.74;-1.50;;-9.50;[sl]
2023.11.22 17:04:59;Sell;0.50;XAUUSD;1 996.50;1 996.79;;2023.11.22 17:05:09;1 996.79;-1.50;;-14.50;[sl]
2023.11.22 17:04:21;Sell;0.50;XAUUSD;1 997.13;1 996.46;;2023.11.22 17:04:40;1 996.46;-1.50;;33.50;[sl]
2023.11.22 17:03:49;Sell;0.50;XAUUSD;1 997.55;1 997.35;;2023.11.22 17:04:17;1 997.35;-1.50;;10.00;[sl]
2023.11.22 17:03:31;Sell;0.50;XAUUSD;1 997.60;1 997.71;;2023.11.22 17:03:37;1 997.71;-1.50;;-5.50;[sl]
2023.11.22 17:02:52;Sell;0.50;XAUUSD;1 997.46;1 997.39;;2023.11.22 17:03:03;1 997.39;-1.50;;3.50;[sl]
2023.11.22 17:02:12;Sell;0.50;XAUUSD;1 998.36;1 997.14;;2023.11.22 17:02:32;1 997.14;-1.50;;61.00;[sl]
2023.11.22 17:01:49;Sell;0.50;XAUUSD;1 998.80;1 998.59;;2023.11.22 17:01:58;1 998.59;-1.50;;10.50;[sl]
2023.11.22 17:01:42;Sell;0.50;XAUUSD;1 998.93;1 999.15;;2023.11.22 17:01:46;1 999.15;-1.50;;-11.00;[sl]
2023.11.22 17:01:28;Sell;0.50;XAUUSD;1 998.86;1 999.14;;2023.11.22 17:01:35;1 999.14;-1.50;;-14.00;[sl]
2023.11.22 15:34:47;Sell;0.50;XAUUSD;1 999.78;2 000.08;;2023.11.22 15:35:05;2 000.08;-1.50;;-15.00;[sl]
2023.11.22 15:34:25;Sell;0.50;XAUUSD;1 999.76;1 999.90;;2023.11.22 15:34:34;1 999.90;-1.50;;-7.00;[sl]
2023.11.22 15:33:30;Sell;0.50;XAUUSD;1 999.76;2 000.10;;2023.11.22 15:33:46;2 000.10;-1.50;;-17.00;[sl]
2023.11.21 21:09:22;Sell;0.50;XAUUSD;1 996.68;1 996.96;;2023.11.21 21:09:27;1 996.96;-1.50;;-14.00;[sl]
2023.11.21 21:08:58;Sell;0.50;XAUUSD;1 996.62;1 996.64;;2023.11.21 21:09:14;1 996.64;-1.50;;-1.00;[sl]
2023.11.21 16:34:52;Buy;0.50;XAUUSD;2 003.61;2 003.85;;2023.11.21 16:35:13;2 003.85;-1.50;;12.00;[sl]
2023.11.21 15:45:16;Sell;0.50;XAUUSD;1 995.00;1 995.30;;2023.11.21 15:45:25;1 995.30;-1.50;;-15.00;[sl]
2023.11.21 15:44:19;Sell;0.50;XAUUSD;1 994.94;1 995.06;;2023.11.21 15:44:37;1 995.06;-1.50;;-6.00;[sl]
2023.11.21 15:34:56;Buy;0.50;XAUUSD;1 998.80;1 998.51;;2023.11.21 15:35:00;1 998.51;-1.50;;-14.50;[sl]
2023.11.21 15:34:27;Buy;0.50;XAUUSD;1 998.88;1 999.25;;2023.11.21 15:34:40;1 999.25;-1.50;;18.50;[sl]
2023.11.21 15:34:15;Buy;0.50;XAUUSD;1 998.98;1 998.66;;2023.11.21 15:34:19;1 998.66;-1.50;;-16.00;[sl]
2023.11.21 15:33:44;Buy;0.50;XAUUSD;1 998.80;1 998.89;;2023.11.21 15:33:54;1 998.89;-1.50;;4.50;[sl]
2023.11.21 15:33:24;Buy;0.50;XAUUSD;1 999.11;1 999.00;;2023.11.21 15:33:32;1 999.00;-1.50;;-5.50;[sl]
2023.11.21 15:33:00;Buy;0.50;XAUUSD;2 000.07;1 999.91;;2023.11.21 15:33:06;1 999.91;-1.50;;-8.00;[sl]
2023.11.21 15:31:47;Buy;0.50;XAUUSD;1 998.62;1 999.38;;2023.11.21 15:32:05;1 999.38;-1.50;;38.00;[sl]
2023.11.21 15:31:17;Buy;0.50;XAUUSD;1 998.46;1 998.57;;2023.11.21 15:31:26;1 998.57;-1.50;;5.50;[sl]
2023.11.21 15:30:59;Buy;0.50;XAUUSD;1 998.44;1 998.48;;2023.11.21 15:31:11;1 998.48;-1.50;;2.00;[sl]
2023.11.21 15:30:40;Buy;0.50;XAUUSD;1 999.48;1 998.89;;2023.11.21 15:30:46;1 998.89;-1.50;;-29.50;[sl]
2023.11.21 15:30:34;Buy;0.50;XAUUSD;1 999.24;1 999.22;;2023.11.21 15:30:36;1 999.22;-1.50;;-1.00;[sl]
2023.11.21 15:24:46;Buy;0.50;XAUUSD;1 996.05;1 995.82;;2023.11.21 15:25:03;1 995.82;-1.50;;-11.50;[sl]
2023.11.20 20:04:53;Buy;0.50;XAUUSD;1 978.19;1 977.98;;2023.11.20 20:05:02;1 977.98;-1.50;;-10.50;[sl]
2023.11.20 20:04:34;Buy;0.50;XAUUSD;1 977.94;1 978.02;;2023.11.20 20:04:47;1 978.02;-1.50;;4.00;[sl]
2023.11.20 20:04:21;Buy;0.50;XAUUSD;1 978.13;1 977.82;;2023.11.20 20:04:25;1 977.82;-1.50;;-15.50;[sl]
2023.11.20 16:50:08;Buy;0.50;XAUUSD;1 972.45;1 972.73;;2023.11.20 16:50:34;1 972.73;-1.50;;14.00;[sl]
2023.11.20 16:49:38;Buy;0.50;XAUUSD;1 972.56;1 972.54;;2023.11.20 16:49:57;1 972.54;-1.50;;-1.00;[sl]
2023.11.20 15:34:29;Sell;0.50;XAUUSD;1 966.74;1 966.59;;2023.11.20 15:34:42;1 966.59;-1.50;;7.50;[sl]
2023.11.20 15:34:10;Sell;0.50;XAUUSD;1 968.20;1 967.04;;2023.11.20 15:34:27;1 967.04;-1.50;;58.00;[sl]
2023.11.20 15:34:07;Sell;0.50;XAUUSD;1 968.34;1 968.66;;2023.11.20 15:34:09;1 968.66;-1.50;;-16.00;[sl]
2023.11.17 15:45:09;Sell;0.50;XAUUSD;1 984.87;1 984.60;;2023.11.17 15:45:42;1 984.60;-1.50;;13.50;[sl]
2023.11.17 15:44:25;Sell;0.50;XAUUSD;1 984.58;1 984.94;;2023.11.17 15:44:46;1 984.94;-1.50;;-18.00;[sl]
2023.11.16 18:45:30;Sell;0.50;XAUUSD;1 982.85;1 982.56;;2023.11.16 18:46:06;1 982.56;-1.50;;14.50;[sl]
2023.11.16 18:44:19;Sell;0.50;XAUUSD;1 982.93;1 982.68;;2023.11.16 18:44:47;1 982.68;-1.50;;12.50;[sl]
2023.11.16 18:44:07;Sell;0.50;XAUUSD;1 982.99;1 983.22;;2023.11.16 18:44:15;1 983.22;-1.50;;-11.50;[sl]
2023.11.16 16:50:00;Buy;0.50;XAUUSD;1 980.97;1 981.11;;2023.11.16 16:50:08;1 981.11;-1.50;;7.00;[sl]
2023.11.16 16:49:52;Buy;0.50;XAUUSD;1 981.51;1 981.25;;2023.11.16 16:49:53;1 981.25;-1.50;;-13.00;[sl]
2023.11.16 16:49:34;Buy;0.50;XAUUSD;1 982.66;1 982.52;;2023.11.16 16:49:42;1 982.52;-1.50;;-7.00;[sl]
2023.11.16 16:49:20;Buy;0.50;XAUUSD;1 982.16;1 982.41;;2023.11.16 16:49:28;1 982.41;-1.50;;12.50;[sl]
2023.11.16 16:48:37;Buy;0.50;XAUUSD;1 981.47;1 981.96;;2023.11.16 16:49:14;1 981.96;-1.50;;24.50;[sl]
2023.11.16 16:48:21;Buy;0.50;XAUUSD;1 981.77;1 981.37;;2023.11.16 16:48:26;1 981.37;-1.50;;-20.00;[sl]
2023.11.16 16:47:56;Buy;0.50;XAUUSD;1 981.93;1 981.80;;2023.11.16 16:48:00;1 981.80;-1.50;;-6.50;[sl]
2023.11.16 16:45:02;Buy;0.50;XAUUSD;1 979.67;1 979.21;;2023.11.16 16:45:09;1 979.21;-1.50;;-23.00;[sl]
2023.11.16 16:44:39;Buy;0.50;XAUUSD;1 979.30;1 979.24;;2023.11.16 16:44:55;1 979.24;-1.50;;-3.00;[sl]
2023.11.16 16:44:03;Buy;0.50;XAUUSD;1 979.67;1 979.62;;2023.11.16 16:44:19;1 979.62;-1.50;;-2.50;[sl]
2023.11.16 16:43:43;Buy;0.50;XAUUSD;1 979.05;1 979.34;;2023.11.16 16:43:58;1 979.34;-1.50;;14.50;[sl]
2023.11.16 16:43:06;Buy;0.50;XAUUSD;1 977.47;1 979.49;;2023.11.16 16:43:23;1 979.49;-1.50;;101.00;[sl]
2023.11.16 16:42:56;Buy;0.50;XAUUSD;1 977.57;1 977.37;;2023.11.16 16:43:03;1 977.37;-1.50;;-10.00;[sl]
2023.11.16 15:33:51;Buy;0.50;XAUUSD;1 971.33;1 972.56;;2023.11.16 15:34:32;1 972.56;-1.50;;61.50;[sl]
2023.11.16 15:33:25;Buy;0.50;XAUUSD;1 971.27;1 970.76;;2023.11.16 15:33:30;1 970.76;-1.50;;-25.50;[sl]
2023.11.16 15:33:10;Buy;0.50;XAUUSD;1 971.45;1 971.11;;2023.11.16 15:33:14;1 971.11;-1.50;;-17.00;[sl]
2023.11.16 15:33:00;Buy;0.50;XAUUSD;1 971.40;1 971.16;;2023.11.16 15:33:05;1 971.16;-1.50;;-12.00;[sl]
2023.11.16 15:31:22;Buy;0.50;XAUUSD;1 969.01;1 969.09;;2023.11.16 15:31:37;1 969.09;-1.50;;4.00;[sl]
2023.11.16 15:31:11;Buy;0.50;XAUUSD;1 968.76;1 968.92;;2023.11.16 15:31:16;1 968.92;-1.50;;8.00;[sl]
2023.11.15 16:55:01;Sell;0.50;XAUUSD;1 956.80;1 956.92;;2023.11.15 16:55:14;1 956.92;-1.50;;-6.00;[sl]
2023.11.15 16:54:52;Sell;0.50;XAUUSD;1 956.47;1 956.78;;2023.11.15 16:54:57;1 956.78;-1.50;;-15.50;[sl]
2023.11.15 16:54:41;Sell;0.50;XAUUSD;1 956.88;1 956.70;;2023.11.15 16:54:51;1 956.70;-1.50;;9.00;[sl]
2023.11.15 16:53:20;Sell;0.50;XAUUSD;1 955.98;1 955.83;;2023.11.15 16:53:35;1 955.83;-1.50;;7.50;[sl]
2023.11.15 16:52:22;Sell;0.50;XAUUSD;1 957.34;1 957.01;;2023.11.15 16:52:36;1 957.01;-1.50;;16.50;[sl]
2023.11.15 16:52:08;Sell;0.50;XAUUSD;1 957.74;1 957.98;;2023.11.15 16:52:09;1 957.98;-1.50;;-12.00;[sl]
2023.11.15 15:44:41;Sell;0.50;XAUUSD;1 964.50;1 964.37;;2023.11.15 15:45:08;1 964.37;-1.50;;6.50;[sl]
2023.11.15 15:43:53;Sell;0.50;XAUUSD;1 964.18;1 964.19;;2023.11.15 15:44:12;1 964.19;-1.50;;-0.50;[sl]
2023.11.15 15:35:00;Sell;0.50;XAUUSD;1 967.94;1 967.64;;2023.11.15 15:35:15;1 967.64;-1.50;;15.00;[sl]
2023.11.15 15:34:51;Sell;0.50;XAUUSD;1 968.14;1 968.09;;2023.11.15 15:34:57;1 968.09;-1.50;;2.50;[sl]
2023.11.14 17:54:04;Sell;0.50;XAUUSD;1 963.24;1 963.50;;2023.11.14 17:54:10;1 963.50;-1.50;;-13.00;[sl]
2023.11.14 16:39:52;Buy;0.50;XAUUSD;1 970.23;1 969.91;;2023.11.14 16:40:02;1 969.91;-1.50;;-16.00;[sl]
2023.11.14 16:39:41;Buy;0.50;XAUUSD;1 969.42;1 969.19;;2023.11.14 16:39:44;1 969.19;-1.50;;-11.50;[sl]
2023.11.14 16:35:05;Buy;0.50;XAUUSD;1 962.07;1 962.33;;2023.11.14 16:35:24;1 962.33;-1.50;;13.00;[sl]
2023.11.14 16:09:37;Buy;0.50;XAUUSD;1 958.12;1 958.01;;2023.11.14 16:09:55;1 958.01;-1.50;;-5.50;[sl]
2023.11.14 15:35:01;Buy;0.50;XAUUSD;1 957.10;1 957.27;;2023.11.14 15:35:03;1 957.27;-1.50;;8.50;[sl]
2023.11.13 17:03:25;Buy;0.50;XAUUSD;1 935.08;1 935.39;;2023.11.13 17:03:42;1 935.39;-1.50;;15.50;[sl]
2023.11.10 17:09:26;Buy;0.50;XAUUSD;1 945.07;1 945.57;;2023.11.10 17:09:49;1 945.57;-1.50;;25.00;[sl]
2023.11.10 17:09:16;Buy;0.50;XAUUSD;1 945.65;1 945.31;;2023.11.10 17:09:22;1 945.31;-1.50;;-17.00;[sl]
2023.11.10 17:08:52;Buy;0.50;XAUUSD;1 945.49;1 945.27;;2023.11.10 17:09:04;1 945.27;-1.50;;-11.00;[sl]
2023.11.10 17:08:25;Buy;0.50;XAUUSD;1 945.48;1 945.41;;2023.11.10 17:08:32;1 945.41;-1.50;;-3.50;[sl]
2023.11.10 17:08:14;Buy;0.50;XAUUSD;1 945.63;1 945.29;;2023.11.10 17:08:18;1 945.29;-1.50;;-17.00;[sl]
2023.11.09 15:35:01;Sell;0.50;XAUUSD;1 945.58;1 945.90;;2023.11.09 15:35:03;1 945.90;-1.50;;-16.00;[sl]
2023.11.09 15:34:28;Sell;0.50;XAUUSD;1 945.46;1 945.75;;2023.11.09 15:34:36;1 945.75;-1.50;;-14.50;[sl]
2023.11.09 15:34:04;Sell;0.50;XAUUSD;1 945.70;1 945.48;;2023.11.09 15:34:17;1 945.48;-1.50;;11.00;[sl]
2023.11.08 17:45:02;Sell;0.50;XAUUSD;1 951.49;1 951.64;;2023.11.08 17:45:12;1 951.64;-1.50;;-7.50;[sl]
2023.11.08 17:44:21;Sell;0.50;XAUUSD;1 951.39;1 951.56;;2023.11.08 17:44:51;1 951.56;-1.50;;-8.50;[sl]
2023.11.08 17:44:00;Sell;0.50;XAUUSD;1 951.52;1 951.80;;2023.11.08 17:44:18;1 951.80;-1.50;;-14.00;[sl]
2023.11.03 16:44:23;Buy;0.50;XAUUSD;1 998.80;1 998.60;;2023.11.03 16:44:37;1 998.60;-1.50;;-10.00;[sl]
2023.11.03 15:34:30;Buy;0.50;XAUUSD;1 998.72;1 999.17;;2023.11.03 15:34:40;1 999.17;-1.50;;22.50;[sl]
2023.11.03 15:33:25;Buy;0.50;XAUUSD;1 999.66;1 999.51;;2023.11.03 15:33:31;1 999.51;-1.50;;-7.50;[sl]
2023.11.03 15:25:21;Buy;0.50;XAUUSD;1 989.97;1 989.61;;2023.11.03 15:25:41;1 989.61;-1.50;;-18.00;[sl]
2023.11.03 15:24:12;Buy;0.50;XAUUSD;1 990.11;1 989.88;;2023.11.03 15:24:26;1 989.88;-1.50;;-11.50;[sl]
2023.11.03 15:23:47;Buy;0.50;XAUUSD;1 989.67;1 989.96;;2023.11.03 15:24:08;1 989.96;-1.50;;14.50;[sl]
2023.11.03 15:23:21;Buy;0.50;XAUUSD;1 989.92;1 989.59;;2023.11.03 15:23:27;1 989.59;-1.50;;-16.50;[sl]
2023.11.02 17:09:41;Sell;0.50;XAUUSD;1 981.08;1 981.35;;2023.11.02 17:09:48;1 981.35;-1.50;;-13.50;[sl]
2023.11.02 15:25:02;Buy;0.50;XAUUSD;1 989.90;1 989.75;;2023.11.02 15:25:10;1 989.75;-1.50;;-7.50;[sl]
2023.11.02 15:24:18;Buy;0.50;XAUUSD;1 990.10;1 989.73;;2023.11.02 15:24:21;1 989.73;-1.50;;-18.50;[sl]
2023.11.02 15:23:43;Buy;0.50;XAUUSD;1 990.65;1 990.32;;2023.11.02 15:23:51;1 990.32;-1.50;;-16.50;[sl]
2023.11.01 21:49:16;Sell;0.50;XAUUSD;1 971.02;1 971.38;;2023.11.01 21:49:17;1 971.38;-1.50;;-18.00;[sl]
2023.11.01 21:49:06;Sell;0.50;XAUUSD;1 970.83;1 971.00;;2023.11.01 21:49:09;1 971.00;-1.50;;-8.50;[sl]
2023.10.31 18:34:48;Sell;0.50;XAUUSD;1 994.91;1 994.14;;2023.10.31 18:35:35;1 994.14;-1.50;;38.50;[sl]
2023.10.31 18:10:15;Sell;0.50;XAUUSD;1 997.20;1 997.01;;2023.10.31 18:10:58;1 997.01;-1.50;;9.50;[sl]
2023.10.31 16:59:55;Buy;0.50;XAUUSD;2 002.76;2 002.49;;2023.10.31 16:59:58;2 002.49;-1.50;;-13.50;[sl]
2023.10.31 16:59:36;Sell;0.50;XAUUSD;2 002.66;2 002.81;;2023.10.31 16:59:40;2 002.81;-1.50;;-7.50;[sl]
2023.10.31 16:54:59;Buy;0.50;XAUUSD;2 001.73;2 001.89;;2023.10.31 16:55:24;2 001.89;-1.50;;8.00;[sl]
2023.10.31 16:54:50;Buy;0.50;XAUUSD;2 001.73;2 001.56;;2023.10.31 16:54:56;2 001.56;-1.50;;-8.50;[sl]
2023.10.31 16:54:40;Buy;0.50;XAUUSD;2 001.64;2 001.50;;2023.10.31 16:54:47;2 001.50;-1.50;;-7.00;[sl]
2023.10.31 16:53:56;Buy;0.50;XAUUSD;2 001.11;2 001.09;;2023.10.31 16:54:14;2 001.09;-1.50;;-1.00;[sl]
2023.10.31 16:53:44;Buy;0.50;XAUUSD;2 002.16;2 001.84;;2023.10.31 16:53:45;2 001.84;-1.50;;-16.00;[sl]
2023.10.30 17:39:28;Sell;0.50;XAUUSD;1 994.89;1 994.54;;2023.10.30 17:39:38;1 994.54;-1.50;;17.50;[sl]
2023.10.30 17:39:20;Sell;0.50;XAUUSD;1 994.84;1 994.40;;2023.10.30 17:39:25;1 994.40;-1.50;;22.00;[sl]
2023.10.30 16:54:52;Buy;0.50;XAUUSD;1 999.19;1 998.93;;2023.10.30 16:55:11;1 998.93;-1.50;;-13.00;[sl]
2023.10.30 16:54:27;Buy;0.50;XAUUSD;1 998.94;1 998.82;;2023.10.30 16:54:32;1 998.82;-1.50;;-6.00;[sl]
2023.10.30 15:34:41;Buy;0.50;XAUUSD;1 999.85;1 999.74;;2023.10.30 15:35:26;1 999.74;-1.50;;-5.50;[sl]
2023.10.30 15:34:26;Buy;0.50;XAUUSD;1 999.69;1 999.49;;2023.10.30 15:34:32;1 999.49;-1.50;;-10.00;[sl]
2023.10.30 15:33:59;Buy;0.50;XAUUSD;1 999.72;1 999.53;;2023.10.30 15:34:17;1 999.53;-1.50;;-9.50;[sl]
2023.10.30 15:33:44;Buy;0.50;XAUUSD;1 999.72;1 999.82;;2023.10.30 15:33:52;1 999.82;-1.50;;5.00;[sl]
2023.10.30 15:33:12;Buy;0.50;XAUUSD;1 999.87;1 999.79;;2023.10.30 15:33:23;1 999.79;-1.50;;-4.00;[sl]
2023.10.30 15:32:34;Buy;0.50;XAUUSD;1 999.84;1 999.77;;2023.10.30 15:33:06;1 999.77;-1.50;;-3.50;[sl]
2023.10.27 21:34:51;Sell;0.50;XAUUSD;2 004.98;2 004.78;;2023.10.27 21:35:00;2 004.78;-1.50;;10.00;[sl]
2023.10.27 21:13:01;Buy;0.50;XAUUSD;2 003.33;2 003.11;;2023.10.27 21:13:09;2 003.11;-1.50;;-11.00;[sl]
2023.10.27 17:49:52;Buy;0.50;XAUUSD;1 984.41;1 984.01;;2023.10.27 17:50:03;1 984.01;-1.50;;-20.00;[sl]
2023.10.27 16:52:27;Sell;0.50;XAUUSD;1 980.65;1 980.76;;2023.10.27 16:52:29;1 980.76;-1.50;;-5.50;[sl]
2023.10.27 16:51:51;Sell;0.50;XAUUSD;1 979.54;1 979.84;;2023.10.27 16:51:55;1 979.84;-1.50;;-15.00;[sl]
2023.10.27 15:54:46;Sell;0.50;XAUUSD;1 980.92;1 981.13;;2023.10.27 15:54:48;1 981.13;-1.50;;-10.50;[sl]
2023.10.27 15:54:24;Sell;0.50;XAUUSD;1 982.24;1 981.02;;2023.10.27 15:54:41;1 981.02;-1.50;;61.00;[sl]
2023.10.26 17:09:32;Sell;0.50;XAUUSD;1 976.18;1 974.81;;2023.10.26 17:11:03;1 974.81;-1.50;;68.50;[sl]
2023.10.26 15:49:44;Sell;0.50;XAUUSD;1 977.54;1 977.29;;2023.10.26 15:49:46;1 977.29;-1.50;;12.50;[sl]
2023.10.26 15:49:04;Sell;0.50;XAUUSD;1 977.96;1 977.21;;2023.10.26 15:49:36;1 977.21;-1.50;;37.50;[sl]
2023.10.26 15:48:40;Sell;0.50;XAUUSD;1 976.88;1 976.71;;2023.10.26 15:48:45;1 976.71;-1.50;;8.50;[sl]
2023.10.26 15:48:33;Sell;0.50;XAUUSD;1 976.90;1 977.02;;2023.10.26 15:48:35;1 977.02;-1.50;;-6.00;[sl]
2023.10.26 15:48:14;Sell;0.50;XAUUSD;1 976.37;1 976.71;;2023.10.26 15:48:16;1 976.71;-1.50;;-17.00;[sl]
2023.10.26 15:47:49;Sell;0.50;XAUUSD;1 976.25;1 976.09;;2023.10.26 15:48:01;1 976.09;-1.50;;8.00;[sl]
2023.10.25 20:24:42;Buy;0.50;XAUUSD;1 983.38;1 983.25;;2023.10.25 20:24:53;1 983.25;-1.50;;-6.50;[sl]
2023.10.25 18:34:34;Buy;0.50;XAUUSD;1 977.41;1 978.24;;2023.10.25 18:34:47;1 978.24;-1.50;;41.50;[sl]
2023.10.25 18:11:28;Buy;0.50;XAUUSD;1 974.88;1 976.30;;2023.10.25 18:11:58;1 976.30;-1.50;;71.00;[sl]
2023.10.25 18:11:07;Buy;0.50;XAUUSD;1 974.13;1 974.11;;2023.10.25 18:11:16;1 974.11;-1.50;;-1.00;[sl]
2023.10.25 17:14:21;Sell;0.50;XAUUSD;1 975.84;1 976.18;;2023.10.25 17:14:24;1 976.18;-1.50;;-17.00;[sl]
2023.10.25 17:07:28;Sell;0.50;XAUUSD;1 979.24;1 977.97;;2023.10.25 17:07:33;1 977.97;-1.50;;63.50;[sl]
2023.10.25 17:07:17;Sell;0.50;XAUUSD;1 979.32;1 979.44;;2023.10.25 17:07:24;1 979.44;-1.50;;-6.00;[sl]
2023.10.25 17:05:04;Sell;0.50;XAUUSD;1 982.66;1 982.51;;2023.10.25 17:05:29;1 982.51;-1.50;;7.50;[sl]
2023.10.25 17:04:09;Sell;0.50;XAUUSD;1 983.47;1 982.46;;2023.10.25 17:04:42;1 982.46;-1.50;;50.50;[sl]
2023.10.25 17:03:21;Sell;0.50;XAUUSD;1 983.19;1 983.23;;2023.10.25 17:03:34;1 983.23;-1.50;;-2.00;[sl]
2023.10.25 16:53:42;Buy;0.50;XAUUSD;1 985.73;1 986.57;;2023.10.25 16:53:57;1 986.57;-1.50;;42.00;[sl]
2023.10.25 16:53:14;Buy;0.50;XAUUSD;1 985.79;1 985.77;;2023.10.25 16:53:33;1 985.77;-1.50;;-1.00;[sl]
2023.10.25 16:49:19;Buy;0.50;XAUUSD;1 982.21;1 981.81;;2023.10.25 16:49:29;1 981.81;-1.50;;-20.00;[sl]
2023.10.25 16:49:02;Buy;0.50;XAUUSD;1 982.68;1 982.03;;2023.10.25 16:49:07;1 982.03;-1.50;;-32.50;[sl]
2023.10.25 16:48:55;Buy;0.50;XAUUSD;1 982.63;1 982.49;;2023.10.25 16:48:59;1 982.49;-1.50;;-7.00;[sl]
2023.10.25 16:48:51;Buy;0.50;XAUUSD;1 982.49;1 982.19;;2023.10.25 16:48:52;1 982.19;-1.50;;-15.00;[sl]
2023.10.25 10:30:07;Sell;0.50;XAUUSD;1 969.01;1 969.35;;2023.10.25 10:30:11;1 969.35;-1.50;;-17.00;[sl]
2023.09.22 18:16:20;Balance;;;;;;;;;;3 000.00;Deposit
